OrderID,Date,Month,Region,Country,SalesRep,Product,Category,Units,UnitPrice,Revenue,Cost,Profit
SO-2025-05732,2025-01-01,2025-01,Europe,France,Oliver Smith,Mechanical Keyboard,Accessories,5,104.0,520.0,310.0,210.0
SO-2025-04771,2025-01-01,2025-01,Europe,Germany,Emma Laurent,Mechanical Keyboard,Accessories,7,126.1,882.7,434.0,448.7
SO-2025-01045,2025-01-01,2025-01,Europe,Germany,Noah Muller,UltraWide Monitor 34,Hardware,1,589.0,589.0,410.0,179.0
SO-2025-05690,2025-01-01,2025-01,Europe,Germany,Oliver Smith,Wireless Mouse,Accessories,5,53.95,269.75,120.0,149.75
SO-2025-05901,2025-01-01,2025-01,North America,Canada,Ava Thompson,UltraWide Monitor 34,Hardware,2,496.0,992.0,820.0,172.0
SO-2025-01379,2025-01-01,2025-01,Europe,United Kingdom,Emma Laurent,Mechanical Keyboard,Accessories,7,128.7,900.9,434.0,466.9
SO-2025-01822,2025-01-01,2025-01,Europe,Spain,Oliver Smith,Laptop Air 13,Hardware,2,892.5,1785.0,1400.0,385.0
SO-2025-02833,2025-01-01,2025-01,Europe,Spain,Noah Muller,Analytics Add-on,Software,24,387.0,9288.0,1680.0,7608.0
SO-2025-04299,2025-01-01,2025-01,North America,Mexico,Liam Chen,Laptop Pro 15,Hardware,1,1319.5,1319.5,980.0,339.5
SO-2025-00791,2025-01-01,2025-01,APAC,Japan,Priya Nair,Laptop Air 13,Hardware,1,903.0,903.0,700.0,203.0
SO-2025-02434,2025-01-01,2025-01,Europe,Spain,Oliver Smith,Wireless Mouse,Accessories,1,57.85,57.85,24.0,33.85
SO-2025-05385,2025-01-01,2025-01,Europe,Spain,Emma Laurent,USB-C Dock,Accessories,5,171.0,855.0,440.0,415.0
SO-2025-00750,2025-01-01,2025-01,Europe,United Kingdom,Noah Muller,Wireless Mouse,Accessories,2,59.15,118.3,48.0,70.3
SO-2025-05498,2025-01-01,2025-01,Europe,France,Emma Laurent,Mechanical Keyboard,Accessories,6,106.6,639.6,372.0,267.6
SO-2025-05629,2025-01-01,2025-01,Europe,France,Emma Laurent,Mechanical Keyboard,Accessories,9,123.5,1111.5,558.0,553.5
SO-2025-05846,2025-01-01,2025-01,APAC,Australia,Priya Nair,USB-C Dock,Accessories,5,156.6,783.0,440.0,343.0
SO-2025-01580,2025-01-01,2025-01,Europe,Germany,Oliver Smith,CRM Suite (annual),Software,5,882.0,4410.0,700.0,3710.0
SO-2025-05432,2025-01-02,2025-01,North America,Mexico,Sofia Ramirez,USB-C Dock,Accessories,10,153.0,1530.0,880.0,650.0
SO-2025-02988,2025-01-02,2025-01,Europe,United Kingdom,Oliver Smith,Laptop Air 13,Hardware,4,913.5,3654.0,2800.0,854.0
SO-2025-05897,2025-01-02,2025-01,North America,Canada,Ava Thompson,CRM Suite (annual),Software,17,747.0,12699.0,2380.0,10319.0
SO-2025-04580,2025-01-02,2025-01,LATAM,Chile,Diego Fernandez,Noise-Cancel Headset,Accessories,2,204.0,408.0,236.0,172.0
SO-2025-04836,2025-01-02,2025-01,APAC,Japan,Chloe Wong,Analytics Add-on,Software,16,360.0,5760.0,1120.0,4640.0
SO-2025-05040,2025-01-02,2025-01,Europe,Germany,Noah Muller,Wireless Mouse,Accessories,4,62.4,249.6,96.0,153.6
SO-2025-04004,2025-01-02,2025-01,Europe,United Kingdom,Oliver Smith,Analytics Add-on,Software,2,441.0,882.0,140.0,742.0
SO-2025-02480,2025-01-02,2025-01,Europe,France,Emma Laurent,Laptop Air 13,Hardware,4,913.5,3654.0,2800.0,854.0
SO-2025-04735,2025-01-02,2025-01,APAC,Japan,Priya Nair,Laptop Air 13,Hardware,3,1008.0,3024.0,2100.0,924.0
SO-2025-03465,2025-01-02,2025-01,APAC,Australia,Haruto Sato,USB-C Dock,Accessories,1,176.4,176.4,88.0,88.4
SO-2025-03470,2025-01-02,2025-01,Europe,Germany,Noah Muller,USB-C Dock,Accessories,9,176.4,1587.6,792.0,795.6
SO-2025-00908,2025-01-02,2025-01,North America,Canada,Liam Chen,Analytics Add-on,Software,19,445.5,8464.5,1330.0,7134.5
SO-2025-03154,2025-01-02,2025-01,North America,Canada,Ava Thompson,Analytics Add-on,Software,22,360.0,7920.0,1540.0,6380.0
SO-2025-05752,2025-01-03,2025-01,North America,United States,Ava Thompson,Wireless Mouse,Accessories,10,53.95,539.5,240.0,299.5
SO-2025-00221,2025-01-03,2025-01,North America,Mexico,Liam Chen,Mechanical Keyboard,Accessories,10,128.7,1287.0,620.0,667.0
SO-2025-03490,2025-01-03,2025-01,LATAM,Argentina,Mateo Silva,Analytics Add-on,Software,4,369.0,1476.0,280.0,1196.0
SO-2025-02341,2025-01-03,2025-01,APAC,Japan,Priya Nair,USB-C Dock,Accessories,8,176.4,1411.2,704.0,707.2
SO-2025-03310,2025-01-03,2025-01,APAC,Singapore,Chloe Wong,UltraWide Monitor 34,Hardware,1,496.0,496.0,410.0,86.0
SO-2025-03744,2025-01-03,2025-01,APAC,Japan,Priya Nair,Laptop Pro 15,Hardware,2,1392.0,2784.0,1960.0,824.0
SO-2025-01166,2025-01-03,2025-01,APAC,Singapore,Chloe Wong,Wireless Mouse,Accessories,5,55.25,276.25,120.0,156.25
SO-2025-02466,2025-01-03,2025-01,APAC,India,Chloe Wong,Laptop Pro 15,Hardware,4,1377.5,5510.0,3920.0,1590.0
SO-2025-03350,2025-01-03,2025-01,Europe,Germany,Noah Muller,Wireless Mouse,Accessories,6,58.5,351.0,144.0,207.0
SO-2025-03347,2025-01-03,2025-01,North America,Canada,Ava Thompson,Noise-Cancel Headset,Accessories,6,228.0,1368.0,708.0,660.0
SO-2025-00036,2025-01-03,2025-01,Europe,France,Emma Laurent,UltraWide Monitor 34,Hardware,3,589.0,1767.0,1230.0,537.0
SO-2025-03963,2025-01-03,2025-01,North America,Canada,Ava Thompson,Analytics Add-on,Software,19,373.5,7096.5,1330.0,5766.5
SO-2025-04988,2025-01-04,2025-01,Europe,Germany,Noah Muller,UltraWide Monitor 34,Hardware,1,607.6,607.6,410.0,197.6
SO-2025-02150,2025-01-04,2025-01,APAC,India,Chloe Wong,Laptop Air 13,Hardware,1,997.5,997.5,700.0,297.5
SO-2025-00660,2025-01-04,2025-01,Europe,United Kingdom,Noah Muller,USB-C Dock,Accessories,7,156.6,1096.2,616.0,480.2
SO-2025-04974,2025-01-04,2025-01,North America,Canada,Liam Chen,CRM Suite (annual),Software,16,756.0,12096.0,2240.0,9856.0
SO-2025-04619,2025-01-04,2025-01,North America,Mexico,Ava Thompson,Wireless Mouse,Accessories,1,57.2,57.2,24.0,33.2
SO-2025-05257,2025-01-04,2025-01,LATAM,Argentina,Diego Fernandez,Security Suite,Software,24,602.0,14448.0,2640.0,11808.0
SO-2025-05787,2025-01-04,2025-01,North America,Canada,Liam Chen,Wireless Mouse,Accessories,7,63.05,441.35,168.0,273.35
SO-2025-04944,2025-01-04,2025-01,Europe,United Kingdom,Emma Laurent,Mechanical Keyboard,Accessories,6,107.9,647.4,372.0,275.4
SO-2025-04942,2025-01-04,2025-01,North America,Canada,Sofia Ramirez,Laptop Pro 15,Hardware,2,1421.0,2842.0,1960.0,882.0
SO-2025-05531,2025-01-04,2025-01,Europe,United Kingdom,Emma Laurent,Wireless Mouse,Accessories,2,59.15,118.3,48.0,70.3
SO-2025-02219,2025-01-04,2025-01,North America,Canada,Ava Thompson,Analytics Add-on,Software,22,423.0,9306.0,1540.0,7766.0
SO-2025-05935,2025-01-04,2025-01,North America,Mexico,Ava Thompson,Security Suite,Software,7,602.0,4214.0,770.0,3444.0
SO-2025-01004,2025-01-04,2025-01,North America,United States,Ava Thompson,Security Suite,Software,6,595.0,3570.0,660.0,2910.0
SO-2025-03943,2025-01-04,2025-01,North America,Mexico,Ava Thompson,Laptop Air 13,Hardware,3,850.5,2551.5,2100.0,451.5
SO-2025-02388,2025-01-04,2025-01,North America,United States,Liam Chen,CRM Suite (annual),Software,2,855.0,1710.0,280.0,1430.0
SO-2025-00274,2025-01-04,2025-01,Europe,Germany,Emma Laurent,CRM Suite (annual),Software,23,765.0,17595.0,3220.0,14375.0
SO-2025-02907,2025-01-04,2025-01,APAC,India,Priya Nair,Wireless Mouse,Accessories,3,58.5,175.5,72.0,103.5
SO-2025-01745,2025-01-04,2025-01,Europe,United Kingdom,Oliver Smith,USB-C Dock,Accessories,4,156.6,626.4,352.0,274.4
SO-2025-01126,2025-01-04,2025-01,APAC,Australia,Priya Nair,Noise-Cancel Headset,Accessories,8,216.0,1728.0,944.0,784.0
SO-2025-01799,2025-01-04,2025-01,North America,Canada,Sofia Ramirez,Wireless Mouse,Accessories,8,52.0,416.0,192.0,224.0
SO-2025-01558,2025-01-04,2025-01,Europe,France,Oliver Smith,Security Suite,Software,22,665.0,14630.0,2420.0,12210.0
SO-2025-00821,2025-01-04,2025-01,APAC,Singapore,Priya Nair,Laptop Air 13,Hardware,1,1039.5,1039.5,700.0,339.5
SO-2025-02319,2025-01-04,2025-01,North America,Canada,Ava Thompson,Laptop Air 13,Hardware,2,966.0,1932.0,1400.0,532.0
SO-2025-04803,2025-01-05,2025-01,North America,Mexico,Sofia Ramirez,Noise-Cancel Headset,Accessories,2,199.2,398.4,236.0,162.4
SO-2025-02140,2025-01-05,2025-01,LATAM,Argentina,Camila Rojas,Noise-Cancel Headset,Accessories,9,208.8,1879.2,1062.0,817.2
SO-2025-00958,2025-01-05,2025-01,Europe,France,Oliver Smith,Mechanical Keyboard,Accessories,7,122.2,855.4,434.0,421.4
SO-2025-03952,2025-01-05,2025-01,North America,United States,Ava Thompson,Security Suite,Software,10,693.0,6930.0,1100.0,5830.0
SO-2025-05599,2025-01-05,2025-01,APAC,Singapore,Haruto Sato,Analytics Add-on,Software,15,364.5,5467.5,1050.0,4417.5
SO-2025-05423,2025-01-05,2025-01,Europe,France,Emma Laurent,USB-C Dock,Accessories,9,163.8,1474.2,792.0,682.2
SO-2025-04885,2025-01-05,2025-01,Europe,Spain,Noah Muller,Mechanical Keyboard,Accessories,5,115.7,578.5,310.0,268.5
SO-2025-02772,2025-01-05,2025-01,North America,Mexico,Liam Chen,UltraWide Monitor 34,Hardware,1,508.4,508.4,410.0,98.4
SO-2025-04338,2025-01-05,2025-01,APAC,Japan,Haruto Sato,Noise-Cancel Headset,Accessories,8,194.4,1555.2,944.0,611.2
SO-2025-04181,2025-01-05,2025-01,North America,United States,Sofia Ramirez,UltraWide Monitor 34,Hardware,2,520.8,1041.6,820.0,221.6
SO-2025-03547,2025-01-05,2025-01,Europe,Spain,Emma Laurent,Laptop Pro 15,Hardware,3,1348.5,4045.5,2940.0,1105.5
SO-2025-05127,2025-01-06,2025-01,North America,United States,Ava Thompson,Security Suite,Software,6,644.0,3864.0,660.0,3204.0
SO-2025-00316,2025-01-06,2025-01,North America,Canada,Sofia Ramirez,Analytics Add-on,Software,19,360.0,6840.0,1330.0,5510.0
SO-2025-01277,2025-01-06,2025-01,APAC,Singapore,Chloe Wong,Noise-Cancel Headset,Accessories,2,232.8,465.6,236.0,229.6
SO-2025-03239,2025-01-06,2025-01,APAC,Japan,Chloe Wong,Noise-Cancel Headset,Accessories,7,213.6,1495.2,826.0,669.2
SO-2025-03856,2025-01-06,2025-01,North America,Mexico,Sofia Ramirez,Security Suite,Software,6,686.0,4116.0,660.0,3456.0
SO-2025-02830,2025-01-06,2025-01,North America,Mexico,Sofia Ramirez,Wireless Mouse,Accessories,5,59.15,295.75,120.0,175.75
SO-2025-00734,2025-01-06,2025-01,North America,Canada,Sofia Ramirez,Wireless Mouse,Accessories,8,54.6,436.8,192.0,244.8
SO-2025-01373,2025-01-06,2025-01,APAC,Singapore,Haruto Sato,Mechanical Keyboard,Accessories,2,124.8,249.6,124.0,125.6
SO-2025-05863,2025-01-06,2025-01,Europe,France,Emma Laurent,Wireless Mouse,Accessories,5,59.15,295.75,120.0,175.75
SO-2025-01488,2025-01-06,2025-01,North America,Canada,Liam Chen,Analytics Add-on,Software,5,427.5,2137.5,350.0,1787.5
SO-2025-04954,2025-01-06,2025-01,North America,United States,Ava Thompson,Wireless Mouse,Accessories,10,60.45,604.5,240.0,364.5
SO-2025-04043,2025-01-07,2025-01,Europe,Spain,Noah Muller,Laptop Air 13,Hardware,3,1039.5,3118.5,2100.0,1018.5
SO-2025-05088,2025-01-07,2025-01,North America,Canada,Ava Thompson,Noise-Cancel Headset,Accessories,6,216.0,1296.0,708.0,588.0
SO-2025-02016,2025-01-07,2025-01,Europe,France,Noah Muller,Wireless Mouse,Accessories,6,54.6,327.6,144.0,183.6
SO-2025-03899,2025-01-07,2025-01,North America,Mexico,Ava Thompson,USB-C Dock,Accessories,1,163.8,163.8,88.0,75.8
SO-2025-03691,2025-01-07,2025-01,LATAM,Brazil,Camila Rojas,Analytics Add-on,Software,7,427.5,2992.5,490.0,2502.5
SO-2025-00003,2025-01-07,2025-01,APAC,Singapore,Haruto Sato,Wireless Mouse,Accessories,5,54.6,273.0,120.0,153.0
SO-2025-02059,2025-01-08,2025-01,North America,Canada,Ava Thompson,Wireless Mouse,Accessories,7,64.35,450.45,168.0,282.45
SO-2025-04016,2025-01-08,2025-01,North America,Mexico,Sofia Ramirez,Laptop Pro 15,Hardware,2,1261.5,2523.0,1960.0,563.0
SO-2025-02634,2025-01-08,2025-01,Europe,Spain,Oliver Smith,CRM Suite (annual),Software,22,756.0,16632.0,3080.0,13552.0
SO-2025-03830,2025-01-08,2025-01,North America,Mexico,Liam Chen,CRM Suite (annual),Software,24,765.0,18360.0,3360.0,15000.0
SO-2025-04482,2025-01-08,2025-01,Europe,United Kingdom,Emma Laurent,Laptop Pro 15,Hardware,1,1247.0,1247.0,980.0,267.0
SO-2025-02491,2025-01-08,2025-01,Europe,United Kingdom,Noah Muller,Laptop Pro 15,Hardware,4,1363.0,5452.0,3920.0,1532.0
SO-2025-02730,2025-01-08,2025-01,North America,Mexico,Sofia Ramirez,Noise-Cancel Headset,Accessories,8,201.6,1612.8,944.0,668.8
SO-2025-03108,2025-01-08,2025-01,LATAM,Brazil,Diego Fernandez,Wireless Mouse,Accessories,9,61.1,549.9,216.0,333.9
SO-2025-05208,2025-01-08,2025-01,LATAM,Chile,Camila Rojas,Noise-Cancel Headset,Accessories,2,225.6,451.2,236.0,215.2
SO-2025-05534,2025-01-08,2025-01,LATAM,Argentina,Diego Fernandez,Wireless Mouse,Accessories,7,61.75,432.25,168.0,264.25
SO-2025-00594,2025-01-08,2025-01,North America,Mexico,Ava Thompson,CRM Suite (annual),Software,13,792.0,10296.0,1820.0,8476.0
SO-2025-02011,2025-01-08,2025-01,LATAM,Argentina,Camila Rojas,Wireless Mouse,Accessories,8,60.45,483.6,192.0,291.6
SO-2025-02889,2025-01-08,2025-01,Europe,Spain,Noah Muller,Wireless Mouse,Accessories,9,55.9,503.1,216.0,287.1
SO-2025-00709,2025-01-08,2025-01,Europe,Spain,Oliver Smith,Laptop Pro 15,Hardware,4,1305.0,5220.0,3920.0,1300.0
SO-2025-02185,2025-01-08,2025-01,North America,Mexico,Ava Thompson,Analytics Add-on,Software,15,378.0,5670.0,1050.0,4620.0
SO-2025-00077,2025-01-08,2025-01,North America,United States,Sofia Ramirez,Laptop Air 13,Hardware,2,955.5,1911.0,1400.0,511.0
SO-2025-02340,2025-01-09,2025-01,Europe,Spain,Noah Muller,Mechanical Keyboard,Accessories,6,113.1,678.6,372.0,306.6
SO-2025-03114,2025-01-09,2025-01,North America,Mexico,Ava Thompson,CRM Suite (annual),Software,15,765.0,11475.0,2100.0,9375.0
SO-2025-05698,2025-01-09,2025-01,North America,Canada,Liam Chen,Analytics Add-on,Software,25,445.5,11137.5,1750.0,9387.5
SO-2025-04740,2025-01-09,2025-01,North America,Mexico,Liam Chen,Wireless Mouse,Accessories,2,52.0,104.0,48.0,56.0
SO-2025-03828,2025-01-09,2025-01,North America,Canada,Sofia Ramirez,Analytics Add-on,Software,19,378.0,7182.0,1330.0,5852.0
SO-2025-03342,2025-01-09,2025-01,North America,Mexico,Sofia Ramirez,UltraWide Monitor 34,Hardware,1,589.0,589.0,410.0,179.0
SO-2025-04835,2025-01-09,2025-01,LATAM,Brazil,Camila Rojas,Analytics Add-on,Software,8,373.5,2988.0,560.0,2428.0
SO-2025-00814,2025-01-09,2025-01,North America,Canada,Ava Thompson,CRM Suite (annual),Software,18,873.0,15714.0,2520.0,13194.0
SO-2025-00565,2025-01-09,2025-01,Europe,Spain,Oliver Smith,Analytics Add-on,Software,12,414.0,4968.0,840.0,4128.0
SO-2025-03814,2025-01-09,2025-01,North America,Canada,Ava Thompson,Laptop Pro 15,Hardware,2,1261.5,2523.0,1960.0,563.0
SO-2025-05285,2025-01-09,2025-01,Europe,United Kingdom,Noah Muller,USB-C Dock,Accessories,8,178.2,1425.6,704.0,721.6
SO-2025-01913,2025-01-09,2025-01,LATAM,Argentina,Camila Rojas,Wireless Mouse,Accessories,10,52.65,526.5,240.0,286.5
SO-2025-04991,2025-01-09,2025-01,North America,Canada,Sofia Ramirez,Laptop Air 13,Hardware,3,1008.0,3024.0,2100.0,924.0
SO-2025-03487,2025-01-10,2025-01,Europe,Germany,Emma Laurent,USB-C Dock,Accessories,2,174.6,349.2,176.0,173.2
SO-2025-03335,2025-01-10,2025-01,APAC,India,Haruto Sato,Analytics Add-on,Software,1,360.0,360.0,70.0,290.0
SO-2025-04114,2025-01-10,2025-01,Europe,France,Emma Laurent,CRM Suite (annual),Software,18,738.0,13284.0,2520.0,10764.0
SO-2025-05960,2025-01-10,2025-01,North America,United States,Liam Chen,USB-C Dock,Accessories,7,165.6,1159.2,616.0,543.2
SO-2025-05491,2025-01-10,2025-01,North America,Canada,Liam Chen,Analytics Add-on,Software,19,405.0,7695.0,1330.0,6365.0
SO-2025-02740,2025-01-10,2025-01,Europe,France,Emma Laurent,Wireless Mouse,Accessories,5,59.15,295.75,120.0,175.75
SO-2025-04538,2025-01-10,2025-01,North America,United States,Ava Thompson,Wireless Mouse,Accessories,8,59.8,478.4,192.0,286.4
SO-2025-02882,2025-01-10,2025-01,LATAM,Argentina,Mateo Silva,UltraWide Monitor 34,Hardware,4,527.0,2108.0,1640.0,468.0
SO-2025-01382,2025-01-10,2025-01,APAC,Singapore,Priya Nair,Analytics Add-on,Software,4,373.5,1494.0,280.0,1214.0
SO-2025-01877,2025-01-10,2025-01,Europe,France,Oliver Smith,Mechanical Keyboard,Accessories,10,118.3,1183.0,620.0,563.0
SO-2025-03650,2025-01-10,2025-01,Europe,France,Noah Muller,Security Suite,Software,23,630.0,14490.0,2530.0,11960.0
SO-2025-00089,2025-01-10,2025-01,North America,Mexico,Ava Thompson,Mechanical Keyboard,Accessories,10,120.9,1209.0,620.0,589.0
SO-2025-02021,2025-01-10,2025-01,North America,United States,Ava Thompson,Wireless Mouse,Accessories,4,59.8,239.2,96.0,143.2
SO-2025-01611,2025-01-10,2025-01,Europe,France,Emma Laurent,Noise-Cancel Headset,Accessories,7,232.8,1629.6,826.0,803.6
SO-2025-01802,2025-01-10,2025-01,Europe,France,Oliver Smith,Laptop Pro 15,Hardware,4,1232.5,4930.0,3920.0,1010.0
SO-2025-03749,2025-01-11,2025-01,APAC,Singapore,Chloe Wong,Analytics Add-on,Software,10,396.0,3960.0,700.0,3260.0
SO-2025-00043,2025-01-11,2025-01,APAC,India,Haruto Sato,CRM Suite (annual),Software,18,774.0,13932.0,2520.0,11412.0
SO-2025-01114,2025-01-11,2025-01,APAC,Singapore,Priya Nair,Laptop Air 13,Hardware,1,1018.5,1018.5,700.0,318.5
SO-2025-03188,2025-01-11,2025-01,Europe,Germany,Oliver Smith,UltraWide Monitor 34,Hardware,1,508.4,508.4,410.0,98.4
SO-2025-03681,2025-01-11,2025-01,Europe,France,Noah Muller,Laptop Pro 15,Hardware,2,1189.0,2378.0,1960.0,418.0
SO-2025-05697,2025-01-11,2025-01,North America,Mexico,Liam Chen,Mechanical Keyboard,Accessories,6,118.3,709.8,372.0,337.8
SO-2025-02076,2025-01-11,2025-01,APAC,Japan,Haruto Sato,Analytics Add-on,Software,20,405.0,8100.0,1400.0,6700.0
SO-2025-01621,2025-01-11,2025-01,North America,United States,Sofia Ramirez,Laptop Air 13,Hardware,1,934.5,934.5,700.0,234.5
SO-2025-05607,2025-01-11,2025-01,North America,Mexico,Liam Chen,Security Suite,Software,12,574.0,6888.0,1320.0,5568.0
SO-2025-00175,2025-01-11,2025-01,North America,Mexico,Liam Chen,Analytics Add-on,Software,12,441.0,5292.0,840.0,4452.0
SO-2025-02472,2025-01-11,2025-01,North America,Canada,Sofia Ramirez,Noise-Cancel Headset,Accessories,7,230.4,1612.8,826.0,786.8
SO-2025-00777,2025-01-11,2025-01,Europe,United Kingdom,Emma Laurent,Wireless Mouse,Accessories,8,57.85,462.8,192.0,270.8
SO-2025-05860,2025-01-12,2025-01,Europe,France,Emma Laurent,Analytics Add-on,Software,12,414.0,4968.0,840.0,4128.0
SO-2025-04136,2025-01-12,2025-01,Europe,Spain,Noah Muller,CRM Suite (annual),Software,21,855.0,17955.0,2940.0,15015.0
SO-2025-05916,2025-01-12,2025-01,Europe,Germany,Emma Laurent,Laptop Air 13,Hardware,2,850.5,1701.0,1400.0,301.0
SO-2025-01312,2025-01-12,2025-01,APAC,Singapore,Chloe Wong,Laptop Air 13,Hardware,4,892.5,3570.0,2800.0,770.0
SO-2025-00182,2025-01-12,2025-01,APAC,Japan,Chloe Wong,Analytics Add-on,Software,3,396.0,1188.0,210.0,978.0
SO-2025-02665,2025-01-12,2025-01,Europe,Spain,Oliver Smith,CRM Suite (annual),Software,3,792.0,2376.0,420.0,1956.0
SO-2025-03524,2025-01-12,2025-01,Europe,Germany,Oliver Smith,CRM Suite (annual),Software,12,837.0,10044.0,1680.0,8364.0
SO-2025-05157,2025-01-12,2025-01,North America,Canada,Sofia Ramirez,Laptop Pro 15,Hardware,2,1305.0,2610.0,1960.0,650.0
SO-2025-01574,2025-01-12,2025-01,APAC,India,Chloe Wong,Wireless Mouse,Accessories,10,57.85,578.5,240.0,338.5
SO-2025-01270,2025-01-12,2025-01,Europe,France,Emma Laurent,Laptop Pro 15,Hardware,3,1247.0,3741.0,2940.0,801.0
SO-2025-01143,2025-01-12,2025-01,Europe,Germany,Noah Muller,Mechanical Keyboard,Accessories,1,123.5,123.5,62.0,61.5
SO-2025-01018,2025-01-12,2025-01,North America,Mexico,Liam Chen,Laptop Air 13,Hardware,1,955.5,955.5,700.0,255.5
SO-2025-02783,2025-01-12,2025-01,LATAM,Brazil,Mateo Silva,Noise-Cancel Headset,Accessories,9,240.0,2160.0,1062.0,1098.0
SO-2025-02178,2025-01-12,2025-01,Europe,France,Noah Muller,Wireless Mouse,Accessories,7,59.15,414.05,168.0,246.05
SO-2025-02188,2025-01-12,2025-01,LATAM,Chile,Diego Fernandez,Laptop Pro 15,Hardware,3,1363.0,4089.0,2940.0,1149.0
SO-2025-02576,2025-01-12,2025-01,APAC,Australia,Priya Nair,UltraWide Monitor 34,Hardware,2,570.4,1140.8,820.0,320.8
SO-2025-02075,2025-01-12,2025-01,North America,Mexico,Liam Chen,Noise-Cancel Headset,Accessories,7,204.0,1428.0,826.0,602.0
SO-2025-05623,2025-01-12,2025-01,North America,Canada,Ava Thompson,Wireless Mouse,Accessories,5,53.3,266.5,120.0,146.5
SO-2025-00195,2025-01-12,2025-01,Europe,Germany,Emma Laurent,Noise-Cancel Headset,Accessories,8,228.0,1824.0,944.0,880.0
SO-2025-02716,2025-01-13,2025-01,North America,Mexico,Ava Thompson,Laptop Pro 15,Hardware,2,1377.5,2755.0,1960.0,795.0
SO-2025-04971,2025-01-13,2025-01,North America,Canada,Liam Chen,USB-C Dock,Accessories,9,160.2,1441.8,792.0,649.8
SO-2025-00840,2025-01-13,2025-01,North America,Mexico,Ava Thompson,Mechanical Keyboard,Accessories,3,113.1,339.3,186.0,153.3
SO-2025-02693,2025-01-13,2025-01,Europe,Spain,Noah Muller,Analytics Add-on,Software,25,409.5,10237.5,1750.0,8487.5
SO-2025-00690,2025-01-13,2025-01,Europe,France,Noah Muller,Laptop Pro 15,Hardware,4,1377.5,5510.0,3920.0,1590.0
SO-2025-04935,2025-01-13,2025-01,Europe,Germany,Emma Laurent,Wireless Mouse,Accessories,10,64.35,643.5,240.0,403.5
SO-2025-03199,2025-01-13,2025-01,North America,Mexico,Ava Thompson,Noise-Cancel Headset,Accessories,2,223.2,446.4,236.0,210.4
SO-2025-00032,2025-01-13,2025-01,North America,Canada,Liam Chen,Wireless Mouse,Accessories,9,56.55,508.95,216.0,292.95
SO-2025-01818,2025-01-13,2025-01,North America,Canada,Sofia Ramirez,Laptop Pro 15,Hardware,2,1261.5,2523.0,1960.0,563.0
SO-2025-03015,2025-01-13,2025-01,Europe,United Kingdom,Oliver Smith,Security Suite,Software,6,595.0,3570.0,660.0,2910.0
SO-2025-05303,2025-01-13,2025-01,North America,Mexico,Sofia Ramirez,Security Suite,Software,11,672.0,7392.0,1210.0,6182.0
SO-2025-02864,2025-01-13,2025-01,APAC,Singapore,Priya Nair,Security Suite,Software,13,567.0,7371.0,1430.0,5941.0
SO-2025-04244,2025-01-14,2025-01,North America,United States,Ava Thompson,Mechanical Keyboard,Accessories,1,109.2,109.2,62.0,47.2
SO-2025-04101,2025-01-14,2025-01,North America,Canada,Liam Chen,Laptop Pro 15,Hardware,4,1305.0,5220.0,3920.0,1300.0
SO-2025-00205,2025-01-14,2025-01,Europe,Spain,Noah Muller,Laptop Air 13,Hardware,4,924.0,3696.0,2800.0,896.0
SO-2025-01460,2025-01-14,2025-01,North America,Canada,Ava Thompson,Laptop Air 13,Hardware,3,861.0,2583.0,2100.0,483.0
SO-2025-05892,2025-01-14,2025-01,APAC,Japan,Priya Nair,Mechanical Keyboard,Accessories,2,118.3,236.6,124.0,112.6
SO-2025-03806,2025-01-14,2025-01,North America,United States,Liam Chen,Laptop Air 13,Hardware,3,934.5,2803.5,2100.0,703.5
SO-2025-02063,2025-01-14,2025-01,North America,Mexico,Ava Thompson,Security Suite,Software,1,686.0,686.0,110.0,576.0
SO-2025-03890,2025-01-14,2025-01,APAC,Australia,Haruto Sato,USB-C Dock,Accessories,2,154.8,309.6,176.0,133.6
SO-2025-03011,2025-01-15,2025-01,Europe,Germany,Oliver Smith,Analytics Add-on,Software,1,378.0,378.0,70.0,308.0
SO-2025-04132,2025-01-15,2025-01,Europe,United Kingdom,Emma Laurent,Analytics Add-on,Software,2,423.0,846.0,140.0,706.0
SO-2025-05149,2025-01-15,2025-01,Europe,Spain,Noah Muller,USB-C Dock,Accessories,3,171.0,513.0,264.0,249.0
SO-2025-00836,2025-01-15,2025-01,Europe,Germany,Oliver Smith,Wireless Mouse,Accessories,6,56.55,339.3,144.0,195.3
SO-2025-02512,2025-01-15,2025-01,North America,Canada,Ava Thompson,UltraWide Monitor 34,Hardware,1,595.2,595.2,410.0,185.2
SO-2025-00281,2025-01-15,2025-01,Europe,France,Oliver Smith,Laptop Pro 15,Hardware,3,1218.0,3654.0,2940.0,714.0
SO-2025-04683,2025-01-15,2025-01,Europe,United Kingdom,Emma Laurent,Analytics Add-on,Software,20,369.0,7380.0,1400.0,5980.0
SO-2025-00049,2025-01-16,2025-01,North America,Canada,Liam Chen,Mechanical Keyboard,Accessories,4,124.8,499.2,248.0,251.2
SO-2025-00499,2025-01-16,2025-01,LATAM,Chile,Camila Rojas,Mechanical Keyboard,Accessories,1,130.0,130.0,62.0,68.0
SO-2025-02927,2025-01-16,2025-01,Europe,Spain,Emma Laurent,CRM Suite (annual),Software,12,855.0,10260.0,1680.0,8580.0
SO-2025-03756,2025-01-16,2025-01,North America,United States,Ava Thompson,USB-C Dock,Accessories,5,169.2,846.0,440.0,406.0
SO-2025-00096,2025-01-16,2025-01,North America,Mexico,Sofia Ramirez,Laptop Pro 15,Hardware,2,1218.0,2436.0,1960.0,476.0
SO-2025-03893,2025-01-16,2025-01,LATAM,Argentina,Camila Rojas,USB-C Dock,Accessories,1,147.6,147.6,88.0,59.6
SO-2025-02746,2025-01-16,2025-01,Europe,Germany,Oliver Smith,Laptop Pro 15,Hardware,2,1305.0,2610.0,1960.0,650.0
SO-2025-03803,2025-01-16,2025-01,APAC,Singapore,Priya Nair,Wireless Mouse,Accessories,8,64.35,514.8,192.0,322.8
SO-2025-03977,2025-01-16,2025-01,LATAM,Argentina,Mateo Silva,Laptop Pro 15,Hardware,1,1421.0,1421.0,980.0,441.0
SO-2025-03915,2025-01-16,2025-01,APAC,Japan,Chloe Wong,Laptop Air 13,Hardware,2,882.0,1764.0,1400.0,364.0
SO-2025-05712,2025-01-16,2025-01,Europe,United Kingdom,Oliver Smith,Analytics Add-on,Software,15,418.5,6277.5,1050.0,5227.5
SO-2025-02027,2025-01-16,2025-01,North America,Mexico,Liam Chen,Wireless Mouse,Accessories,7,64.35,450.45,168.0,282.45
SO-2025-04809,2025-01-17,2025-01,Europe,Spain,Emma Laurent,Noise-Cancel Headset,Accessories,9,206.4,1857.6,1062.0,795.6
SO-2025-04517,2025-01-17,2025-01,APAC,Japan,Chloe Wong,UltraWide Monitor 34,Hardware,1,508.4,508.4,410.0,98.4
SO-2025-01556,2025-01-17,2025-01,APAC,Australia,Haruto Sato,Wireless Mouse,Accessories,2,64.35,128.7,48.0,80.7
SO-2025-02259,2025-01-17,2025-01,APAC,India,Chloe Wong,UltraWide Monitor 34,Hardware,1,607.6,607.6,410.0,197.6
SO-2025-04087,2025-01-17,2025-01,Europe,Spain,Oliver Smith,Laptop Air 13,Hardware,2,1008.0,2016.0,1400.0,616.0
SO-2025-05967,2025-01-17,2025-01,North America,Mexico,Sofia Ramirez,Laptop Pro 15,Hardware,2,1406.5,2813.0,1960.0,853.0
SO-2025-03127,2025-01-17,2025-01,Europe,United Kingdom,Emma Laurent,Laptop Air 13,Hardware,3,987.0,2961.0,2100.0,861.0
SO-2025-00206,2025-01-17,2025-01,Europe,Germany,Emma Laurent,Wireless Mouse,Accessories,10,60.45,604.5,240.0,364.5
SO-2025-03313,2025-01-17,2025-01,Europe,Spain,Emma Laurent,Security Suite,Software,13,574.0,7462.0,1430.0,6032.0
SO-2025-04524,2025-01-17,2025-01,North America,Canada,Sofia Ramirez,CRM Suite (annual),Software,20,837.0,16740.0,2800.0,13940.0
SO-2025-04145,2025-01-17,2025-01,North America,Canada,Ava Thompson,Analytics Add-on,Software,15,423.0,6345.0,1050.0,5295.0
SO-2025-05561,2025-01-17,2025-01,APAC,Japan,Haruto Sato,Laptop Air 13,Hardware,1,955.5,955.5,700.0,255.5
SO-2025-05659,2025-01-17,2025-01,North America,United States,Sofia Ramirez,Mechanical Keyboard,Accessories,10,130.0,1300.0,620.0,680.0
SO-2025-03263,2025-01-17,2025-01,APAC,Japan,Haruto Sato,Laptop Air 13,Hardware,4,850.5,3402.0,2800.0,602.0
SO-2025-02232,2025-01-18,2025-01,North America,Mexico,Ava Thompson,Laptop Air 13,Hardware,3,976.5,2929.5,2100.0,829.5
SO-2025-04830,2025-01-18,2025-01,APAC,Japan,Priya Nair,Security Suite,Software,18,672.0,12096.0,1980.0,10116.0
SO-2025-05036,2025-01-18,2025-01,North America,United States,Liam Chen,USB-C Dock,Accessories,2,145.8,291.6,176.0,115.6
SO-2025-05705,2025-01-18,2025-01,North America,Canada,Ava Thompson,Laptop Pro 15,Hardware,1,1377.5,1377.5,980.0,397.5
SO-2025-01823,2025-01-18,2025-01,North America,Mexico,Liam Chen,Security Suite,Software,21,644.0,13524.0,2310.0,11214.0
SO-2025-05427,2025-01-18,2025-01,North America,Mexico,Ava Thompson,Security Suite,Software,14,588.0,8232.0,1540.0,6692.0
SO-2025-01792,2025-01-18,2025-01,APAC,Japan,Priya Nair,Security Suite,Software,4,651.0,2604.0,440.0,2164.0
SO-2025-00516,2025-01-18,2025-01,North America,United States,Sofia Ramirez,Security Suite,Software,21,658.0,13818.0,2310.0,11508.0
SO-2025-00737,2025-01-19,2025-01,APAC,India,Haruto Sato,Security Suite,Software,9,581.0,5229.0,990.0,4239.0
SO-2025-05535,2025-01-19,2025-01,North America,Mexico,Sofia Ramirez,Security Suite,Software,10,581.0,5810.0,1100.0,4710.0
SO-2025-00268,2025-01-19,2025-01,Europe,France,Emma Laurent,Wireless Mouse,Accessories,9,58.5,526.5,216.0,310.5
SO-2025-05992,2025-01-19,2025-01,Europe,Germany,Oliver Smith,Wireless Mouse,Accessories,1,63.05,63.05,24.0,39.05
SO-2025-02957,2025-01-19,2025-01,APAC,Australia,Haruto Sato,Laptop Air 13,Hardware,3,892.5,2677.5,2100.0,577.5
SO-2025-05449,2025-01-19,2025-01,Europe,Spain,Noah Muller,Laptop Pro 15,Hardware,1,1174.5,1174.5,980.0,194.5
SO-2025-04777,2025-01-19,2025-01,North America,United States,Liam Chen,Noise-Cancel Headset,Accessories,2,206.4,412.8,236.0,176.8
SO-2025-05856,2025-01-19,2025-01,LATAM,Chile,Mateo Silva,CRM Suite (annual),Software,15,729.0,10935.0,2100.0,8835.0
SO-2025-02559,2025-01-19,2025-01,Europe,Spain,Noah Muller,Laptop Air 13,Hardware,1,1039.5,1039.5,700.0,339.5
SO-2025-03909,2025-01-19,2025-01,Europe,Germany,Oliver Smith,Analytics Add-on,Software,6,445.5,2673.0,420.0,2253.0
SO-2025-00034,2025-01-19,2025-01,Europe,Germany,Noah Muller,Security Suite,Software,3,581.0,1743.0,330.0,1413.0
SO-2025-04500,2025-01-19,2025-01,North America,United States,Sofia Ramirez,Analytics Add-on,Software,13,373.5,4855.5,910.0,3945.5
SO-2025-04649,2025-01-19,2025-01,APAC,Australia,Chloe Wong,Noise-Cancel Headset,Accessories,5,228.0,1140.0,590.0,550.0
SO-2025-01669,2025-01-19,2025-01,Europe,Germany,Emma Laurent,Analytics Add-on,Software,6,387.0,2322.0,420.0,1902.0
SO-2025-05720,2025-01-19,2025-01,Europe,France,Emma Laurent,CRM Suite (annual),Software,21,738.0,15498.0,2940.0,12558.0
SO-2025-03171,2025-01-20,2025-01,APAC,Singapore,Haruto Sato,UltraWide Monitor 34,Hardware,1,613.8,613.8,410.0,203.8
SO-2025-03750,2025-01-20,2025-01,APAC,India,Priya Nair,Wireless Mouse,Accessories,3,54.6,163.8,72.0,91.8
SO-2025-03116,2025-01-20,2025-01,APAC,Singapore,Haruto Sato,Laptop Air 13,Hardware,4,976.5,3906.0,2800.0,1106.0
SO-2025-04038,2025-01-20,2025-01,Europe,United Kingdom,Oliver Smith,Mechanical Keyboard,Accessories,9,118.3,1064.7,558.0,506.7
SO-2025-03043,2025-01-20,2025-01,North America,United States,Sofia Ramirez,CRM Suite (annual),Software,6,720.0,4320.0,840.0,3480.0
SO-2025-00419,2025-01-20,2025-01,Europe,France,Emma Laurent,Wireless Mouse,Accessories,9,58.5,526.5,216.0,310.5
SO-2025-00428,2025-01-20,2025-01,North America,Mexico,Liam Chen,Laptop Pro 15,Hardware,2,1218.0,2436.0,1960.0,476.0
SO-2025-03494,2025-01-20,2025-01,North America,Canada,Sofia Ramirez,CRM Suite (annual),Software,6,810.0,4860.0,840.0,4020.0
SO-2025-05023,2025-01-20,2025-01,Europe,France,Emma Laurent,Noise-Cancel Headset,Accessories,7,240.0,1680.0,826.0,854.0
SO-2025-01585,2025-01-20,2025-01,North America,Mexico,Liam Chen,Laptop Air 13,Hardware,1,987.0,987.0,700.0,287.0
SO-2025-04513,2025-01-20,2025-01,Europe,United Kingdom,Emma Laurent,UltraWide Monitor 34,Hardware,1,520.8,520.8,410.0,110.8
SO-2025-03070,2025-01-20,2025-01,LATAM,Chile,Mateo Silva,Laptop Pro 15,Hardware,2,1377.5,2755.0,1960.0,795.0
SO-2025-05969,2025-01-20,2025-01,North America,Canada,Liam Chen,Laptop Pro 15,Hardware,3,1421.0,4263.0,2940.0,1323.0
SO-2025-03150,2025-01-20,2025-01,North America,Mexico,Sofia Ramirez,Analytics Add-on,Software,5,391.5,1957.5,350.0,1607.5
SO-2025-01729,2025-01-21,2025-01,North America,United States,Ava Thompson,Wireless Mouse,Accessories,1,57.85,57.85,24.0,33.85
SO-2025-01909,2025-01-21,2025-01,North America,Canada,Ava Thompson,USB-C Dock,Accessories,5,180.0,900.0,440.0,460.0
SO-2025-00187,2025-01-21,2025-01,Europe,United Kingdom,Emma Laurent,Laptop Air 13,Hardware,4,987.0,3948.0,2800.0,1148.0
SO-2025-01442,2025-01-21,2025-01,North America,Mexico,Sofia Ramirez,USB-C Dock,Accessories,8,154.8,1238.4,704.0,534.4
SO-2025-03135,2025-01-21,2025-01,North America,United States,Ava Thompson,Laptop Pro 15,Hardware,3,1319.5,3958.5,2940.0,1018.5
SO-2025-05717,2025-01-21,2025-01,Europe,Germany,Noah Muller,Mechanical Keyboard,Accessories,8,105.3,842.4,496.0,346.4
SO-2025-03497,2025-01-21,2025-01,Europe,United Kingdom,Emma Laurent,UltraWide Monitor 34,Hardware,1,570.4,570.4,410.0,160.4
SO-2025-02246,2025-01-21,2025-01,North America,Mexico,Ava Thompson,Mechanical Keyboard,Accessories,5,106.6,533.0,310.0,223.0
SO-2025-01615,2025-01-21,2025-01,LATAM,Argentina,Camila Rojas,Analytics Add-on,Software,10,414.0,4140.0,700.0,3440.0
SO-2025-01237,2025-01-21,2025-01,Europe,Germany,Emma Laurent,Security Suite,Software,21,630.0,13230.0,2310.0,10920.0
SO-2025-02658,2025-01-21,2025-01,LATAM,Chile,Mateo Silva,Mechanical Keyboard,Accessories,10,105.3,1053.0,620.0,433.0
SO-2025-04824,2025-01-21,2025-01,Europe,Spain,Emma Laurent,Laptop Pro 15,Hardware,4,1348.5,5394.0,3920.0,1474.0
SO-2025-01034,2025-01-22,2025-01,APAC,India,Chloe Wong,Laptop Pro 15,Hardware,2,1247.0,2494.0,1960.0,534.0
SO-2025-02853,2025-01-22,2025-01,APAC,Singapore,Haruto Sato,Analytics Add-on,Software,2,409.5,819.0,140.0,679.0
SO-2025-01651,2025-01-22,2025-01,Europe,Spain,Emma Laurent,Laptop Pro 15,Hardware,4,1174.5,4698.0,3920.0,778.0
SO-2025-01037,2025-01-22,2025-01,LATAM,Brazil,Mateo Silva,UltraWide Monitor 34,Hardware,2,589.0,1178.0,820.0,358.0
SO-2025-01396,2025-01-22,2025-01,Europe,France,Emma Laurent,Laptop Air 13,Hardware,1,976.5,976.5,700.0,276.5
SO-2025-05815,2025-01-22,2025-01,North America,United States,Sofia Ramirez,Security Suite,Software,15,602.0,9030.0,1650.0,7380.0
SO-2025-00404,2025-01-22,2025-01,North America,Mexico,Sofia Ramirez,Mechanical Keyboard,Accessories,4,115.7,462.8,248.0,214.8
SO-2025-04970,2025-01-22,2025-01,Europe,France,Emma Laurent,Analytics Add-on,Software,24,441.0,10584.0,1680.0,8904.0
SO-2025-01852,2025-01-22,2025-01,North America,Canada,Liam Chen,Mechanical Keyboard,Accessories,9,107.9,971.1,558.0,413.1
SO-2025-04661,2025-01-22,2025-01,North America,United States,Ava Thompson,Security Suite,Software,17,581.0,9877.0,1870.0,8007.0
SO-2025-02144,2025-01-22,2025-01,North America,United States,Liam Chen,Mechanical Keyboard,Accessories,6,127.4,764.4,372.0,392.4
SO-2025-04714,2025-01-23,2025-01,Europe,France,Oliver Smith,Laptop Air 13,Hardware,1,861.0,861.0,700.0,161.0
SO-2025-01553,2025-01-23,2025-01,Europe,Spain,Noah Muller,UltraWide Monitor 34,Hardware,2,527.0,1054.0,820.0,234.0
SO-2025-05964,2025-01-23,2025-01,North America,Mexico,Ava Thompson,Noise-Cancel Headset,Accessories,5,220.8,1104.0,590.0,514.0
SO-2025-04192,2025-01-23,2025-01,North America,Canada,Ava Thompson,CRM Suite (annual),Software,5,837.0,4185.0,700.0,3485.0
SO-2025-02689,2025-01-23,2025-01,APAC,Japan,Haruto Sato,Laptop Pro 15,Hardware,2,1232.5,2465.0,1960.0,505.0
SO-2025-02878,2025-01-23,2025-01,Europe,France,Oliver Smith,CRM Suite (annual),Software,17,828.0,14076.0,2380.0,11696.0
SO-2025-01063,2025-01-23,2025-01,Europe,France,Oliver Smith,USB-C Dock,Accessories,8,180.0,1440.0,704.0,736.0
SO-2025-05343,2025-01-23,2025-01,North America,Canada,Sofia Ramirez,CRM Suite (annual),Software,6,855.0,5130.0,840.0,4290.0
SO-2025-02484,2025-01-23,2025-01,Europe,Germany,Emma Laurent,Analytics Add-on,Software,9,387.0,3483.0,630.0,2853.0
SO-2025-04845,2025-01-23,2025-01,North America,Mexico,Liam Chen,Security Suite,Software,12,644.0,7728.0,1320.0,6408.0
SO-2025-03297,2025-01-23,2025-01,North America,United States,Ava Thompson,UltraWide Monitor 34,Hardware,4,520.8,2083.2,1640.0,443.2
SO-2025-03513,2025-01-24,2025-01,North America,United States,Sofia Ramirez,UltraWide Monitor 34,Hardware,4,601.4,2405.6,1640.0,765.6
SO-2025-01230,2025-01-24,2025-01,North America,Canada,Ava Thompson,Security Suite,Software,14,602.0,8428.0,1540.0,6888.0
SO-2025-05340,2025-01-24,2025-01,North America,Mexico,Liam Chen,Noise-Cancel Headset,Accessories,10,237.6,2376.0,1180.0,1196.0
SO-2025-02023,2025-01-24,2025-01,Europe,United Kingdom,Noah Muller,Wireless Mouse,Accessories,3,53.3,159.9,72.0,87.9
SO-2025-01357,2025-01-24,2025-01,North America,Canada,Sofia Ramirez,Noise-Cancel Headset,Accessories,6,230.4,1382.4,708.0,674.4
SO-2025-04956,2025-01-24,2025-01,APAC,Singapore,Priya Nair,Wireless Mouse,Accessories,2,54.6,109.2,48.0,61.2
SO-2025-01446,2025-01-24,2025-01,North America,United States,Sofia Ramirez,Laptop Air 13,Hardware,4,987.0,3948.0,2800.0,1148.0
SO-2025-05836,2025-01-24,2025-01,Europe,Spain,Oliver Smith,Noise-Cancel Headset,Accessories,4,218.4,873.6,472.0,401.6
SO-2025-01537,2025-01-24,2025-01,North America,Canada,Ava Thompson,Analytics Add-on,Software,11,369.0,4059.0,770.0,3289.0
SO-2025-03570,2025-01-24,2025-01,North America,Mexico,Sofia Ramirez,Security Suite,Software,25,567.0,14175.0,2750.0,11425.0
SO-2025-05507,2025-01-24,2025-01,Europe,Spain,Noah Muller,Noise-Cancel Headset,Accessories,1,204.0,204.0,118.0,86.0
SO-2025-02948,2025-01-24,2025-01,Europe,France,Emma Laurent,Analytics Add-on,Software,1,436.5,436.5,70.0,366.5
SO-2025-01465,2025-01-25,2025-01,APAC,Australia,Chloe Wong,Noise-Cancel Headset,Accessories,7,206.4,1444.8,826.0,618.8
SO-2025-03770,2025-01-25,2025-01,Europe,France,Emma Laurent,CRM Suite (annual),Software,10,747.0,7470.0,1400.0,6070.0
SO-2025-05936,2025-01-25,2025-01,LATAM,Chile,Mateo Silva,Wireless Mouse,Accessories,6,52.0,312.0,144.0,168.0
SO-2025-04385,2025-01-25,2025-01,North America,United States,Liam Chen,Laptop Pro 15,Hardware,1,1334.0,1334.0,980.0,354.0
SO-2025-05593,2025-01-25,2025-01,North America,Canada,Liam Chen,CRM Suite (annual),Software,16,891.0,14256.0,2240.0,12016.0
SO-2025-03355,2025-01-25,2025-01,North America,Mexico,Sofia Ramirez,Laptop Pro 15,Hardware,4,1276.0,5104.0,3920.0,1184.0
SO-2025-02567,2025-01-25,2025-01,Europe,France,Noah Muller,Analytics Add-on,Software,18,445.5,8019.0,1260.0,6759.0
SO-2025-05571,2025-01-25,2025-01,Europe,France,Oliver Smith,Analytics Add-on,Software,22,400.5,8811.0,1540.0,7271.0
SO-2025-03632,2025-01-25,2025-01,Europe,France,Emma Laurent,Laptop Air 13,Hardware,4,1008.0,4032.0,2800.0,1232.0
SO-2025-05091,2025-01-25,2025-01,North America,Mexico,Ava Thompson,CRM Suite (annual),Software,10,747.0,7470.0,1400.0,6070.0
SO-2025-01356,2025-01-25,2025-01,Europe,United Kingdom,Oliver Smith,CRM Suite (annual),Software,3,801.0,2403.0,420.0,1983.0
SO-2025-01351,2025-01-26,2025-01,North America,Mexico,Sofia Ramirez,USB-C Dock,Accessories,6,174.6,1047.6,528.0,519.6
SO-2025-03149,2025-01-26,2025-01,Europe,Germany,Oliver Smith,Mechanical Keyboard,Accessories,4,119.6,478.4,248.0,230.4
SO-2025-00423,2025-01-26,2025-01,APAC,Japan,Priya Nair,USB-C Dock,Accessories,10,144.0,1440.0,880.0,560.0
SO-2025-01336,2025-01-26,2025-01,APAC,Australia,Haruto Sato,CRM Suite (annual),Software,19,792.0,15048.0,2660.0,12388.0
SO-2025-05963,2025-01-26,2025-01,Europe,United Kingdom,Emma Laurent,Laptop Air 13,Hardware,4,945.0,3780.0,2800.0,980.0
SO-2025-00130,2025-01-26,2025-01,Europe,France,Oliver Smith,USB-C Dock,Accessories,2,163.8,327.6,176.0,151.6
SO-2025-03821,2025-01-26,2025-01,APAC,Australia,Chloe Wong,UltraWide Monitor 34,Hardware,1,551.8,551.8,410.0,141.8
SO-2025-00004,2025-01-26,2025-01,North America,Canada,Liam Chen,UltraWide Monitor 34,Hardware,2,502.2,1004.4,820.0,184.4
SO-2025-01281,2025-01-26,2025-01,North America,Mexico,Liam Chen,Analytics Add-on,Software,3,432.0,1296.0,210.0,1086.0
SO-2025-04544,2025-01-26,2025-01,APAC,Japan,Haruto Sato,Wireless Mouse,Accessories,1,61.1,61.1,24.0,37.1
SO-2025-02893,2025-01-26,2025-01,North America,United States,Sofia Ramirez,CRM Suite (annual),Software,18,837.0,15066.0,2520.0,12546.0
SO-2025-00267,2025-01-27,2025-01,Europe,Spain,Noah Muller,Security Suite,Software,10,574.0,5740.0,1100.0,4640.0
SO-2025-01087,2025-01-27,2025-01,North America,United States,Ava Thompson,Analytics Add-on,Software,5,414.0,2070.0,350.0,1720.0
SO-2025-00605,2025-01-27,2025-01,North America,Canada,Ava Thompson,Wireless Mouse,Accessories,6,63.7,382.2,144.0,238.2
SO-2025-02207,2025-01-27,2025-01,LATAM,Argentina,Diego Fernandez,UltraWide Monitor 34,Hardware,1,539.4,539.4,410.0,129.4
SO-2025-00459,2025-01-27,2025-01,APAC,India,Priya Nair,Analytics Add-on,Software,23,387.0,8901.0,1610.0,7291.0
SO-2025-05965,2025-01-27,2025-01,APAC,Australia,Chloe Wong,UltraWide Monitor 34,Hardware,3,514.6,1543.8,1230.0,313.8
SO-2025-05517,2025-01-27,2025-01,APAC,India,Priya Nair,Analytics Add-on,Software,8,391.5,3132.0,560.0,2572.0
SO-2025-01304,2025-01-27,2025-01,Europe,Spain,Oliver Smith,CRM Suite (annual),Software,9,738.0,6642.0,1260.0,5382.0
SO-2025-04870,2025-01-27,2025-01,APAC,Australia,Chloe Wong,Security Suite,Software,16,588.0,9408.0,1760.0,7648.0
SO-2025-05210,2025-01-27,2025-01,North America,Mexico,Sofia Ramirez,Analytics Add-on,Software,22,441.0,9702.0,1540.0,8162.0
SO-2025-03087,2025-01-27,2025-01,North America,Canada,Sofia Ramirez,Laptop Pro 15,Hardware,3,1290.5,3871.5,2940.0,931.5
SO-2025-05439,2025-01-27,2025-01,North America,Mexico,Liam Chen,Laptop Pro 15,Hardware,2,1406.5,2813.0,1960.0,853.0
SO-2025-00502,2025-01-27,2025-01,North America,United States,Liam Chen,Mechanical Keyboard,Accessories,6,118.3,709.8,372.0,337.8
SO-2025-04216,2025-01-27,2025-01,APAC,Australia,Haruto Sato,CRM Suite (annual),Software,3,756.0,2268.0,420.0,1848.0
SO-2025-05504,2025-01-27,2025-01,Europe,Germany,Oliver Smith,Security Suite,Software,25,637.0,15925.0,2750.0,13175.0
SO-2025-03146,2025-01-27,2025-01,Europe,France,Noah Muller,UltraWide Monitor 34,Hardware,2,595.2,1190.4,820.0,370.4
SO-2025-03273,2025-01-28,2025-01,Europe,Germany,Noah Muller,Analytics Add-on,Software,17,436.5,7420.5,1190.0,6230.5
SO-2025-00722,2025-01-28,2025-01,North America,Mexico,Sofia Ramirez,Mechanical Keyboard,Accessories,2,128.7,257.4,124.0,133.4
SO-2025-01428,2025-01-28,2025-01,Europe,Spain,Oliver Smith,Laptop Pro 15,Hardware,4,1203.5,4814.0,3920.0,894.0
SO-2025-03594,2025-01-28,2025-01,North America,Mexico,Sofia Ramirez,Analytics Add-on,Software,8,405.0,3240.0,560.0,2680.0
SO-2025-05233,2025-01-28,2025-01,APAC,Australia,Haruto Sato,Security Suite,Software,17,609.0,10353.0,1870.0,8483.0
SO-2025-05818,2025-01-28,2025-01,APAC,Singapore,Haruto Sato,UltraWide Monitor 34,Hardware,4,533.2,2132.8,1640.0,492.8
SO-2025-04705,2025-01-28,2025-01,North America,United States,Liam Chen,Laptop Pro 15,Hardware,2,1305.0,2610.0,1960.0,650.0
SO-2025-03039,2025-01-28,2025-01,North America,United States,Sofia Ramirez,Wireless Mouse,Accessories,10,52.65,526.5,240.0,286.5
SO-2025-00397,2025-01-28,2025-01,APAC,Australia,Haruto Sato,Wireless Mouse,Accessories,7,53.3,373.1,168.0,205.1
SO-2025-05289,2025-01-28,2025-01,North America,Mexico,Sofia Ramirez,Analytics Add-on,Software,20,373.5,7470.0,1400.0,6070.0
SO-2025-05451,2025-01-28,2025-01,Europe,France,Emma Laurent,Noise-Cancel Headset,Accessories,3,213.6,640.8,354.0,286.8
SO-2025-00554,2025-01-28,2025-01,Europe,United Kingdom,Noah Muller,Laptop Pro 15,Hardware,4,1290.5,5162.0,3920.0,1242.0
SO-2025-00416,2025-01-29,2025-01,Europe,Germany,Noah Muller,Security Suite,Software,11,686.0,7546.0,1210.0,6336.0
SO-2025-05912,2025-01-29,2025-01,North America,Mexico,Ava Thompson,Noise-Cancel Headset,Accessories,5,237.6,1188.0,590.0,598.0
SO-2025-04409,2025-01-29,2025-01,Europe,Spain,Oliver Smith,UltraWide Monitor 34,Hardware,2,533.2,1066.4,820.0,246.4
SO-2025-02627,2025-01-29,2025-01,APAC,India,Haruto Sato,Laptop Air 13,Hardware,1,1008.0,1008.0,700.0,308.0
SO-2025-05426,2025-01-29,2025-01,Europe,Germany,Oliver Smith,Laptop Pro 15,Hardware,3,1290.5,3871.5,2940.0,931.5
SO-2025-01958,2025-01-29,2025-01,APAC,India,Haruto Sato,Analytics Add-on,Software,7,432.0,3024.0,490.0,2534.0
SO-2025-03982,2025-01-29,2025-01,Europe,Spain,Noah Muller,CRM Suite (annual),Software,15,810.0,12150.0,2100.0,10050.0
SO-2025-03554,2025-01-29,2025-01,North America,Mexico,Sofia Ramirez,Laptop Air 13,Hardware,2,1039.5,2079.0,1400.0,679.0
SO-2025-04895,2025-01-30,2025-01,APAC,India,Chloe Wong,Laptop Pro 15,Hardware,1,1247.0,1247.0,980.0,267.0
SO-2025-03110,2025-01-30,2025-01,APAC,Singapore,Haruto Sato,Laptop Pro 15,Hardware,4,1377.5,5510.0,3920.0,1590.0
SO-2025-01183,2025-01-30,2025-01,LATAM,Argentina,Camila Rojas,UltraWide Monitor 34,Hardware,3,539.4,1618.2,1230.0,388.2
SO-2025-02984,2025-01-30,2025-01,APAC,India,Haruto Sato,Security Suite,Software,12,637.0,7644.0,1320.0,6324.0
SO-2025-04434,2025-01-30,2025-01,North America,United States,Ava Thompson,Laptop Air 13,Hardware,2,871.5,1743.0,1400.0,343.0
SO-2025-02272,2025-01-30,2025-01,APAC,Japan,Haruto Sato,Laptop Air 13,Hardware,3,976.5,2929.5,2100.0,829.5
SO-2025-05255,2025-01-30,2025-01,North America,Canada,Ava Thompson,Laptop Pro 15,Hardware,1,1392.0,1392.0,980.0,412.0
SO-2025-03041,2025-01-30,2025-01,Europe,United Kingdom,Oliver Smith,USB-C Dock,Accessories,7,149.4,1045.8,616.0,429.8
SO-2025-04179,2025-01-30,2025-01,North America,Mexico,Liam Chen,Wireless Mouse,Accessories,10,57.85,578.5,240.0,338.5
SO-2025-01346,2025-01-30,2025-01,Europe,Spain,Oliver Smith,CRM Suite (annual),Software,18,882.0,15876.0,2520.0,13356.0
SO-2025-05424,2025-01-30,2025-01,North America,Mexico,Liam Chen,UltraWide Monitor 34,Hardware,2,607.6,1215.2,820.0,395.2
SO-2025-02537,2025-01-31,2025-01,Europe,Germany,Oliver Smith,Mechanical Keyboard,Accessories,4,111.8,447.2,248.0,199.2
SO-2025-05739,2025-01-31,2025-01,APAC,India,Chloe Wong,Analytics Add-on,Software,4,369.0,1476.0,280.0,1196.0
SO-2025-03003,2025-01-31,2025-01,North America,Canada,Ava Thompson,Wireless Mouse,Accessories,6,56.55,339.3,144.0,195.3
SO-2025-03471,2025-01-31,2025-01,North America,Mexico,Ava Thompson,Laptop Air 13,Hardware,2,976.5,1953.0,1400.0,553.0
SO-2025-02601,2025-01-31,2025-01,North America,Mexico,Sofia Ramirez,USB-C Dock,Accessories,8,156.6,1252.8,704.0,548.8
SO-2025-04034,2025-01-31,2025-01,Europe,Germany,Oliver Smith,Security Suite,Software,21,665.0,13965.0,2310.0,11655.0
SO-2025-03731,2025-01-31,2025-01,Europe,France,Oliver Smith,UltraWide Monitor 34,Hardware,3,527.0,1581.0,1230.0,351.0
SO-2025-03429,2025-01-31,2025-01,LATAM,Brazil,Mateo Silva,Analytics Add-on,Software,22,441.0,9702.0,1540.0,8162.0
SO-2025-04585,2025-01-31,2025-01,APAC,Singapore,Priya Nair,CRM Suite (annual),Software,24,774.0,18576.0,3360.0,15216.0
SO-2025-04196,2025-01-31,2025-01,LATAM,Chile,Diego Fernandez,Security Suite,Software,9,595.0,5355.0,990.0,4365.0
SO-2025-02321,2025-01-31,2025-01,North America,Mexico,Ava Thompson,Laptop Pro 15,Hardware,4,1174.5,4698.0,3920.0,778.0
SO-2025-05274,2025-01-31,2025-01,LATAM,Chile,Camila Rojas,Laptop Pro 15,Hardware,4,1290.5,5162.0,3920.0,1242.0
SO-2025-00802,2025-01-31,2025-01,APAC,Singapore,Haruto Sato,USB-C Dock,Accessories,6,167.4,1004.4,528.0,476.4
SO-2025-01452,2025-01-31,2025-01,Europe,Germany,Noah Muller,Analytics Add-on,Software,1,418.5,418.5,70.0,348.5
SO-2025-00490,2025-01-31,2025-01,North America,Mexico,Sofia Ramirez,USB-C Dock,Accessories,6,163.8,982.8,528.0,454.8
SO-2025-01618,2025-02-01,2025-02,North America,Mexico,Sofia Ramirez,UltraWide Monitor 34,Hardware,4,564.2,2256.8,1640.0,616.8
SO-2025-05217,2025-02-01,2025-02,North America,Mexico,Sofia Ramirez,UltraWide Monitor 34,Hardware,2,576.6,1153.2,820.0,333.2
SO-2025-05859,2025-02-01,2025-02,LATAM,Brazil,Diego Fernandez,USB-C Dock,Accessories,8,174.6,1396.8,704.0,692.8
SO-2025-04593,2025-02-01,2025-02,APAC,India,Chloe Wong,Analytics Add-on,Software,22,369.0,8118.0,1540.0,6578.0
SO-2025-03312,2025-02-01,2025-02,North America,Canada,Sofia Ramirez,Security Suite,Software,6,574.0,3444.0,660.0,2784.0
SO-2025-04745,2025-02-01,2025-02,LATAM,Chile,Camila Rojas,Wireless Mouse,Accessories,1,61.75,61.75,24.0,37.75
SO-2025-00564,2025-02-01,2025-02,APAC,Japan,Chloe Wong,USB-C Dock,Accessories,10,172.8,1728.0,880.0,848.0
SO-2025-01788,2025-02-01,2025-02,LATAM,Chile,Mateo Silva,Laptop Pro 15,Hardware,4,1363.0,5452.0,3920.0,1532.0
SO-2025-02447,2025-02-01,2025-02,North America,Mexico,Liam Chen,Laptop Air 13,Hardware,4,871.5,3486.0,2800.0,686.0
SO-2025-00770,2025-02-01,2025-02,North America,Canada,Sofia Ramirez,Wireless Mouse,Accessories,3,63.7,191.1,72.0,119.1
SO-2025-00358,2025-02-01,2025-02,APAC,Australia,Priya Nair,Laptop Pro 15,Hardware,2,1290.5,2581.0,1960.0,621.0
SO-2025-02530,2025-02-01,2025-02,Europe,United Kingdom,Emma Laurent,CRM Suite (annual),Software,22,720.0,15840.0,3080.0,12760.0
SO-2025-02441,2025-02-01,2025-02,LATAM,Argentina,Camila Rojas,Mechanical Keyboard,Accessories,2,111.8,223.6,124.0,99.6
SO-2025-01225,2025-02-01,2025-02,APAC,Australia,Chloe Wong,Laptop Air 13,Hardware,4,934.5,3738.0,2800.0,938.0
SO-2025-00394,2025-02-01,2025-02,North America,Canada,Liam Chen,USB-C Dock,Accessories,5,154.8,774.0,440.0,334.0
SO-2025-03337,2025-02-01,2025-02,North America,Mexico,Liam Chen,Wireless Mouse,Accessories,10,64.35,643.5,240.0,403.5
SO-2025-00332,2025-02-01,2025-02,LATAM,Argentina,Diego Fernandez,Mechanical Keyboard,Accessories,6,118.3,709.8,372.0,337.8
SO-2025-00880,2025-02-01,2025-02,Europe,France,Oliver Smith,Mechanical Keyboard,Accessories,8,106.6,852.8,496.0,356.8
SO-2025-04052,2025-02-01,2025-02,North America,United States,Sofia Ramirez,Noise-Cancel Headset,Accessories,7,211.2,1478.4,826.0,652.4
SO-2025-05931,2025-02-02,2025-02,North America,Mexico,Ava Thompson,Noise-Cancel Headset,Accessories,6,220.8,1324.8,708.0,616.8
SO-2025-04586,2025-02-02,2025-02,Europe,United Kingdom,Oliver Smith,CRM Suite (annual),Software,5,882.0,4410.0,700.0,3710.0
SO-2025-02286,2025-02-02,2025-02,Europe,Germany,Oliver Smith,Wireless Mouse,Accessories,2,56.55,113.1,48.0,65.1
SO-2025-04678,2025-02-02,2025-02,Europe,Germany,Noah Muller,Laptop Air 13,Hardware,4,871.5,3486.0,2800.0,686.0
SO-2025-03057,2025-02-02,2025-02,LATAM,Brazil,Diego Fernandez,USB-C Dock,Accessories,3,174.6,523.8,264.0,259.8
SO-2025-04686,2025-02-02,2025-02,Europe,France,Noah Muller,Analytics Add-on,Software,23,445.5,10246.5,1610.0,8636.5
SO-2025-03078,2025-02-02,2025-02,Europe,Spain,Noah Muller,Noise-Cancel Headset,Accessories,2,216.0,432.0,236.0,196.0
SO-2025-03678,2025-02-02,2025-02,North America,United States,Ava Thompson,USB-C Dock,Accessories,7,178.2,1247.4,616.0,631.4
SO-2025-02959,2025-02-02,2025-02,North America,United States,Liam Chen,Wireless Mouse,Accessories,2,58.5,117.0,48.0,69.0
SO-2025-05495,2025-02-02,2025-02,Europe,Germany,Emma Laurent,Security Suite,Software,2,623.0,1246.0,220.0,1026.0
SO-2025-02177,2025-02-02,2025-02,APAC,India,Haruto Sato,USB-C Dock,Accessories,7,145.8,1020.6,616.0,404.6
SO-2025-03644,2025-02-02,2025-02,APAC,India,Haruto Sato,Security Suite,Software,22,581.0,12782.0,2420.0,10362.0
SO-2025-00823,2025-02-02,2025-02,LATAM,Brazil,Mateo Silva,Analytics Add-on,Software,16,405.0,6480.0,1120.0,5360.0
SO-2025-05147,2025-02-02,2025-02,APAC,Japan,Haruto Sato,USB-C Dock,Accessories,8,169.2,1353.6,704.0,649.6
SO-2025-04545,2025-02-03,2025-02,North America,Canada,Sofia Ramirez,Wireless Mouse,Accessories,6,55.25,331.5,144.0,187.5
SO-2025-00035,2025-02-03,2025-02,Europe,Germany,Emma Laurent,Laptop Air 13,Hardware,2,924.0,1848.0,1400.0,448.0
SO-2025-01699,2025-02-03,2025-02,Europe,United Kingdom,Oliver Smith,Laptop Air 13,Hardware,1,934.5,934.5,700.0,234.5
SO-2025-01205,2025-02-03,2025-02,North America,Mexico,Sofia Ramirez,Security Suite,Software,8,700.0,5600.0,880.0,4720.0
SO-2025-05680,2025-02-03,2025-02,North America,Canada,Ava Thompson,Analytics Add-on,Software,8,409.5,3276.0,560.0,2716.0
SO-2025-02841,2025-02-03,2025-02,North America,Mexico,Sofia Ramirez,USB-C Dock,Accessories,6,154.8,928.8,528.0,400.8
SO-2025-01170,2025-02-03,2025-02,North America,Mexico,Ava Thompson,Wireless Mouse,Accessories,2,65.0,130.0,48.0,82.0
SO-2025-02605,2025-02-03,2025-02,North America,United States,Liam Chen,Wireless Mouse,Accessories,7,61.75,432.25,168.0,264.25
SO-2025-03684,2025-02-03,2025-02,LATAM,Argentina,Mateo Silva,Wireless Mouse,Accessories,4,65.0,260.0,96.0,164.0
SO-2025-05945,2025-02-03,2025-02,Europe,United Kingdom,Emma Laurent,Analytics Add-on,Software,1,423.0,423.0,70.0,353.0
SO-2025-02515,2025-02-04,2025-02,APAC,Singapore,Haruto Sato,USB-C Dock,Accessories,6,160.2,961.2,528.0,433.2
SO-2025-05155,2025-02-04,2025-02,APAC,India,Chloe Wong,Wireless Mouse,Accessories,4,54.6,218.4,96.0,122.4
SO-2025-04774,2025-02-04,2025-02,North America,Canada,Ava Thompson,Wireless Mouse,Accessories,6,61.75,370.5,144.0,226.5
SO-2025-05273,2025-02-04,2025-02,North America,United States,Sofia Ramirez,Mechanical Keyboard,Accessories,6,104.0,624.0,372.0,252.0
SO-2025-01976,2025-02-04,2025-02,LATAM,Chile,Camila Rojas,Laptop Pro 15,Hardware,2,1218.0,2436.0,1960.0,476.0
SO-2025-03564,2025-02-04,2025-02,APAC,Japan,Chloe Wong,UltraWide Monitor 34,Hardware,3,576.6,1729.8,1230.0,499.8
SO-2025-02430,2025-02-04,2025-02,LATAM,Chile,Diego Fernandez,Wireless Mouse,Accessories,7,53.3,373.1,168.0,205.1
SO-2025-03299,2025-02-04,2025-02,LATAM,Argentina,Mateo Silva,USB-C Dock,Accessories,5,151.2,756.0,440.0,316.0
SO-2025-00376,2025-02-04,2025-02,North America,Canada,Ava Thompson,Laptop Air 13,Hardware,2,945.0,1890.0,1400.0,490.0
SO-2025-00500,2025-02-04,2025-02,APAC,Singapore,Haruto Sato,Security Suite,Software,25,630.0,15750.0,2750.0,13000.0
SO-2025-05526,2025-02-04,2025-02,North America,United States,Ava Thompson,Laptop Pro 15,Hardware,2,1247.0,2494.0,1960.0,534.0
SO-2025-00381,2025-02-04,2025-02,North America,United States,Sofia Ramirez,CRM Suite (annual),Software,12,729.0,8748.0,1680.0,7068.0
SO-2025-04021,2025-02-04,2025-02,North America,United States,Ava Thompson,Laptop Pro 15,Hardware,3,1450.0,4350.0,2940.0,1410.0
SO-2025-04411,2025-02-04,2025-02,Europe,Germany,Noah Muller,Laptop Air 13,Hardware,4,924.0,3696.0,2800.0,896.0
SO-2025-03985,2025-02-04,2025-02,Europe,Spain,Noah Muller,Security Suite,Software,9,616.0,5544.0,990.0,4554.0
SO-2025-03964,2025-02-04,2025-02,APAC,Australia,Chloe Wong,Mechanical Keyboard,Accessories,7,105.3,737.1,434.0,303.1
SO-2025-00272,2025-02-05,2025-02,Europe,Germany,Noah Muller,UltraWide Monitor 34,Hardware,2,564.2,1128.4,820.0,308.4
SO-2025-00986,2025-02-05,2025-02,North America,United States,Ava Thompson,CRM Suite (annual),Software,7,747.0,5229.0,980.0,4249.0
SO-2025-04113,2025-02-05,2025-02,Europe,Spain,Emma Laurent,CRM Suite (annual),Software,6,819.0,4914.0,840.0,4074.0
SO-2025-05406,2025-02-05,2025-02,North America,United States,Ava Thompson,Security Suite,Software,2,595.0,1190.0,220.0,970.0
SO-2025-02412,2025-02-05,2025-02,LATAM,Brazil,Diego Fernandez,Security Suite,Software,10,595.0,5950.0,1100.0,4850.0
SO-2025-01878,2025-02-05,2025-02,Europe,France,Oliver Smith,Mechanical Keyboard,Accessories,3,120.9,362.7,186.0,176.7
SO-2025-02114,2025-02-05,2025-02,North America,United States,Ava Thompson,Wireless Mouse,Accessories,9,52.0,468.0,216.0,252.0
SO-2025-03719,2025-02-05,2025-02,APAC,Japan,Haruto Sato,Security Suite,Software,24,581.0,13944.0,2640.0,11304.0
SO-2025-03566,2025-02-06,2025-02,Europe,Spain,Noah Muller,UltraWide Monitor 34,Hardware,4,527.0,2108.0,1640.0,468.0
SO-2025-01738,2025-02-06,2025-02,Europe,Germany,Oliver Smith,Laptop Air 13,Hardware,4,871.5,3486.0,2800.0,686.0
SO-2025-04521,2025-02-06,2025-02,Europe,Germany,Oliver Smith,Analytics Add-on,Software,14,364.5,5103.0,980.0,4123.0
SO-2025-02088,2025-02-06,2025-02,Europe,Germany,Noah Muller,Mechanical Keyboard,Accessories,3,113.1,339.3,186.0,153.3
SO-2025-02485,2025-02-06,2025-02,LATAM,Brazil,Diego Fernandez,Laptop Air 13,Hardware,4,861.0,3444.0,2800.0,644.0
SO-2025-00984,2025-02-06,2025-02,Europe,Spain,Oliver Smith,Wireless Mouse,Accessories,10,55.25,552.5,240.0,312.5
SO-2025-00911,2025-02-06,2025-02,North America,Canada,Ava Thompson,Wireless Mouse,Accessories,7,57.85,404.95,168.0,236.95
SO-2025-01286,2025-02-06,2025-02,LATAM,Brazil,Mateo Silva,Security Suite,Software,10,651.0,6510.0,1100.0,5410.0
SO-2025-04788,2025-02-06,2025-02,Europe,Germany,Oliver Smith,Laptop Pro 15,Hardware,1,1174.5,1174.5,980.0,194.5
SO-2025-03077,2025-02-06,2025-02,North America,United States,Sofia Ramirez,Laptop Air 13,Hardware,3,871.5,2614.5,2100.0,514.5
SO-2025-05459,2025-02-06,2025-02,Europe,France,Emma Laurent,CRM Suite (annual),Software,17,765.0,13005.0,2380.0,10625.0
SO-2025-01896,2025-02-06,2025-02,LATAM,Brazil,Mateo Silva,CRM Suite (annual),Software,12,837.0,10044.0,1680.0,8364.0
SO-2025-02069,2025-02-06,2025-02,Europe,Germany,Oliver Smith,Security Suite,Software,24,700.0,16800.0,2640.0,14160.0
SO-2025-02660,2025-02-06,2025-02,North America,Canada,Liam Chen,CRM Suite (annual),Software,8,864.0,6912.0,1120.0,5792.0
SO-2025-00998,2025-02-07,2025-02,North America,Canada,Ava Thompson,Analytics Add-on,Software,16,423.0,6768.0,1120.0,5648.0
SO-2025-05938,2025-02-07,2025-02,North America,Mexico,Sofia Ramirez,Wireless Mouse,Accessories,8,53.95,431.6,192.0,239.6
SO-2025-04958,2025-02-07,2025-02,Europe,France,Noah Muller,Wireless Mouse,Accessories,4,54.6,218.4,96.0,122.4
SO-2025-02745,2025-02-07,2025-02,North America,Mexico,Sofia Ramirez,Security Suite,Software,6,637.0,3822.0,660.0,3162.0
SO-2025-01023,2025-02-07,2025-02,Europe,France,Oliver Smith,USB-C Dock,Accessories,10,160.2,1602.0,880.0,722.0
SO-2025-01671,2025-02-07,2025-02,APAC,Japan,Haruto Sato,USB-C Dock,Accessories,1,172.8,172.8,88.0,84.8
SO-2025-05142,2025-02-07,2025-02,Europe,Germany,Oliver Smith,CRM Suite (annual),Software,22,864.0,19008.0,3080.0,15928.0
SO-2025-04726,2025-02-07,2025-02,Europe,United Kingdom,Oliver Smith,Security Suite,Software,8,616.0,4928.0,880.0,4048.0
SO-2025-00924,2025-02-07,2025-02,North America,Canada,Liam Chen,Wireless Mouse,Accessories,7,59.8,418.6,168.0,250.6
SO-2025-03230,2025-02-07,2025-02,LATAM,Chile,Camila Rojas,Wireless Mouse,Accessories,8,58.5,468.0,192.0,276.0
SO-2025-03772,2025-02-07,2025-02,Europe,Germany,Noah Muller,CRM Suite (annual),Software,21,756.0,15876.0,2940.0,12936.0
SO-2025-00228,2025-02-07,2025-02,APAC,Australia,Priya Nair,Laptop Pro 15,Hardware,3,1319.5,3958.5,2940.0,1018.5
SO-2025-05180,2025-02-07,2025-02,North America,Mexico,Liam Chen,Wireless Mouse,Accessories,2,59.15,118.3,48.0,70.3
SO-2025-03784,2025-02-07,2025-02,North America,Canada,Ava Thompson,CRM Suite (annual),Software,20,900.0,18000.0,2800.0,15200.0
SO-2025-02216,2025-02-07,2025-02,North America,Canada,Ava Thompson,Laptop Pro 15,Hardware,2,1174.5,2349.0,1960.0,389.0
SO-2025-01148,2025-02-07,2025-02,North America,United States,Ava Thompson,Laptop Air 13,Hardware,2,924.0,1848.0,1400.0,448.0
SO-2025-03276,2025-02-07,2025-02,North America,Canada,Ava Thompson,UltraWide Monitor 34,Hardware,1,595.2,595.2,410.0,185.2
SO-2025-04861,2025-02-07,2025-02,Europe,Spain,Emma Laurent,Mechanical Keyboard,Accessories,9,124.8,1123.2,558.0,565.2
SO-2025-00889,2025-02-07,2025-02,LATAM,Chile,Camila Rojas,Mechanical Keyboard,Accessories,10,124.8,1248.0,620.0,628.0
SO-2025-03264,2025-02-07,2025-02,Europe,France,Noah Muller,Security Suite,Software,9,665.0,5985.0,990.0,4995.0
SO-2025-01136,2025-02-07,2025-02,North America,Canada,Ava Thompson,Laptop Pro 15,Hardware,3,1450.0,4350.0,2940.0,1410.0
SO-2025-02571,2025-02-07,2025-02,APAC,Japan,Priya Nair,Security Suite,Software,2,672.0,1344.0,220.0,1124.0
SO-2025-03602,2025-02-07,2025-02,APAC,India,Priya Nair,UltraWide Monitor 34,Hardware,3,570.4,1711.2,1230.0,481.2
SO-2025-02502,2025-02-07,2025-02,LATAM,Argentina,Camila Rojas,Laptop Air 13,Hardware,4,1008.0,4032.0,2800.0,1232.0
SO-2025-03729,2025-02-07,2025-02,North America,Canada,Ava Thompson,Laptop Pro 15,Hardware,3,1319.5,3958.5,2940.0,1018.5
SO-2025-02598,2025-02-07,2025-02,Europe,Spain,Oliver Smith,Wireless Mouse,Accessories,9,57.85,520.65,216.0,304.65
SO-2025-03389,2025-02-07,2025-02,APAC,Japan,Chloe Wong,Mechanical Keyboard,Accessories,3,128.7,386.1,186.0,200.1
SO-2025-01006,2025-02-07,2025-02,Europe,Spain,Noah Muller,UltraWide Monitor 34,Hardware,4,576.6,2306.4,1640.0,666.4
SO-2025-00078,2025-02-07,2025-02,Europe,France,Emma Laurent,Laptop Air 13,Hardware,1,882.0,882.0,700.0,182.0
SO-2025-00875,2025-02-07,2025-02,APAC,Australia,Haruto Sato,USB-C Dock,Accessories,3,160.2,480.6,264.0,216.6
SO-2025-01392,2025-02-07,2025-02,APAC,India,Priya Nair,CRM Suite (annual),Software,21,873.0,18333.0,2940.0,15393.0
SO-2025-03971,2025-02-07,2025-02,North America,Canada,Liam Chen,UltraWide Monitor 34,Hardware,4,601.4,2405.6,1640.0,765.6
SO-2025-03126,2025-02-08,2025-02,Europe,United Kingdom,Emma Laurent,Wireless Mouse,Accessories,2,61.1,122.2,48.0,74.2
SO-2025-04169,2025-02-08,2025-02,APAC,Japan,Priya Nair,Laptop Pro 15,Hardware,4,1348.5,5394.0,3920.0,1474.0
SO-2025-04457,2025-02-08,2025-02,Europe,France,Emma Laurent,USB-C Dock,Accessories,1,169.2,169.2,88.0,81.2
SO-2025-02968,2025-02-08,2025-02,Europe,United Kingdom,Oliver Smith,Analytics Add-on,Software,16,369.0,5904.0,1120.0,4784.0
SO-2025-04863,2025-02-08,2025-02,North America,Canada,Liam Chen,Security Suite,Software,14,567.0,7938.0,1540.0,6398.0
SO-2025-00825,2025-02-08,2025-02,North America,Mexico,Liam Chen,Analytics Add-on,Software,13,369.0,4797.0,910.0,3887.0
SO-2025-00102,2025-02-08,2025-02,LATAM,Chile,Diego Fernandez,Noise-Cancel Headset,Accessories,4,218.4,873.6,472.0,401.6
SO-2025-00824,2025-02-08,2025-02,APAC,India,Priya Nair,Laptop Air 13,Hardware,3,997.5,2992.5,2100.0,892.5
SO-2025-01429,2025-02-09,2025-02,APAC,Japan,Priya Nair,USB-C Dock,Accessories,5,160.2,801.0,440.0,361.0
SO-2025-02522,2025-02-09,2025-02,Europe,France,Oliver Smith,UltraWide Monitor 34,Hardware,2,508.4,1016.8,820.0,196.8
SO-2025-00641,2025-02-09,2025-02,North America,Canada,Sofia Ramirez,Laptop Pro 15,Hardware,1,1406.5,1406.5,980.0,426.5
SO-2025-01942,2025-02-09,2025-02,Europe,United Kingdom,Noah Muller,CRM Suite (annual),Software,23,783.0,18009.0,3220.0,14789.0
SO-2025-02798,2025-02-09,2025-02,APAC,Japan,Haruto Sato,Laptop Pro 15,Hardware,4,1247.0,4988.0,3920.0,1068.0
SO-2025-01211,2025-02-09,2025-02,APAC,Japan,Haruto Sato,Security Suite,Software,17,658.0,11186.0,1870.0,9316.0
SO-2025-02849,2025-02-09,2025-02,APAC,Australia,Priya Nair,UltraWide Monitor 34,Hardware,3,539.4,1618.2,1230.0,388.2
SO-2025-04716,2025-02-09,2025-02,LATAM,Brazil,Camila Rojas,Noise-Cancel Headset,Accessories,8,213.6,1708.8,944.0,764.8
SO-2025-01787,2025-02-09,2025-02,North America,Mexico,Ava Thompson,Security Suite,Software,2,602.0,1204.0,220.0,984.0
SO-2025-04728,2025-02-09,2025-02,North America,Mexico,Sofia Ramirez,Wireless Mouse,Accessories,9,54.6,491.4,216.0,275.4
SO-2025-03397,2025-02-09,2025-02,Europe,United Kingdom,Emma Laurent,Analytics Add-on,Software,6,387.0,2322.0,420.0,1902.0
SO-2025-04620,2025-02-09,2025-02,APAC,Japan,Chloe Wong,Laptop Pro 15,Hardware,4,1435.5,5742.0,3920.0,1822.0
SO-2025-03605,2025-02-09,2025-02,LATAM,Brazil,Diego Fernandez,Security Suite,Software,20,616.0,12320.0,2200.0,10120.0
SO-2025-00431,2025-02-10,2025-02,North America,United States,Sofia Ramirez,Security Suite,Software,21,567.0,11907.0,2310.0,9597.0
SO-2025-05085,2025-02-10,2025-02,Europe,United Kingdom,Noah Muller,Wireless Mouse,Accessories,4,52.65,210.6,96.0,114.6
SO-2025-01085,2025-02-10,2025-02,Europe,France,Noah Muller,Security Suite,Software,7,672.0,4704.0,770.0,3934.0
SO-2025-01935,2025-02-10,2025-02,North America,Canada,Liam Chen,Analytics Add-on,Software,18,391.5,7047.0,1260.0,5787.0
SO-2025-00408,2025-02-10,2025-02,North America,Canada,Liam Chen,CRM Suite (annual),Software,24,837.0,20088.0,3360.0,16728.0
SO-2025-04332,2025-02-10,2025-02,APAC,Singapore,Haruto Sato,Laptop Air 13,Hardware,3,903.0,2709.0,2100.0,609.0
SO-2025-05527,2025-02-10,2025-02,APAC,India,Priya Nair,Analytics Add-on,Software,14,409.5,5733.0,980.0,4753.0
SO-2025-03493,2025-02-10,2025-02,Europe,United Kingdom,Noah Muller,Analytics Add-on,Software,12,382.5,4590.0,840.0,3750.0
SO-2025-00067,2025-02-10,2025-02,North America,Canada,Liam Chen,Security Suite,Software,3,679.0,2037.0,330.0,1707.0
SO-2025-03925,2025-02-10,2025-02,APAC,Singapore,Chloe Wong,Laptop Air 13,Hardware,1,892.5,892.5,700.0,192.5
SO-2025-03065,2025-02-10,2025-02,North America,Mexico,Sofia Ramirez,Wireless Mouse,Accessories,7,63.05,441.35,168.0,273.35
SO-2025-00996,2025-02-10,2025-02,APAC,Singapore,Priya Nair,Analytics Add-on,Software,22,391.5,8613.0,1540.0,7073.0
SO-2025-01153,2025-02-10,2025-02,Europe,Germany,Oliver Smith,CRM Suite (annual),Software,9,828.0,7452.0,1260.0,6192.0
SO-2025-02531,2025-02-10,2025-02,North America,Mexico,Ava Thompson,Analytics Add-on,Software,6,396.0,2376.0,420.0,1956.0
SO-2025-02102,2025-02-10,2025-02,North America,Canada,Ava Thompson,Wireless Mouse,Accessories,1,59.15,59.15,24.0,35.15
SO-2025-01041,2025-02-10,2025-02,LATAM,Chile,Mateo Silva,Laptop Pro 15,Hardware,3,1392.0,4176.0,2940.0,1236.0
SO-2025-02987,2025-02-10,2025-02,APAC,Japan,Haruto Sato,Security Suite,Software,8,644.0,5152.0,880.0,4272.0
SO-2025-04677,2025-02-11,2025-02,North America,United States,Sofia Ramirez,Laptop Air 13,Hardware,1,861.0,861.0,700.0,161.0
SO-2025-02679,2025-02-11,2025-02,North America,Mexico,Ava Thompson,Wireless Mouse,Accessories,5,55.25,276.25,120.0,156.25
SO-2025-02377,2025-02-11,2025-02,APAC,Japan,Haruto Sato,Mechanical Keyboard,Accessories,5,110.5,552.5,310.0,242.5
SO-2025-00174,2025-02-11,2025-02,Europe,Spain,Oliver Smith,Noise-Cancel Headset,Accessories,5,235.2,1176.0,590.0,586.0
SO-2025-04721,2025-02-11,2025-02,North America,Mexico,Liam Chen,USB-C Dock,Accessories,3,178.2,534.6,264.0,270.6
SO-2025-01364,2025-02-11,2025-02,LATAM,Argentina,Diego Fernandez,USB-C Dock,Accessories,1,174.6,174.6,88.0,86.6
SO-2025-00891,2025-02-11,2025-02,North America,United States,Sofia Ramirez,Laptop Air 13,Hardware,3,903.0,2709.0,2100.0,609.0
SO-2025-04073,2025-02-11,2025-02,APAC,Japan,Haruto Sato,UltraWide Monitor 34,Hardware,4,527.0,2108.0,1640.0,468.0
SO-2025-04275,2025-02-11,2025-02,North America,United States,Ava Thompson,Laptop Air 13,Hardware,1,913.5,913.5,700.0,213.5
SO-2025-04808,2025-02-11,2025-02,North America,Mexico,Liam Chen,Laptop Air 13,Hardware,2,850.5,1701.0,1400.0,301.0
SO-2025-04875,2025-02-11,2025-02,Europe,Germany,Oliver Smith,Analytics Add-on,Software,20,432.0,8640.0,1400.0,7240.0
SO-2025-05500,2025-02-11,2025-02,LATAM,Brazil,Diego Fernandez,Analytics Add-on,Software,7,436.5,3055.5,490.0,2565.5
SO-2025-00839,2025-02-11,2025-02,APAC,Japan,Chloe Wong,Security Suite,Software,22,651.0,14322.0,2420.0,11902.0
SO-2025-04664,2025-02-11,2025-02,Europe,Spain,Oliver Smith,Laptop Pro 15,Hardware,3,1319.5,3958.5,2940.0,1018.5
SO-2025-05848,2025-02-11,2025-02,North America,Mexico,Ava Thompson,Analytics Add-on,Software,14,432.0,6048.0,980.0,5068.0
SO-2025-05744,2025-02-11,2025-02,North America,Canada,Ava Thompson,Laptop Air 13,Hardware,4,934.5,3738.0,2800.0,938.0
SO-2025-00714,2025-02-11,2025-02,APAC,Australia,Chloe Wong,CRM Suite (annual),Software,3,882.0,2646.0,420.0,2226.0
SO-2025-03348,2025-02-11,2025-02,APAC,Australia,Chloe Wong,CRM Suite (annual),Software,4,729.0,2916.0,560.0,2356.0
SO-2025-02706,2025-02-11,2025-02,Europe,France,Oliver Smith,Wireless Mouse,Accessories,10,53.3,533.0,240.0,293.0
SO-2025-02696,2025-02-11,2025-02,Europe,Spain,Noah Muller,Wireless Mouse,Accessories,2,61.75,123.5,48.0,75.5
SO-2025-01187,2025-02-11,2025-02,APAC,Australia,Chloe Wong,Security Suite,Software,19,651.0,12369.0,2090.0,10279.0
SO-2025-02402,2025-02-12,2025-02,LATAM,Chile,Camila Rojas,USB-C Dock,Accessories,9,156.6,1409.4,792.0,617.4
SO-2025-05968,2025-02-12,2025-02,North America,Mexico,Sofia Ramirez,Security Suite,Software,1,644.0,644.0,110.0,534.0
SO-2025-04068,2025-02-12,2025-02,Europe,Germany,Noah Muller,Laptop Air 13,Hardware,2,1008.0,2016.0,1400.0,616.0
SO-2025-01247,2025-02-12,2025-02,Europe,Germany,Noah Muller,Noise-Cancel Headset,Accessories,6,218.4,1310.4,708.0,602.4
SO-2025-01914,2025-02-12,2025-02,North America,United States,Liam Chen,CRM Suite (annual),Software,12,882.0,10584.0,1680.0,8904.0
SO-2025-05898,2025-02-12,2025-02,Europe,Spain,Noah Muller,Analytics Add-on,Software,22,423.0,9306.0,1540.0,7766.0
SO-2025-01838,2025-02-12,2025-02,North America,United States,Ava Thompson,Mechanical Keyboard,Accessories,2,120.9,241.8,124.0,117.8
SO-2025-05857,2025-02-12,2025-02,Europe,Germany,Oliver Smith,Noise-Cancel Headset,Accessories,9,223.2,2008.8,1062.0,946.8
SO-2025-05592,2025-02-12,2025-02,Europe,France,Noah Muller,Mechanical Keyboard,Accessories,4,124.8,499.2,248.0,251.2
SO-2025-03306,2025-02-12,2025-02,APAC,Japan,Haruto Sato,Wireless Mouse,Accessories,4,57.85,231.4,96.0,135.4
SO-2025-02577,2025-02-12,2025-02,LATAM,Argentina,Camila Rojas,Laptop Air 13,Hardware,1,934.5,934.5,700.0,234.5
SO-2025-05060,2025-02-12,2025-02,Europe,France,Oliver Smith,Security Suite,Software,18,616.0,11088.0,1980.0,9108.0
SO-2025-01713,2025-02-12,2025-02,LATAM,Brazil,Camila Rojas,Security Suite,Software,21,658.0,13818.0,2310.0,11508.0
SO-2025-05064,2025-02-12,2025-02,North America,United States,Sofia Ramirez,USB-C Dock,Accessories,8,160.2,1281.6,704.0,577.6
SO-2025-01943,2025-02-13,2025-02,APAC,Australia,Chloe Wong,Security Suite,Software,2,658.0,1316.0,220.0,1096.0
SO-2025-02159,2025-02-13,2025-02,North America,Canada,Liam Chen,USB-C Dock,Accessories,9,162.0,1458.0,792.0,666.0
SO-2025-00696,2025-02-13,2025-02,Europe,Germany,Emma Laurent,UltraWide Monitor 34,Hardware,2,564.2,1128.4,820.0,308.4
SO-2025-00420,2025-02-13,2025-02,North America,United States,Sofia Ramirez,Analytics Add-on,Software,17,427.5,7267.5,1190.0,6077.5
SO-2025-04237,2025-02-13,2025-02,APAC,Australia,Haruto Sato,Wireless Mouse,Accessories,4,56.55,226.2,96.0,130.2
SO-2025-04368,2025-02-13,2025-02,Europe,France,Noah Muller,Analytics Add-on,Software,11,441.0,4851.0,770.0,4081.0
SO-2025-05513,2025-02-13,2025-02,Europe,Germany,Noah Muller,Laptop Air 13,Hardware,1,987.0,987.0,700.0,287.0
SO-2025-03009,2025-02-13,2025-02,APAC,Singapore,Chloe Wong,Security Suite,Software,3,651.0,1953.0,330.0,1623.0
SO-2025-02805,2025-02-13,2025-02,North America,Canada,Ava Thompson,Laptop Air 13,Hardware,4,955.5,3822.0,2800.0,1022.0
SO-2025-01541,2025-02-13,2025-02,APAC,Japan,Haruto Sato,Mechanical Keyboard,Accessories,1,123.5,123.5,62.0,61.5
SO-2025-05263,2025-02-14,2025-02,North America,Canada,Liam Chen,Analytics Add-on,Software,17,436.5,7420.5,1190.0,6230.5
SO-2025-00522,2025-02-14,2025-02,North America,Mexico,Sofia Ramirez,USB-C Dock,Accessories,8,163.8,1310.4,704.0,606.4
SO-2025-02852,2025-02-14,2025-02,LATAM,Chile,Mateo Silva,Analytics Add-on,Software,11,418.5,4603.5,770.0,3833.5
SO-2025-05537,2025-02-14,2025-02,APAC,Australia,Priya Nair,CRM Suite (annual),Software,6,846.0,5076.0,840.0,4236.0
SO-2025-04589,2025-02-14,2025-02,Europe,France,Emma Laurent,Analytics Add-on,Software,6,432.0,2592.0,420.0,2172.0
SO-2025-04264,2025-02-14,2025-02,Europe,Germany,Noah Muller,Wireless Mouse,Accessories,3,52.65,157.95,72.0,85.95
SO-2025-00588,2025-02-14,2025-02,Europe,France,Emma Laurent,Analytics Add-on,Software,14,400.5,5607.0,980.0,4627.0
SO-2025-05258,2025-02-14,2025-02,North America,Canada,Ava Thompson,Wireless Mouse,Accessories,5,62.4,312.0,120.0,192.0
SO-2025-02462,2025-02-14,2025-02,North America,Mexico,Liam Chen,Laptop Pro 15,Hardware,1,1435.5,1435.5,980.0,455.5
SO-2025-02963,2025-02-14,2025-02,APAC,India,Priya Nair,Mechanical Keyboard,Accessories,9,113.1,1017.9,558.0,459.9
SO-2025-04667,2025-02-14,2025-02,APAC,India,Chloe Wong,Laptop Air 13,Hardware,1,913.5,913.5,700.0,213.5
SO-2025-00252,2025-02-14,2025-02,Europe,United Kingdom,Oliver Smith,Wireless Mouse,Accessories,10,57.2,572.0,240.0,332.0
SO-2025-05457,2025-02-14,2025-02,North America,Canada,Ava Thompson,Wireless Mouse,Accessories,2,61.75,123.5,48.0,75.5
SO-2025-02993,2025-02-14,2025-02,North America,United States,Sofia Ramirez,Laptop Air 13,Hardware,3,987.0,2961.0,2100.0,861.0
SO-2025-01504,2025-02-14,2025-02,Europe,Germany,Oliver Smith,Wireless Mouse,Accessories,4,53.3,213.2,96.0,117.2
SO-2025-04379,2025-02-14,2025-02,North America,Mexico,Ava Thompson,USB-C Dock,Accessories,2,156.6,313.2,176.0,137.2
SO-2025-03841,2025-02-14,2025-02,APAC,Singapore,Haruto Sato,Noise-Cancel Headset,Accessories,8,196.8,1574.4,944.0,630.4
SO-2025-01263,2025-02-14,2025-02,Europe,United Kingdom,Noah Muller,USB-C Dock,Accessories,3,169.2,507.6,264.0,243.6
SO-2025-05346,2025-02-15,2025-02,North America,Canada,Ava Thompson,Laptop Air 13,Hardware,2,871.5,1743.0,1400.0,343.0
SO-2025-04886,2025-02-15,2025-02,LATAM,Brazil,Camila Rojas,Wireless Mouse,Accessories,2,60.45,120.9,48.0,72.9
SO-2025-03528,2025-02-15,2025-02,North America,Canada,Liam Chen,Wireless Mouse,Accessories,3,53.95,161.85,72.0,89.85
SO-2025-05616,2025-02-15,2025-02,Europe,United Kingdom,Noah Muller,USB-C Dock,Accessories,8,158.4,1267.2,704.0,563.2
SO-2025-03866,2025-02-15,2025-02,North America,Mexico,Ava Thompson,Analytics Add-on,Software,12,436.5,5238.0,840.0,4398.0
SO-2025-00761,2025-02-15,2025-02,North America,Canada,Ava Thompson,USB-C Dock,Accessories,10,153.0,1530.0,880.0,650.0
SO-2025-00706,2025-02-15,2025-02,APAC,Singapore,Chloe Wong,Mechanical Keyboard,Accessories,8,106.6,852.8,496.0,356.8
SO-2025-04862,2025-02-15,2025-02,LATAM,Chile,Mateo Silva,Noise-Cancel Headset,Accessories,8,206.4,1651.2,944.0,707.2
SO-2025-00495,2025-02-15,2025-02,Europe,France,Emma Laurent,CRM Suite (annual),Software,7,774.0,5418.0,980.0,4438.0
SO-2025-04662,2025-02-15,2025-02,Europe,France,Noah Muller,Wireless Mouse,Accessories,6,63.05,378.3,144.0,234.3
SO-2025-02414,2025-02-15,2025-02,LATAM,Argentina,Mateo Silva,UltraWide Monitor 34,Hardware,3,539.4,1618.2,1230.0,388.2
SO-2025-05671,2025-02-15,2025-02,Europe,United Kingdom,Emma Laurent,Laptop Air 13,Hardware,1,850.5,850.5,700.0,150.5
SO-2025-00410,2025-02-15,2025-02,Europe,Spain,Noah Muller,USB-C Dock,Accessories,4,163.8,655.2,352.0,303.2
SO-2025-03021,2025-02-15,2025-02,North America,Mexico,Sofia Ramirez,Wireless Mouse,Accessories,2,57.85,115.7,48.0,67.7
SO-2025-03109,2025-02-16,2025-02,APAC,Singapore,Haruto Sato,UltraWide Monitor 34,Hardware,4,558.0,2232.0,1640.0,592.0
SO-2025-01391,2025-02-16,2025-02,North America,United States,Sofia Ramirez,UltraWide Monitor 34,Hardware,4,595.2,2380.8,1640.0,740.8
SO-2025-05097,2025-02-16,2025-02,APAC,Japan,Haruto Sato,Noise-Cancel Headset,Accessories,7,220.8,1545.6,826.0,719.6
SO-2025-03794,2025-02-16,2025-02,APAC,Australia,Priya Nair,Analytics Add-on,Software,10,414.0,4140.0,700.0,3440.0
SO-2025-00513,2025-02-16,2025-02,North America,Canada,Liam Chen,Laptop Pro 15,Hardware,2,1290.5,2581.0,1960.0,621.0
SO-2025-03733,2025-02-16,2025-02,North America,Canada,Sofia Ramirez,Analytics Add-on,Software,11,396.0,4356.0,770.0,3586.0
SO-2025-00858,2025-02-16,2025-02,LATAM,Brazil,Diego Fernandez,USB-C Dock,Accessories,5,180.0,900.0,440.0,460.0
SO-2025-01492,2025-02-17,2025-02,Europe,United Kingdom,Noah Muller,UltraWide Monitor 34,Hardware,3,514.6,1543.8,1230.0,313.8
SO-2025-05271,2025-02-17,2025-02,North America,Canada,Liam Chen,UltraWide Monitor 34,Hardware,1,595.2,595.2,410.0,185.2
SO-2025-03715,2025-02-17,2025-02,LATAM,Chile,Diego Fernandez,Mechanical Keyboard,Accessories,7,105.3,737.1,434.0,303.1
SO-2025-00280,2025-02-17,2025-02,Europe,United Kingdom,Emma Laurent,Laptop Air 13,Hardware,4,955.5,3822.0,2800.0,1022.0
SO-2025-02461,2025-02-17,2025-02,Europe,Germany,Noah Muller,CRM Suite (annual),Software,23,819.0,18837.0,3220.0,15617.0
SO-2025-04715,2025-02-17,2025-02,North America,United States,Sofia Ramirez,UltraWide Monitor 34,Hardware,1,564.2,564.2,410.0,154.2
SO-2025-01830,2025-02-17,2025-02,North America,United States,Sofia Ramirez,Laptop Air 13,Hardware,2,850.5,1701.0,1400.0,301.0
SO-2025-03441,2025-02-17,2025-02,North America,Canada,Liam Chen,Laptop Air 13,Hardware,2,1050.0,2100.0,1400.0,700.0
SO-2025-01456,2025-02-17,2025-02,North America,United States,Liam Chen,UltraWide Monitor 34,Hardware,3,620.0,1860.0,1230.0,630.0
SO-2025-02245,2025-02-17,2025-02,Europe,Spain,Oliver Smith,Laptop Pro 15,Hardware,3,1247.0,3741.0,2940.0,801.0
SO-2025-05171,2025-02-17,2025-02,North America,Canada,Liam Chen,UltraWide Monitor 34,Hardware,2,582.8,1165.6,820.0,345.6
SO-2025-03717,2025-02-17,2025-02,Europe,Spain,Oliver Smith,Analytics Add-on,Software,12,409.5,4914.0,840.0,4074.0
SO-2025-05634,2025-02-18,2025-02,Europe,Spain,Noah Muller,Analytics Add-on,Software,19,409.5,7780.5,1330.0,6450.5
SO-2025-01015,2025-02-18,2025-02,North America,Mexico,Sofia Ramirez,CRM Suite (annual),Software,5,810.0,4050.0,700.0,3350.0
SO-2025-02822,2025-02-18,2025-02,Europe,United Kingdom,Noah Muller,Analytics Add-on,Software,18,369.0,6642.0,1260.0,5382.0
SO-2025-05598,2025-02-18,2025-02,Europe,United Kingdom,Noah Muller,Mechanical Keyboard,Accessories,6,117.0,702.0,372.0,330.0
SO-2025-01127,2025-02-18,2025-02,Europe,Spain,Noah Muller,Wireless Mouse,Accessories,5,53.95,269.75,120.0,149.75
SO-2025-02804,2025-02-18,2025-02,APAC,Japan,Haruto Sato,Laptop Air 13,Hardware,4,934.5,3738.0,2800.0,938.0
SO-2025-00956,2025-02-18,2025-02,North America,United States,Liam Chen,Laptop Air 13,Hardware,4,850.5,3402.0,2800.0,602.0
SO-2025-01840,2025-02-18,2025-02,North America,United States,Ava Thompson,Wireless Mouse,Accessories,9,53.3,479.7,216.0,263.7
SO-2025-04089,2025-02-18,2025-02,North America,United States,Sofia Ramirez,Laptop Air 13,Hardware,1,892.5,892.5,700.0,192.5
SO-2025-00190,2025-02-18,2025-02,North America,Canada,Ava Thompson,Noise-Cancel Headset,Accessories,9,235.2,2116.8,1062.0,1054.8
SO-2025-01517,2025-02-18,2025-02,APAC,Australia,Haruto Sato,USB-C Dock,Accessories,1,145.8,145.8,88.0,57.8
SO-2025-05701,2025-02-18,2025-02,Europe,United Kingdom,Emma Laurent,Laptop Pro 15,Hardware,1,1174.5,1174.5,980.0,194.5
SO-2025-04699,2025-02-18,2025-02,LATAM,Argentina,Diego Fernandez,Mechanical Keyboard,Accessories,10,109.2,1092.0,620.0,472.0
SO-2025-02503,2025-02-18,2025-02,North America,Mexico,Ava Thompson,Noise-Cancel Headset,Accessories,10,206.4,2064.0,1180.0,884.0
SO-2025-02517,2025-02-18,2025-02,Europe,United Kingdom,Emma Laurent,Security Suite,Software,16,623.0,9968.0,1760.0,8208.0
SO-2025-03827,2025-02-18,2025-02,Europe,Spain,Emma Laurent,Wireless Mouse,Accessories,7,53.95,377.65,168.0,209.65
SO-2025-04732,2025-02-18,2025-02,Europe,Germany,Oliver Smith,Wireless Mouse,Accessories,3,64.35,193.05,72.0,121.05
SO-2025-04624,2025-02-19,2025-02,North America,Mexico,Sofia Ramirez,Analytics Add-on,Software,20,369.0,7380.0,1400.0,5980.0
SO-2025-03721,2025-02-19,2025-02,Europe,Germany,Oliver Smith,Laptop Pro 15,Hardware,3,1421.0,4263.0,2940.0,1323.0
SO-2025-01111,2025-02-19,2025-02,LATAM,Chile,Camila Rojas,Laptop Air 13,Hardware,1,913.5,913.5,700.0,213.5
SO-2025-02977,2025-02-19,2025-02,APAC,India,Priya Nair,Security Suite,Software,25,609.0,15225.0,2750.0,12475.0
SO-2025-03406,2025-02-19,2025-02,North America,Canada,Sofia Ramirez,Mechanical Keyboard,Accessories,1,124.8,124.8,62.0,62.8
SO-2025-00826,2025-02-19,2025-02,Europe,Spain,Noah Muller,UltraWide Monitor 34,Hardware,4,595.2,2380.8,1640.0,740.8
SO-2025-03421,2025-02-19,2025-02,LATAM,Argentina,Mateo Silva,Analytics Add-on,Software,1,441.0,441.0,70.0,371.0
SO-2025-00729,2025-02-19,2025-02,Europe,Spain,Emma Laurent,Analytics Add-on,Software,20,427.5,8550.0,1400.0,7150.0
SO-2025-02516,2025-02-19,2025-02,APAC,Singapore,Chloe Wong,Security Suite,Software,6,602.0,3612.0,660.0,2952.0
SO-2025-02630,2025-02-19,2025-02,Europe,United Kingdom,Emma Laurent,CRM Suite (annual),Software,18,846.0,15228.0,2520.0,12708.0
SO-2025-03816,2025-02-19,2025-02,APAC,Japan,Chloe Wong,CRM Suite (annual),Software,15,837.0,12555.0,2100.0,10455.0
SO-2025-00866,2025-02-19,2025-02,APAC,Japan,Haruto Sato,Wireless Mouse,Accessories,5,59.8,299.0,120.0,179.0
SO-2025-02130,2025-02-19,2025-02,North America,Mexico,Ava Thompson,Security Suite,Software,8,595.0,4760.0,880.0,3880.0
SO-2025-02896,2025-02-19,2025-02,North America,Canada,Sofia Ramirez,Noise-Cancel Headset,Accessories,7,213.6,1495.2,826.0,669.2
SO-2025-02958,2025-02-19,2025-02,North America,Canada,Sofia Ramirez,Wireless Mouse,Accessories,10,57.2,572.0,240.0,332.0
SO-2025-04757,2025-02-19,2025-02,APAC,Japan,Chloe Wong,Laptop Air 13,Hardware,4,1050.0,4200.0,2800.0,1400.0
SO-2025-01301,2025-02-19,2025-02,APAC,Singapore,Haruto Sato,CRM Suite (annual),Software,16,765.0,12240.0,2240.0,10000.0
SO-2025-01311,2025-02-19,2025-02,Europe,Spain,Noah Muller,Laptop Pro 15,Hardware,1,1174.5,1174.5,980.0,194.5
SO-2025-00983,2025-02-20,2025-02,North America,Mexico,Ava Thompson,Wireless Mouse,Accessories,1,65.0,65.0,24.0,41.0
SO-2025-02490,2025-02-20,2025-02,Europe,France,Oliver Smith,CRM Suite (annual),Software,22,837.0,18414.0,3080.0,15334.0
SO-2025-00927,2025-02-20,2025-02,North America,United States,Liam Chen,Security Suite,Software,22,609.0,13398.0,2420.0,10978.0
SO-2025-02890,2025-02-20,2025-02,Europe,Germany,Noah Muller,Security Suite,Software,22,616.0,13552.0,2420.0,11132.0
SO-2025-02443,2025-02-20,2025-02,APAC,India,Chloe Wong,Wireless Mouse,Accessories,9,57.2,514.8,216.0,298.8
SO-2025-01766,2025-02-20,2025-02,LATAM,Chile,Camila Rojas,Analytics Add-on,Software,5,387.0,1935.0,350.0,1585.0
SO-2025-04062,2025-02-20,2025-02,LATAM,Brazil,Camila Rojas,Security Suite,Software,11,567.0,6237.0,1210.0,5027.0
SO-2025-04969,2025-02-20,2025-02,Europe,France,Noah Muller,Laptop Air 13,Hardware,1,966.0,966.0,700.0,266.0
SO-2025-03588,2025-02-20,2025-02,Europe,France,Emma Laurent,Wireless Mouse,Accessories,3,55.25,165.75,72.0,93.75
SO-2025-02326,2025-02-20,2025-02,North America,Canada,Liam Chen,USB-C Dock,Accessories,8,167.4,1339.2,704.0,635.2
SO-2025-01964,2025-02-20,2025-02,LATAM,Chile,Camila Rojas,Noise-Cancel Headset,Accessories,3,228.0,684.0,354.0,330.0
SO-2025-05872,2025-02-20,2025-02,North America,Canada,Liam Chen,Laptop Pro 15,Hardware,1,1377.5,1377.5,980.0,397.5
SO-2025-00156,2025-02-20,2025-02,North America,United States,Liam Chen,Noise-Cancel Headset,Accessories,10,213.6,2136.0,1180.0,956.0
SO-2025-03710,2025-02-20,2025-02,North America,Canada,Liam Chen,Laptop Air 13,Hardware,1,976.5,976.5,700.0,276.5
SO-2025-01650,2025-02-20,2025-02,APAC,Australia,Haruto Sato,Wireless Mouse,Accessories,2,65.0,130.0,48.0,82.0
SO-2025-05212,2025-02-20,2025-02,North America,Canada,Liam Chen,UltraWide Monitor 34,Hardware,2,551.8,1103.6,820.0,283.6
SO-2025-02851,2025-02-20,2025-02,North America,Mexico,Ava Thompson,USB-C Dock,Accessories,6,176.4,1058.4,528.0,530.4
SO-2025-02584,2025-02-20,2025-02,North America,United States,Liam Chen,USB-C Dock,Accessories,10,174.6,1746.0,880.0,866.0
SO-2025-04213,2025-02-21,2025-02,APAC,Japan,Priya Nair,Analytics Add-on,Software,12,405.0,4860.0,840.0,4020.0
SO-2025-05438,2025-02-21,2025-02,North America,Mexico,Liam Chen,Wireless Mouse,Accessories,6,64.35,386.1,144.0,242.1
SO-2025-00185,2025-02-21,2025-02,North America,United States,Sofia Ramirez,Wireless Mouse,Accessories,8,58.5,468.0,192.0,276.0
SO-2025-03872,2025-02-21,2025-02,Europe,United Kingdom,Emma Laurent,Laptop Pro 15,Hardware,1,1290.5,1290.5,980.0,310.5
SO-2025-05331,2025-02-21,2025-02,North America,Canada,Liam Chen,Wireless Mouse,Accessories,7,55.9,391.3,168.0,223.3
SO-2025-02675,2025-02-21,2025-02,Europe,United Kingdom,Noah Muller,UltraWide Monitor 34,Hardware,2,533.2,1066.4,820.0,246.4
SO-2025-00158,2025-02-21,2025-02,Europe,Germany,Emma Laurent,Wireless Mouse,Accessories,4,59.8,239.2,96.0,143.2
SO-2025-04174,2025-02-21,2025-02,North America,Mexico,Sofia Ramirez,Laptop Pro 15,Hardware,2,1290.5,2581.0,1960.0,621.0
SO-2025-04079,2025-02-21,2025-02,APAC,India,Priya Nair,Noise-Cancel Headset,Accessories,5,204.0,1020.0,590.0,430.0
SO-2025-05122,2025-02-21,2025-02,APAC,India,Priya Nair,Noise-Cancel Headset,Accessories,6,216.0,1296.0,708.0,588.0
SO-2025-01259,2025-02-21,2025-02,APAC,Japan,Haruto Sato,USB-C Dock,Accessories,4,172.8,691.2,352.0,339.2
SO-2025-05639,2025-02-21,2025-02,North America,Mexico,Liam Chen,CRM Suite (annual),Software,7,756.0,5292.0,980.0,4312.0
SO-2025-05831,2025-02-22,2025-02,Europe,France,Emma Laurent,UltraWide Monitor 34,Hardware,4,502.2,2008.8,1640.0,368.8
SO-2025-00548,2025-02-22,2025-02,North America,Canada,Sofia Ramirez,Mechanical Keyboard,Accessories,2,128.7,257.4,124.0,133.4
SO-2025-05853,2025-02-22,2025-02,North America,Canada,Liam Chen,Noise-Cancel Headset,Accessories,2,225.6,451.2,236.0,215.2
SO-2025-04424,2025-02-22,2025-02,Europe,Spain,Emma Laurent,CRM Suite (annual),Software,3,855.0,2565.0,420.0,2145.0
SO-2025-05071,2025-02-22,2025-02,APAC,Singapore,Priya Nair,Mechanical Keyboard,Accessories,6,107.9,647.4,372.0,275.4
SO-2025-05232,2025-02-22,2025-02,Europe,France,Emma Laurent,Noise-Cancel Headset,Accessories,5,196.8,984.0,590.0,394.0
SO-2025-00170,2025-02-22,2025-02,Europe,Spain,Oliver Smith,Noise-Cancel Headset,Accessories,1,230.4,230.4,118.0,112.4
SO-2025-03766,2025-02-22,2025-02,North America,Mexico,Liam Chen,Laptop Air 13,Hardware,3,850.5,2551.5,2100.0,451.5
SO-2025-00794,2025-02-22,2025-02,APAC,Australia,Haruto Sato,CRM Suite (annual),Software,9,846.0,7614.0,1260.0,6354.0
SO-2025-05061,2025-02-22,2025-02,APAC,India,Chloe Wong,Mechanical Keyboard,Accessories,2,119.6,239.2,124.0,115.2
SO-2025-05528,2025-02-22,2025-02,LATAM,Argentina,Mateo Silva,Security Suite,Software,16,574.0,9184.0,1760.0,7424.0
SO-2025-05256,2025-02-22,2025-02,Europe,Spain,Emma Laurent,Mechanical Keyboard,Accessories,8,109.2,873.6,496.0,377.6
SO-2025-00147,2025-02-22,2025-02,North America,Mexico,Liam Chen,Laptop Pro 15,Hardware,3,1392.0,4176.0,2940.0,1236.0
SO-2025-00351,2025-02-22,2025-02,APAC,India,Chloe Wong,Wireless Mouse,Accessories,7,57.2,400.4,168.0,232.4
SO-2025-01960,2025-02-22,2025-02,North America,Mexico,Ava Thompson,Analytics Add-on,Software,3,405.0,1215.0,210.0,1005.0
SO-2025-04623,2025-02-22,2025-02,Europe,Germany,Oliver Smith,Wireless Mouse,Accessories,3,53.3,159.9,72.0,87.9
SO-2025-04574,2025-02-22,2025-02,Europe,Spain,Emma Laurent,Wireless Mouse,Accessories,2,53.95,107.9,48.0,59.9
SO-2025-04380,2025-02-22,2025-02,APAC,Australia,Chloe Wong,Noise-Cancel Headset,Accessories,10,194.4,1944.0,1180.0,764.0
SO-2025-02115,2025-02-22,2025-02,LATAM,Chile,Camila Rojas,CRM Suite (annual),Software,8,765.0,6120.0,1120.0,5000.0
SO-2025-03735,2025-02-22,2025-02,North America,Mexico,Liam Chen,Security Suite,Software,13,602.0,7826.0,1430.0,6396.0
SO-2025-04751,2025-02-22,2025-02,North America,United States,Sofia Ramirez,Wireless Mouse,Accessories,5,61.75,308.75,120.0,188.75
SO-2025-05873,2025-02-22,2025-02,APAC,Singapore,Priya Nair,Noise-Cancel Headset,Accessories,4,235.2,940.8,472.0,468.8
SO-2025-03892,2025-02-23,2025-02,North America,Canada,Ava Thompson,Analytics Add-on,Software,13,423.0,5499.0,910.0,4589.0
SO-2025-04645,2025-02-23,2025-02,North America,Canada,Ava Thompson,Analytics Add-on,Software,5,369.0,1845.0,350.0,1495.0
SO-2025-03319,2025-02-23,2025-02,North America,Mexico,Liam Chen,Security Suite,Software,1,560.0,560.0,110.0,450.0
SO-2025-02449,2025-02-23,2025-02,APAC,India,Priya Nair,Analytics Add-on,Software,21,405.0,8505.0,1470.0,7035.0
SO-2025-04967,2025-02-23,2025-02,Europe,Germany,Noah Muller,Laptop Pro 15,Hardware,1,1421.0,1421.0,980.0,441.0
SO-2025-02748,2025-02-23,2025-02,North America,Canada,Sofia Ramirez,UltraWide Monitor 34,Hardware,3,527.0,1581.0,1230.0,351.0
SO-2025-05542,2025-02-23,2025-02,North America,United States,Ava Thompson,UltraWide Monitor 34,Hardware,4,570.4,2281.6,1640.0,641.6
SO-2025-03582,2025-02-23,2025-02,Europe,Spain,Oliver Smith,Laptop Pro 15,Hardware,4,1348.5,5394.0,3920.0,1474.0
SO-2025-03998,2025-02-23,2025-02,North America,United States,Liam Chen,Laptop Pro 15,Hardware,2,1174.5,2349.0,1960.0,389.0
SO-2025-01051,2025-02-23,2025-02,North America,United States,Sofia Ramirez,USB-C Dock,Accessories,5,147.6,738.0,440.0,298.0
SO-2025-04041,2025-02-23,2025-02,North America,Canada,Ava Thompson,Laptop Pro 15,Hardware,1,1276.0,1276.0,980.0,296.0
SO-2025-04546,2025-02-23,2025-02,Europe,Germany,Noah Muller,Wireless Mouse,Accessories,7,53.3,373.1,168.0,205.1
SO-2025-04312,2025-02-23,2025-02,Europe,Spain,Oliver Smith,USB-C Dock,Accessories,1,178.2,178.2,88.0,90.2
SO-2025-01026,2025-02-23,2025-02,Europe,United Kingdom,Oliver Smith,UltraWide Monitor 34,Hardware,4,613.8,2455.2,1640.0,815.2
SO-2025-02623,2025-02-23,2025-02,North America,Canada,Ava Thompson,Wireless Mouse,Accessories,5,53.3,266.5,120.0,146.5
SO-2025-04822,2025-02-24,2025-02,North America,Mexico,Sofia Ramirez,USB-C Dock,Accessories,3,145.8,437.4,264.0,173.4
SO-2025-02035,2025-02-24,2025-02,North America,Mexico,Liam Chen,Wireless Mouse,Accessories,2,52.65,105.3,48.0,57.3
SO-2025-04274,2025-02-24,2025-02,APAC,Singapore,Chloe Wong,CRM Suite (annual),Software,12,747.0,8964.0,1680.0,7284.0
SO-2025-05887,2025-02-24,2025-02,North America,United States,Liam Chen,Analytics Add-on,Software,1,445.5,445.5,70.0,375.5
SO-2025-05307,2025-02-24,2025-02,North America,Canada,Sofia Ramirez,UltraWide Monitor 34,Hardware,2,582.8,1165.6,820.0,345.6
SO-2025-00871,2025-02-24,2025-02,North America,Canada,Sofia Ramirez,Wireless Mouse,Accessories,5,56.55,282.75,120.0,162.75
SO-2025-03669,2025-02-24,2025-02,North America,Canada,Sofia Ramirez,Security Suite,Software,22,651.0,14322.0,2420.0,11902.0
SO-2025-05260,2025-02-24,2025-02,Europe,Spain,Noah Muller,Security Suite,Software,6,581.0,3486.0,660.0,2826.0
SO-2025-04256,2025-02-24,2025-02,APAC,India,Haruto Sato,Mechanical Keyboard,Accessories,3,115.7,347.1,186.0,161.1
SO-2025-04729,2025-02-24,2025-02,APAC,Australia,Priya Nair,Laptop Air 13,Hardware,1,945.0,945.0,700.0,245.0
SO-2025-05806,2025-02-24,2025-02,Europe,Spain,Noah Muller,Analytics Add-on,Software,16,441.0,7056.0,1120.0,5936.0
SO-2025-04758,2025-02-24,2025-02,Europe,Germany,Noah Muller,Analytics Add-on,Software,12,373.5,4482.0,840.0,3642.0
SO-2025-02561,2025-02-24,2025-02,Europe,United Kingdom,Oliver Smith,Mechanical Keyboard,Accessories,3,124.8,374.4,186.0,188.4
SO-2025-04333,2025-02-24,2025-02,North America,Mexico,Liam Chen,Laptop Air 13,Hardware,2,871.5,1743.0,1400.0,343.0
SO-2025-04187,2025-02-24,2025-02,North America,United States,Sofia Ramirez,USB-C Dock,Accessories,4,171.0,684.0,352.0,332.0
SO-2025-00727,2025-02-24,2025-02,LATAM,Chile,Mateo Silva,Wireless Mouse,Accessories,10,52.65,526.5,240.0,286.5
SO-2025-01543,2025-02-24,2025-02,APAC,Japan,Haruto Sato,Laptop Pro 15,Hardware,4,1450.0,5800.0,3920.0,1880.0
SO-2025-03088,2025-02-24,2025-02,APAC,India,Priya Nair,UltraWide Monitor 34,Hardware,4,539.4,2157.6,1640.0,517.6
SO-2025-05781,2025-02-24,2025-02,APAC,Singapore,Haruto Sato,Mechanical Keyboard,Accessories,2,120.9,241.8,124.0,117.8
SO-2025-03237,2025-02-24,2025-02,Europe,France,Oliver Smith,Mechanical Keyboard,Accessories,2,106.6,213.2,124.0,89.2
SO-2025-04630,2025-02-24,2025-02,Europe,Spain,Emma Laurent,Wireless Mouse,Accessories,10,61.75,617.5,240.0,377.5
SO-2025-00902,2025-02-25,2025-02,Europe,Spain,Emma Laurent,UltraWide Monitor 34,Hardware,4,558.0,2232.0,1640.0,592.0
SO-2025-02625,2025-02-25,2025-02,North America,United States,Ava Thompson,Laptop Pro 15,Hardware,3,1290.5,3871.5,2940.0,931.5
SO-2025-03797,2025-02-25,2025-02,APAC,India,Haruto Sato,UltraWide Monitor 34,Hardware,4,595.2,2380.8,1640.0,740.8
SO-2025-03989,2025-02-25,2025-02,Europe,Germany,Oliver Smith,UltraWide Monitor 34,Hardware,2,508.4,1016.8,820.0,196.8
SO-2025-02314,2025-02-25,2025-02,APAC,Australia,Haruto Sato,Laptop Air 13,Hardware,1,882.0,882.0,700.0,182.0
SO-2025-01449,2025-02-25,2025-02,North America,Mexico,Ava Thompson,Security Suite,Software,11,686.0,7546.0,1210.0,6336.0
SO-2025-01097,2025-02-25,2025-02,North America,Canada,Sofia Ramirez,Mechanical Keyboard,Accessories,10,128.7,1287.0,620.0,667.0
SO-2025-00264,2025-02-25,2025-02,North America,Mexico,Ava Thompson,Wireless Mouse,Accessories,8,58.5,468.0,192.0,276.0
SO-2025-00139,2025-02-25,2025-02,LATAM,Chile,Diego Fernandez,Noise-Cancel Headset,Accessories,7,194.4,1360.8,826.0,534.8
SO-2025-01678,2025-02-25,2025-02,LATAM,Argentina,Mateo Silva,Mechanical Keyboard,Accessories,9,118.3,1064.7,558.0,506.7
SO-2025-05117,2025-02-25,2025-02,North America,United States,Liam Chen,Laptop Pro 15,Hardware,4,1290.5,5162.0,3920.0,1242.0
SO-2025-00682,2025-02-25,2025-02,Europe,United Kingdom,Noah Muller,Noise-Cancel Headset,Accessories,7,223.2,1562.4,826.0,736.4
SO-2025-02105,2025-02-25,2025-02,North America,Canada,Liam Chen,UltraWide Monitor 34,Hardware,2,607.6,1215.2,820.0,395.2
SO-2025-04384,2025-02-25,2025-02,Europe,United Kingdom,Emma Laurent,Mechanical Keyboard,Accessories,6,126.1,756.6,372.0,384.6
SO-2025-01415,2025-02-26,2025-02,Europe,France,Emma Laurent,Laptop Air 13,Hardware,1,945.0,945.0,700.0,245.0
SO-2025-04027,2025-02-26,2025-02,North America,Mexico,Liam Chen,Mechanical Keyboard,Accessories,10,114.4,1144.0,620.0,524.0
SO-2025-02078,2025-02-26,2025-02,North America,Mexico,Liam Chen,UltraWide Monitor 34,Hardware,4,582.8,2331.2,1640.0,691.2
SO-2025-05508,2025-02-26,2025-02,North America,Mexico,Ava Thompson,Analytics Add-on,Software,25,418.5,10462.5,1750.0,8712.5
SO-2025-05515,2025-02-26,2025-02,Europe,France,Emma Laurent,Security Suite,Software,9,693.0,6237.0,990.0,5247.0
SO-2025-04650,2025-02-26,2025-02,APAC,Japan,Priya Nair,Laptop Air 13,Hardware,4,882.0,3528.0,2800.0,728.0
SO-2025-05326,2025-02-26,2025-02,Europe,France,Noah Muller,Laptop Air 13,Hardware,3,934.5,2803.5,2100.0,703.5
SO-2025-02060,2025-02-26,2025-02,North America,Mexico,Liam Chen,Laptop Pro 15,Hardware,3,1232.5,3697.5,2940.0,757.5
SO-2025-05183,2025-02-26,2025-02,LATAM,Argentina,Diego Fernandez,CRM Suite (annual),Software,22,891.0,19602.0,3080.0,16522.0
SO-2025-00368,2025-02-26,2025-02,APAC,Japan,Priya Nair,USB-C Dock,Accessories,5,154.8,774.0,440.0,334.0
SO-2025-05586,2025-02-26,2025-02,North America,United States,Sofia Ramirez,UltraWide Monitor 34,Hardware,3,570.4,1711.2,1230.0,481.2
SO-2025-03704,2025-02-26,2025-02,Europe,Spain,Noah Muller,Noise-Cancel Headset,Accessories,7,199.2,1394.4,826.0,568.4
SO-2025-02139,2025-02-26,2025-02,APAC,India,Haruto Sato,Analytics Add-on,Software,24,364.5,8748.0,1680.0,7068.0
SO-2025-01811,2025-02-26,2025-02,Europe,Germany,Oliver Smith,Mechanical Keyboard,Accessories,5,105.3,526.5,310.0,216.5
SO-2025-01284,2025-02-27,2025-02,Europe,United Kingdom,Noah Muller,Laptop Pro 15,Hardware,4,1334.0,5336.0,3920.0,1416.0
SO-2025-00928,2025-02-27,2025-02,APAC,Australia,Haruto Sato,Laptop Air 13,Hardware,1,945.0,945.0,700.0,245.0
SO-2025-04369,2025-02-27,2025-02,APAC,Australia,Chloe Wong,Wireless Mouse,Accessories,8,63.7,509.6,192.0,317.6
SO-2025-00819,2025-02-27,2025-02,APAC,India,Priya Nair,Laptop Pro 15,Hardware,2,1392.0,2784.0,1960.0,824.0
SO-2025-02427,2025-02-27,2025-02,Europe,Germany,Emma Laurent,Mechanical Keyboard,Accessories,1,109.2,109.2,62.0,47.2
SO-2025-03207,2025-02-27,2025-02,APAC,Japan,Priya Nair,CRM Suite (annual),Software,15,810.0,12150.0,2100.0,10050.0
SO-2025-03151,2025-02-27,2025-02,North America,Canada,Sofia Ramirez,Mechanical Keyboard,Accessories,1,126.1,126.1,62.0,64.1
SO-2025-03240,2025-02-27,2025-02,LATAM,Brazil,Mateo Silva,Analytics Add-on,Software,10,373.5,3735.0,700.0,3035.0
SO-2025-04747,2025-02-27,2025-02,North America,Canada,Sofia Ramirez,USB-C Dock,Accessories,10,149.4,1494.0,880.0,614.0
SO-2025-01508,2025-02-27,2025-02,APAC,Japan,Chloe Wong,Laptop Pro 15,Hardware,3,1174.5,3523.5,2940.0,583.5
SO-2025-01300,2025-02-27,2025-02,Europe,Germany,Noah Muller,Laptop Air 13,Hardware,2,1029.0,2058.0,1400.0,658.0
SO-2025-04936,2025-02-27,2025-02,APAC,Australia,Priya Nair,Security Suite,Software,20,567.0,11340.0,2200.0,9140.0
SO-2025-01813,2025-02-27,2025-02,APAC,Australia,Haruto Sato,USB-C Dock,Accessories,8,172.8,1382.4,704.0,678.4
SO-2025-01754,2025-02-27,2025-02,APAC,Japan,Chloe Wong,Laptop Air 13,Hardware,2,976.5,1953.0,1400.0,553.0
SO-2025-00894,2025-02-27,2025-02,APAC,India,Haruto Sato,Laptop Pro 15,Hardware,4,1261.5,5046.0,3920.0,1126.0
SO-2025-05783,2025-02-27,2025-02,North America,United States,Liam Chen,Noise-Cancel Headset,Accessories,7,192.0,1344.0,826.0,518.0
SO-2025-03961,2025-02-27,2025-02,APAC,Japan,Chloe Wong,Laptop Air 13,Hardware,4,913.5,3654.0,2800.0,854.0
SO-2025-04656,2025-02-27,2025-02,Europe,Germany,Emma Laurent,Laptop Air 13,Hardware,3,861.0,2583.0,2100.0,483.0
SO-2025-01134,2025-02-27,2025-02,APAC,Australia,Chloe Wong,Laptop Air 13,Hardware,4,945.0,3780.0,2800.0,980.0
SO-2025-02374,2025-02-27,2025-02,North America,Mexico,Ava Thompson,Mechanical Keyboard,Accessories,10,113.1,1131.0,620.0,511.0
SO-2025-02597,2025-02-28,2025-02,Europe,United Kingdom,Noah Muller,CRM Suite (annual),Software,3,873.0,2619.0,420.0,2199.0
SO-2025-03967,2025-02-28,2025-02,LATAM,Chile,Diego Fernandez,Laptop Air 13,Hardware,1,850.5,850.5,700.0,150.5
SO-2025-01348,2025-02-28,2025-02,Europe,United Kingdom,Emma Laurent,Security Suite,Software,15,644.0,9660.0,1650.0,8010.0
SO-2025-00148,2025-02-28,2025-02,APAC,Japan,Chloe Wong,UltraWide Monitor 34,Hardware,1,613.8,613.8,410.0,203.8
SO-2025-03960,2025-02-28,2025-02,Europe,Spain,Noah Muller,Mechanical Keyboard,Accessories,1,123.5,123.5,62.0,61.5
SO-2025-02797,2025-02-28,2025-02,North America,United States,Ava Thompson,Noise-Cancel Headset,Accessories,6,218.4,1310.4,708.0,602.4
SO-2025-00503,2025-02-28,2025-02,APAC,Japan,Haruto Sato,Analytics Add-on,Software,22,391.5,8613.0,1540.0,7073.0
SO-2025-04404,2025-02-28,2025-02,North America,United States,Ava Thompson,Noise-Cancel Headset,Accessories,4,223.2,892.8,472.0,420.8
SO-2025-05628,2025-02-28,2025-02,North America,Canada,Sofia Ramirez,Security Suite,Software,19,560.0,10640.0,2090.0,8550.0
SO-2025-01436,2025-03-01,2025-03,North America,Mexico,Sofia Ramirez,UltraWide Monitor 34,Hardware,2,558.0,1116.0,820.0,296.0
SO-2025-00093,2025-03-01,2025-03,APAC,Australia,Priya Nair,Laptop Pro 15,Hardware,1,1290.5,1290.5,980.0,310.5
SO-2025-04183,2025-03-01,2025-03,North America,Canada,Liam Chen,USB-C Dock,Accessories,5,174.6,873.0,440.0,433.0
SO-2025-05144,2025-03-01,2025-03,Europe,France,Emma Laurent,USB-C Dock,Accessories,9,167.4,1506.6,792.0,714.6
SO-2025-04048,2025-03-01,2025-03,North America,Canada,Liam Chen,Laptop Pro 15,Hardware,1,1334.0,1334.0,980.0,354.0
SO-2025-02433,2025-03-01,2025-03,North America,Mexico,Sofia Ramirez,Wireless Mouse,Accessories,7,59.8,418.6,168.0,250.6
SO-2025-01568,2025-03-01,2025-03,APAC,Australia,Haruto Sato,Security Suite,Software,20,679.0,13580.0,2200.0,11380.0
SO-2025-04807,2025-03-01,2025-03,APAC,Japan,Priya Nair,Analytics Add-on,Software,20,423.0,8460.0,1400.0,7060.0
SO-2025-04503,2025-03-01,2025-03,North America,Mexico,Liam Chen,Wireless Mouse,Accessories,7,52.65,368.55,168.0,200.55
SO-2025-02189,2025-03-01,2025-03,APAC,Singapore,Priya Nair,USB-C Dock,Accessories,3,165.6,496.8,264.0,232.8
SO-2025-04854,2025-03-01,2025-03,Europe,France,Oliver Smith,Laptop Pro 15,Hardware,2,1276.0,2552.0,1960.0,592.0
SO-2025-04442,2025-03-01,2025-03,LATAM,Chile,Camila Rojas,Noise-Cancel Headset,Accessories,7,213.6,1495.2,826.0,669.2
SO-2025-03380,2025-03-01,2025-03,North America,Canada,Sofia Ramirez,Analytics Add-on,Software,7,436.5,3055.5,490.0,2565.5
SO-2025-01128,2025-03-01,2025-03,Europe,Germany,Emma Laurent,Laptop Air 13,Hardware,4,1018.5,4074.0,2800.0,1274.0
SO-2025-00627,2025-03-01,2025-03,North America,United States,Sofia Ramirez,UltraWide Monitor 34,Hardware,1,595.2,595.2,410.0,185.2
SO-2025-03556,2025-03-01,2025-03,North America,Mexico,Sofia Ramirez,USB-C Dock,Accessories,6,151.2,907.2,528.0,379.2
SO-2025-01146,2025-03-02,2025-03,LATAM,Chile,Mateo Silva,Analytics Add-on,Software,23,387.0,8901.0,1610.0,7291.0
SO-2025-00873,2025-03-02,2025-03,North America,Canada,Sofia Ramirez,Laptop Air 13,Hardware,2,1039.5,2079.0,1400.0,679.0
SO-2025-03834,2025-03-02,2025-03,Europe,France,Oliver Smith,CRM Suite (annual),Software,10,756.0,7560.0,1400.0,6160.0
SO-2025-04633,2025-03-02,2025-03,APAC,Australia,Haruto Sato,CRM Suite (annual),Software,9,819.0,7371.0,1260.0,6111.0
SO-2025-05724,2025-03-02,2025-03,APAC,Singapore,Chloe Wong,UltraWide Monitor 34,Hardware,1,589.0,589.0,410.0,179.0
SO-2025-02854,2025-03-02,2025-03,North America,Canada,Ava Thompson,Laptop Pro 15,Hardware,2,1290.5,2581.0,1960.0,621.0
SO-2025-03233,2025-03-02,2025-03,North America,United States,Liam Chen,USB-C Dock,Accessories,5,156.6,783.0,440.0,343.0
SO-2025-04505,2025-03-02,2025-03,Europe,Germany,Noah Muller,Analytics Add-on,Software,18,373.5,6723.0,1260.0,5463.0
SO-2025-03515,2025-03-02,2025-03,APAC,Singapore,Haruto Sato,Security Suite,Software,16,574.0,9184.0,1760.0,7424.0
SO-2025-04959,2025-03-02,2025-03,Europe,France,Noah Muller,Wireless Mouse,Accessories,6,62.4,374.4,144.0,230.4
SO-2025-02638,2025-03-02,2025-03,North America,Canada,Ava Thompson,Laptop Air 13,Hardware,3,850.5,2551.5,2100.0,451.5
SO-2025-02966,2025-03-02,2025-03,North America,Mexico,Ava Thompson,Laptop Pro 15,Hardware,2,1203.5,2407.0,1960.0,447.0
SO-2025-02308,2025-03-02,2025-03,Europe,Germany,Noah Muller,UltraWide Monitor 34,Hardware,1,514.6,514.6,410.0,104.6
SO-2025-00999,2025-03-02,2025-03,LATAM,Argentina,Camila Rojas,Mechanical Keyboard,Accessories,3,126.1,378.3,186.0,192.3
SO-2025-03327,2025-03-03,2025-03,Europe,France,Emma Laurent,Mechanical Keyboard,Accessories,6,124.8,748.8,372.0,376.8
SO-2025-03986,2025-03-03,2025-03,North America,Canada,Ava Thompson,Security Suite,Software,12,651.0,7812.0,1320.0,6492.0
SO-2025-02970,2025-03-03,2025-03,Europe,Germany,Oliver Smith,Analytics Add-on,Software,21,378.0,7938.0,1470.0,6468.0
SO-2025-05341,2025-03-03,2025-03,North America,Canada,Sofia Ramirez,Mechanical Keyboard,Accessories,5,107.9,539.5,310.0,229.5
SO-2025-03148,2025-03-03,2025-03,Europe,United Kingdom,Emma Laurent,Wireless Mouse,Accessories,5,55.25,276.25,120.0,156.25
SO-2025-05557,2025-03-03,2025-03,Europe,Spain,Oliver Smith,Laptop Air 13,Hardware,4,945.0,3780.0,2800.0,980.0
SO-2025-05158,2025-03-03,2025-03,APAC,Australia,Priya Nair,Wireless Mouse,Accessories,1,62.4,62.4,24.0,38.4
SO-2025-02153,2025-03-03,2025-03,North America,Canada,Sofia Ramirez,Noise-Cancel Headset,Accessories,3,216.0,648.0,354.0,294.0
SO-2025-00389,2025-03-03,2025-03,North America,Mexico,Ava Thompson,Security Suite,Software,5,623.0,3115.0,550.0,2565.0
SO-2025-04695,2025-03-03,2025-03,Europe,France,Noah Muller,Mechanical Keyboard,Accessories,8,111.8,894.4,496.0,398.4
SO-2025-04539,2025-03-03,2025-03,LATAM,Argentina,Mateo Silva,CRM Suite (annual),Software,7,846.0,5922.0,980.0,4942.0
SO-2025-01679,2025-03-03,2025-03,APAC,India,Haruto Sato,Security Suite,Software,15,651.0,9765.0,1650.0,8115.0
SO-2025-01093,2025-03-03,2025-03,APAC,Japan,Haruto Sato,Wireless Mouse,Accessories,9,60.45,544.05,216.0,328.05
SO-2025-05296,2025-03-04,2025-03,North America,Mexico,Sofia Ramirez,CRM Suite (annual),Software,19,810.0,15390.0,2660.0,12730.0
SO-2025-03606,2025-03-04,2025-03,Europe,Germany,Emma Laurent,Noise-Cancel Headset,Accessories,2,220.8,441.6,236.0,205.6
SO-2025-03231,2025-03-04,2025-03,North America,Canada,Liam Chen,Wireless Mouse,Accessories,3,57.2,171.6,72.0,99.6
SO-2025-03499,2025-03-04,2025-03,Europe,United Kingdom,Emma Laurent,Laptop Air 13,Hardware,1,1050.0,1050.0,700.0,350.0
SO-2025-02870,2025-03-04,2025-03,North America,Canada,Sofia Ramirez,Wireless Mouse,Accessories,5,57.2,286.0,120.0,166.0
SO-2025-04451,2025-03-04,2025-03,North America,Canada,Ava Thompson,Security Suite,Software,13,651.0,8463.0,1430.0,7033.0
SO-2025-01907,2025-03-04,2025-03,North America,United States,Sofia Ramirez,Security Suite,Software,7,672.0,4704.0,770.0,3934.0
SO-2025-02097,2025-03-04,2025-03,APAC,Japan,Priya Nair,Laptop Air 13,Hardware,2,955.5,1911.0,1400.0,511.0
SO-2025-03996,2025-03-04,2025-03,APAC,Singapore,Chloe Wong,Wireless Mouse,Accessories,1,59.15,59.15,24.0,35.15
SO-2025-01873,2025-03-04,2025-03,North America,Canada,Ava Thompson,UltraWide Monitor 34,Hardware,2,620.0,1240.0,820.0,420.0
SO-2025-04128,2025-03-04,2025-03,APAC,India,Haruto Sato,USB-C Dock,Accessories,6,171.0,1026.0,528.0,498.0
SO-2025-01721,2025-03-04,2025-03,North America,United States,Ava Thompson,Wireless Mouse,Accessories,2,63.7,127.4,48.0,79.4
SO-2025-04356,2025-03-04,2025-03,North America,United States,Sofia Ramirez,Mechanical Keyboard,Accessories,1,109.2,109.2,62.0,47.2
SO-2025-00027,2025-03-04,2025-03,Europe,France,Emma Laurent,Wireless Mouse,Accessories,1,56.55,56.55,24.0,32.55
SO-2025-04360,2025-03-04,2025-03,APAC,Japan,Haruto Sato,CRM Suite (annual),Software,22,828.0,18216.0,3080.0,15136.0
SO-2025-01979,2025-03-04,2025-03,North America,United States,Ava Thompson,Analytics Add-on,Software,9,441.0,3969.0,630.0,3339.0
SO-2025-02004,2025-03-04,2025-03,APAC,Australia,Chloe Wong,Noise-Cancel Headset,Accessories,1,237.6,237.6,118.0,119.6
SO-2025-00137,2025-03-05,2025-03,APAC,India,Chloe Wong,Wireless Mouse,Accessories,5,53.95,269.75,120.0,149.75
SO-2025-05025,2025-03-05,2025-03,North America,Mexico,Liam Chen,Security Suite,Software,17,700.0,11900.0,1870.0,10030.0
SO-2025-03274,2025-03-05,2025-03,North America,United States,Liam Chen,UltraWide Monitor 34,Hardware,2,595.2,1190.4,820.0,370.4
SO-2025-00616,2025-03-05,2025-03,LATAM,Chile,Mateo Silva,Analytics Add-on,Software,24,427.5,10260.0,1680.0,8580.0
SO-2025-05466,2025-03-05,2025-03,North America,Canada,Liam Chen,Laptop Pro 15,Hardware,2,1406.5,2813.0,1960.0,853.0
SO-2025-02044,2025-03-05,2025-03,North America,United States,Sofia Ramirez,Analytics Add-on,Software,5,441.0,2205.0,350.0,1855.0
SO-2025-00045,2025-03-05,2025-03,North America,Canada,Ava Thompson,Security Suite,Software,7,602.0,4214.0,770.0,3444.0
SO-2025-02012,2025-03-05,2025-03,Europe,United Kingdom,Noah Muller,Security Suite,Software,21,574.0,12054.0,2310.0,9744.0
SO-2025-02796,2025-03-05,2025-03,Europe,France,Emma Laurent,Analytics Add-on,Software,2,369.0,738.0,140.0,598.0
SO-2025-00702,2025-03-05,2025-03,North America,Mexico,Sofia Ramirez,UltraWide Monitor 34,Hardware,2,545.6,1091.2,820.0,271.2
SO-2025-01387,2025-03-05,2025-03,Europe,United Kingdom,Noah Muller,Mechanical Keyboard,Accessories,3,110.5,331.5,186.0,145.5
SO-2025-00179,2025-03-05,2025-03,APAC,Japan,Haruto Sato,Security Suite,Software,21,630.0,13230.0,2310.0,10920.0
SO-2025-03609,2025-03-05,2025-03,Europe,Germany,Oliver Smith,Analytics Add-on,Software,9,441.0,3969.0,630.0,3339.0
SO-2025-05984,2025-03-06,2025-03,Europe,France,Emma Laurent,Security Suite,Software,16,651.0,10416.0,1760.0,8656.0
SO-2025-00964,2025-03-06,2025-03,APAC,India,Chloe Wong,Security Suite,Software,19,672.0,12768.0,2090.0,10678.0
SO-2025-04019,2025-03-06,2025-03,North America,Mexico,Liam Chen,CRM Suite (annual),Software,9,846.0,7614.0,1260.0,6354.0
SO-2025-04381,2025-03-06,2025-03,North America,Mexico,Sofia Ramirez,Wireless Mouse,Accessories,8,57.2,457.6,192.0,265.6
SO-2025-00853,2025-03-06,2025-03,APAC,Australia,Haruto Sato,UltraWide Monitor 34,Hardware,1,496.0,496.0,410.0,86.0
SO-2025-05830,2025-03-06,2025-03,North America,United States,Ava Thompson,Laptop Air 13,Hardware,3,913.5,2740.5,2100.0,640.5
SO-2025-05443,2025-03-06,2025-03,North America,Canada,Sofia Ramirez,Security Suite,Software,4,630.0,2520.0,440.0,2080.0
SO-2025-04941,2025-03-06,2025-03,Europe,Germany,Noah Muller,Laptop Air 13,Hardware,4,945.0,3780.0,2800.0,980.0
SO-2025-01783,2025-03-06,2025-03,North America,Canada,Sofia Ramirez,Laptop Air 13,Hardware,1,1029.0,1029.0,700.0,329.0
SO-2025-05790,2025-03-06,2025-03,Europe,United Kingdom,Emma Laurent,Laptop Air 13,Hardware,4,955.5,3822.0,2800.0,1022.0
SO-2025-02283,2025-03-06,2025-03,APAC,Singapore,Priya Nair,Mechanical Keyboard,Accessories,6,115.7,694.2,372.0,322.2
SO-2025-03047,2025-03-06,2025-03,Europe,France,Noah Muller,Wireless Mouse,Accessories,1,57.2,57.2,24.0,33.2
SO-2025-05771,2025-03-06,2025-03,Europe,France,Emma Laurent,Mechanical Keyboard,Accessories,1,119.6,119.6,62.0,57.6
SO-2025-03333,2025-03-06,2025-03,Europe,United Kingdom,Emma Laurent,Laptop Air 13,Hardware,4,1018.5,4074.0,2800.0,1274.0
SO-2025-02684,2025-03-07,2025-03,North America,Canada,Sofia Ramirez,Laptop Pro 15,Hardware,3,1406.5,4219.5,2940.0,1279.5
SO-2025-02952,2025-03-07,2025-03,North America,United States,Ava Thompson,Mechanical Keyboard,Accessories,1,126.1,126.1,62.0,64.1
SO-2025-03027,2025-03-07,2025-03,APAC,Australia,Haruto Sato,Noise-Cancel Headset,Accessories,4,194.4,777.6,472.0,305.6
SO-2025-00806,2025-03-07,2025-03,North America,Mexico,Ava Thompson,Wireless Mouse,Accessories,2,54.6,109.2,48.0,61.2
SO-2025-04033,2025-03-07,2025-03,North America,United States,Sofia Ramirez,Laptop Pro 15,Hardware,4,1174.5,4698.0,3920.0,778.0
SO-2025-05843,2025-03-07,2025-03,North America,Mexico,Liam Chen,USB-C Dock,Accessories,4,178.2,712.8,352.0,360.8
SO-2025-02304,2025-03-07,2025-03,APAC,Japan,Haruto Sato,Analytics Add-on,Software,21,396.0,8316.0,1470.0,6846.0
SO-2025-04978,2025-03-07,2025-03,Europe,France,Oliver Smith,Security Suite,Software,8,658.0,5264.0,880.0,4384.0
SO-2025-01536,2025-03-07,2025-03,APAC,Japan,Chloe Wong,Noise-Cancel Headset,Accessories,3,211.2,633.6,354.0,279.6
SO-2025-01080,2025-03-07,2025-03,Europe,Germany,Noah Muller,Mechanical Keyboard,Accessories,8,111.8,894.4,496.0,398.4
SO-2025-02261,2025-03-07,2025-03,APAC,India,Chloe Wong,Analytics Add-on,Software,14,405.0,5670.0,980.0,4690.0
SO-2025-04765,2025-03-07,2025-03,North America,Canada,Sofia Ramirez,Mechanical Keyboard,Accessories,4,107.9,431.6,248.0,183.6
SO-2025-04458,2025-03-07,2025-03,Europe,France,Emma Laurent,Noise-Cancel Headset,Accessories,2,228.0,456.0,236.0,220.0
SO-2025-01904,2025-03-07,2025-03,North America,United States,Sofia Ramirez,CRM Suite (annual),Software,10,855.0,8550.0,1400.0,7150.0
SO-2025-05751,2025-03-07,2025-03,Europe,Spain,Noah Muller,Mechanical Keyboard,Accessories,4,119.6,478.4,248.0,230.4
SO-2025-04951,2025-03-07,2025-03,North America,Canada,Sofia Ramirez,CRM Suite (annual),Software,1,837.0,837.0,140.0,697.0
SO-2025-05471,2025-03-07,2025-03,North America,United States,Sofia Ramirez,Noise-Cancel Headset,Accessories,10,230.4,2304.0,1180.0,1124.0
SO-2025-01402,2025-03-07,2025-03,North America,Canada,Sofia Ramirez,USB-C Dock,Accessories,1,176.4,176.4,88.0,88.4
SO-2025-01137,2025-03-08,2025-03,North America,Canada,Sofia Ramirez,Noise-Cancel Headset,Accessories,1,237.6,237.6,118.0,119.6
SO-2025-02691,2025-03-08,2025-03,APAC,Australia,Chloe Wong,CRM Suite (annual),Software,12,801.0,9612.0,1680.0,7932.0
SO-2025-00961,2025-03-08,2025-03,North America,Canada,Liam Chen,Laptop Air 13,Hardware,4,955.5,3822.0,2800.0,1022.0
SO-2025-01807,2025-03-08,2025-03,Europe,France,Emma Laurent,CRM Suite (annual),Software,23,747.0,17181.0,3220.0,13961.0
SO-2025-00258,2025-03-08,2025-03,North America,Canada,Ava Thompson,Security Suite,Software,10,595.0,5950.0,1100.0,4850.0
SO-2025-02620,2025-03-08,2025-03,North America,Canada,Sofia Ramirez,Wireless Mouse,Accessories,10,55.9,559.0,240.0,319.0
SO-2025-04575,2025-03-08,2025-03,North America,Mexico,Sofia Ramirez,Laptop Air 13,Hardware,3,913.5,2740.5,2100.0,640.5
SO-2025-04596,2025-03-08,2025-03,North America,United States,Sofia Ramirez,Analytics Add-on,Software,25,387.0,9675.0,1750.0,7925.0
SO-2025-01092,2025-03-08,2025-03,North America,Canada,Ava Thompson,Analytics Add-on,Software,19,369.0,7011.0,1330.0,5681.0
SO-2025-02973,2025-03-08,2025-03,APAC,Singapore,Priya Nair,Laptop Air 13,Hardware,1,1018.5,1018.5,700.0,318.5
SO-2025-03908,2025-03-08,2025-03,Europe,United Kingdom,Noah Muller,Laptop Air 13,Hardware,4,850.5,3402.0,2800.0,602.0
SO-2025-04491,2025-03-08,2025-03,APAC,Japan,Priya Nair,Laptop Pro 15,Hardware,3,1392.0,4176.0,2940.0,1236.0
SO-2025-05248,2025-03-09,2025-03,North America,Mexico,Sofia Ramirez,Wireless Mouse,Accessories,10,63.05,630.5,240.0,390.5
SO-2025-04278,2025-03-09,2025-03,LATAM,Chile,Diego Fernandez,Wireless Mouse,Accessories,2,55.9,111.8,48.0,63.8
SO-2025-00135,2025-03-09,2025-03,Europe,Germany,Oliver Smith,Laptop Air 13,Hardware,1,987.0,987.0,700.0,287.0
SO-2025-04996,2025-03-09,2025-03,Europe,France,Noah Muller,USB-C Dock,Accessories,9,144.0,1296.0,792.0,504.0
SO-2025-03363,2025-03-09,2025-03,North America,Canada,Sofia Ramirez,Laptop Pro 15,Hardware,1,1377.5,1377.5,980.0,397.5
SO-2025-02991,2025-03-09,2025-03,Europe,Spain,Emma Laurent,Noise-Cancel Headset,Accessories,4,208.8,835.2,472.0,363.2
SO-2025-04154,2025-03-09,2025-03,APAC,Japan,Haruto Sato,Analytics Add-on,Software,5,391.5,1957.5,350.0,1607.5
SO-2025-00549,2025-03-09,2025-03,Europe,Germany,Emma Laurent,Wireless Mouse,Accessories,8,56.55,452.4,192.0,260.4
SO-2025-01546,2025-03-09,2025-03,LATAM,Chile,Camila Rojas,Mechanical Keyboard,Accessories,7,127.4,891.8,434.0,457.8
SO-2025-01405,2025-03-09,2025-03,APAC,Australia,Chloe Wong,CRM Suite (annual),Software,1,792.0,792.0,140.0,652.0
SO-2025-02421,2025-03-09,2025-03,North America,Mexico,Liam Chen,UltraWide Monitor 34,Hardware,4,613.8,2455.2,1640.0,815.2
SO-2025-04795,2025-03-09,2025-03,North America,Mexico,Sofia Ramirez,UltraWide Monitor 34,Hardware,4,502.2,2008.8,1640.0,368.8
SO-2025-03793,2025-03-09,2025-03,Europe,Germany,Emma Laurent,Analytics Add-on,Software,13,441.0,5733.0,910.0,4823.0
SO-2025-04550,2025-03-10,2025-03,North America,Mexico,Sofia Ramirez,Laptop Air 13,Hardware,2,903.0,1806.0,1400.0,406.0
SO-2025-01458,2025-03-10,2025-03,North America,Mexico,Ava Thompson,Analytics Add-on,Software,20,405.0,8100.0,1400.0,6700.0
SO-2025-02850,2025-03-10,2025-03,North America,United States,Liam Chen,Security Suite,Software,1,700.0,700.0,110.0,590.0
SO-2025-04464,2025-03-10,2025-03,North America,United States,Ava Thompson,Mechanical Keyboard,Accessories,7,115.7,809.9,434.0,375.9
SO-2025-02453,2025-03-10,2025-03,Europe,Germany,Noah Muller,Laptop Air 13,Hardware,2,987.0,1974.0,1400.0,574.0
SO-2025-02756,2025-03-10,2025-03,Europe,France,Oliver Smith,CRM Suite (annual),Software,22,792.0,17424.0,3080.0,14344.0
SO-2025-02552,2025-03-10,2025-03,North America,Mexico,Sofia Ramirez,Security Suite,Software,19,651.0,12369.0,2090.0,10279.0
SO-2025-04485,2025-03-10,2025-03,LATAM,Argentina,Camila Rojas,Noise-Cancel Headset,Accessories,5,206.4,1032.0,590.0,442.0
SO-2025-05058,2025-03-10,2025-03,North America,Mexico,Liam Chen,Analytics Add-on,Software,6,418.5,2511.0,420.0,2091.0
SO-2025-02316,2025-03-10,2025-03,North America,United States,Sofia Ramirez,Laptop Air 13,Hardware,3,840.0,2520.0,2100.0,420.0
SO-2025-02123,2025-03-10,2025-03,Europe,Spain,Noah Muller,Noise-Cancel Headset,Accessories,1,235.2,235.2,118.0,117.2
SO-2025-00852,2025-03-10,2025-03,Europe,Germany,Oliver Smith,Security Suite,Software,23,623.0,14329.0,2530.0,11799.0
SO-2025-05714,2025-03-10,2025-03,LATAM,Argentina,Camila Rojas,Wireless Mouse,Accessories,9,56.55,508.95,216.0,292.95
SO-2025-04123,2025-03-10,2025-03,North America,Mexico,Ava Thompson,Analytics Add-on,Software,5,405.0,2025.0,350.0,1675.0
SO-2025-05883,2025-03-10,2025-03,APAC,Singapore,Priya Nair,Security Suite,Software,21,581.0,12201.0,2310.0,9891.0
SO-2025-00079,2025-03-10,2025-03,North America,United States,Liam Chen,USB-C Dock,Accessories,7,165.6,1159.2,616.0,543.2
SO-2025-00023,2025-03-10,2025-03,Europe,France,Emma Laurent,Security Suite,Software,15,686.0,10290.0,1650.0,8640.0
SO-2025-00689,2025-03-10,2025-03,North America,Mexico,Sofia Ramirez,UltraWide Monitor 34,Hardware,4,539.4,2157.6,1640.0,517.6
SO-2025-00942,2025-03-10,2025-03,North America,United States,Ava Thompson,Laptop Air 13,Hardware,2,871.5,1743.0,1400.0,343.0
SO-2025-04173,2025-03-10,2025-03,Europe,France,Emma Laurent,Laptop Air 13,Hardware,1,882.0,882.0,700.0,182.0
SO-2025-04211,2025-03-11,2025-03,North America,Mexico,Liam Chen,Laptop Air 13,Hardware,1,850.5,850.5,700.0,150.5
SO-2025-03080,2025-03-11,2025-03,APAC,Japan,Chloe Wong,Laptop Air 13,Hardware,4,1008.0,4032.0,2800.0,1232.0
SO-2025-01971,2025-03-11,2025-03,Europe,Spain,Emma Laurent,UltraWide Monitor 34,Hardware,4,539.4,2157.6,1640.0,517.6
SO-2025-03459,2025-03-11,2025-03,North America,Mexico,Sofia Ramirez,UltraWide Monitor 34,Hardware,4,508.4,2033.6,1640.0,393.6
SO-2025-01522,2025-03-11,2025-03,North America,Mexico,Sofia Ramirez,USB-C Dock,Accessories,2,154.8,309.6,176.0,133.6
SO-2025-00742,2025-03-11,2025-03,LATAM,Chile,Diego Fernandez,Mechanical Keyboard,Accessories,6,126.1,756.6,372.0,384.6
SO-2025-05448,2025-03-11,2025-03,North America,United States,Sofia Ramirez,USB-C Dock,Accessories,2,153.0,306.0,176.0,130.0
SO-2025-01329,2025-03-11,2025-03,North America,Canada,Sofia Ramirez,Wireless Mouse,Accessories,8,63.7,509.6,192.0,317.6
SO-2025-05742,2025-03-11,2025-03,APAC,Singapore,Haruto Sato,Mechanical Keyboard,Accessories,4,124.8,499.2,248.0,251.2
SO-2025-01590,2025-03-11,2025-03,Europe,Germany,Emma Laurent,Analytics Add-on,Software,6,360.0,2160.0,420.0,1740.0
SO-2025-00256,2025-03-11,2025-03,LATAM,Argentina,Diego Fernandez,Mechanical Keyboard,Accessories,3,118.3,354.9,186.0,168.9
SO-2025-00279,2025-03-11,2025-03,APAC,Singapore,Haruto Sato,CRM Suite (annual),Software,23,792.0,18216.0,3220.0,14996.0
SO-2025-02707,2025-03-11,2025-03,North America,Canada,Sofia Ramirez,Wireless Mouse,Accessories,1,55.25,55.25,24.0,31.25
SO-2025-02296,2025-03-11,2025-03,North America,Mexico,Liam Chen,CRM Suite (annual),Software,16,774.0,12384.0,2240.0,10144.0
SO-2025-01404,2025-03-11,2025-03,APAC,Australia,Haruto Sato,Noise-Cancel Headset,Accessories,7,223.2,1562.4,826.0,736.4
SO-2025-03435,2025-03-12,2025-03,North America,United States,Ava Thompson,USB-C Dock,Accessories,10,153.0,1530.0,880.0,650.0
SO-2025-00683,2025-03-12,2025-03,Europe,United Kingdom,Emma Laurent,Laptop Air 13,Hardware,3,924.0,2772.0,2100.0,672.0
SO-2025-03824,2025-03-12,2025-03,Europe,Spain,Noah Muller,Security Suite,Software,10,693.0,6930.0,1100.0,5830.0
SO-2025-03275,2025-03-12,2025-03,North America,Mexico,Ava Thompson,Laptop Air 13,Hardware,1,871.5,871.5,700.0,171.5
SO-2025-00380,2025-03-12,2025-03,APAC,Australia,Priya Nair,Noise-Cancel Headset,Accessories,8,199.2,1593.6,944.0,649.6
SO-2025-05794,2025-03-12,2025-03,Europe,France,Emma Laurent,Noise-Cancel Headset,Accessories,7,230.4,1612.8,826.0,786.8
SO-2025-03595,2025-03-12,2025-03,APAC,India,Chloe Wong,Analytics Add-on,Software,17,432.0,7344.0,1190.0,6154.0
SO-2025-03434,2025-03-12,2025-03,Europe,United Kingdom,Oliver Smith,Mechanical Keyboard,Accessories,6,118.3,709.8,372.0,337.8
SO-2025-01167,2025-03-12,2025-03,North America,United States,Ava Thompson,Wireless Mouse,Accessories,9,52.65,473.85,216.0,257.85
SO-2025-02613,2025-03-12,2025-03,North America,Mexico,Ava Thompson,Wireless Mouse,Accessories,4,59.15,236.6,96.0,140.6
SO-2025-02339,2025-03-12,2025-03,Europe,Germany,Noah Muller,CRM Suite (annual),Software,16,900.0,14400.0,2240.0,12160.0
SO-2025-01397,2025-03-13,2025-03,Europe,France,Noah Muller,Wireless Mouse,Accessories,6,63.7,382.2,144.0,238.2
SO-2025-00354,2025-03-13,2025-03,Europe,Germany,Oliver Smith,Wireless Mouse,Accessories,3,58.5,175.5,72.0,103.5
SO-2025-05512,2025-03-13,2025-03,North America,Mexico,Ava Thompson,Laptop Pro 15,Hardware,4,1232.5,4930.0,3920.0,1010.0
SO-2025-03889,2025-03-13,2025-03,APAC,Australia,Haruto Sato,Mechanical Keyboard,Accessories,10,126.1,1261.0,620.0,641.0
SO-2025-03201,2025-03-13,2025-03,APAC,India,Chloe Wong,Mechanical Keyboard,Accessories,10,115.7,1157.0,620.0,537.0
SO-2025-00553,2025-03-13,2025-03,APAC,India,Chloe Wong,Laptop Air 13,Hardware,3,850.5,2551.5,2100.0,451.5
SO-2025-05014,2025-03-13,2025-03,North America,Canada,Ava Thompson,Analytics Add-on,Software,6,427.5,2565.0,420.0,2145.0
SO-2025-00981,2025-03-13,2025-03,North America,Canada,Sofia Ramirez,Mechanical Keyboard,Accessories,10,111.8,1118.0,620.0,498.0
SO-2025-00334,2025-03-13,2025-03,LATAM,Argentina,Diego Fernandez,CRM Suite (annual),Software,16,729.0,11664.0,2240.0,9424.0
SO-2025-04040,2025-03-13,2025-03,North America,United States,Sofia Ramirez,CRM Suite (annual),Software,11,837.0,9207.0,1540.0,7667.0
SO-2025-02125,2025-03-13,2025-03,North America,Canada,Ava Thompson,USB-C Dock,Accessories,7,176.4,1234.8,616.0,618.8
SO-2025-03279,2025-03-13,2025-03,North America,Canada,Sofia Ramirez,Wireless Mouse,Accessories,1,63.05,63.05,24.0,39.05
SO-2025-01709,2025-03-13,2025-03,Europe,United Kingdom,Noah Muller,Security Suite,Software,17,574.0,9758.0,1870.0,7888.0
SO-2025-01786,2025-03-13,2025-03,North America,Canada,Sofia Ramirez,Noise-Cancel Headset,Accessories,6,218.4,1310.4,708.0,602.4
SO-2025-02233,2025-03-13,2025-03,Europe,France,Noah Muller,Analytics Add-on,Software,18,360.0,6480.0,1260.0,5220.0
SO-2025-03245,2025-03-13,2025-03,Europe,United Kingdom,Oliver Smith,CRM Suite (annual),Software,14,828.0,11592.0,1960.0,9632.0
SO-2025-00667,2025-03-13,2025-03,Europe,Germany,Oliver Smith,Security Suite,Software,15,567.0,8505.0,1650.0,6855.0
SO-2025-00953,2025-03-13,2025-03,APAC,India,Haruto Sato,Laptop Air 13,Hardware,1,1039.5,1039.5,700.0,339.5
SO-2025-03523,2025-03-14,2025-03,APAC,Singapore,Haruto Sato,Analytics Add-on,Software,12,441.0,5292.0,840.0,4452.0
SO-2025-02692,2025-03-14,2025-03,APAC,Australia,Chloe Wong,Analytics Add-on,Software,25,396.0,9900.0,1750.0,8150.0
SO-2025-04014,2025-03-14,2025-03,North America,United States,Sofia Ramirez,Noise-Cancel Headset,Accessories,10,228.0,2280.0,1180.0,1100.0
SO-2025-05518,2025-03-14,2025-03,LATAM,Argentina,Diego Fernandez,Mechanical Keyboard,Accessories,8,109.2,873.6,496.0,377.6
SO-2025-03624,2025-03-14,2025-03,North America,Canada,Sofia Ramirez,USB-C Dock,Accessories,10,171.0,1710.0,880.0,830.0
SO-2025-05310,2025-03-14,2025-03,Europe,France,Emma Laurent,Noise-Cancel Headset,Accessories,3,223.2,669.6,354.0,315.6
SO-2025-03198,2025-03-14,2025-03,APAC,India,Chloe Wong,UltraWide Monitor 34,Hardware,4,595.2,2380.8,1640.0,740.8
SO-2025-00238,2025-03-14,2025-03,Europe,Germany,Emma Laurent,Noise-Cancel Headset,Accessories,6,199.2,1195.2,708.0,487.2
SO-2025-00905,2025-03-14,2025-03,North America,Mexico,Liam Chen,Wireless Mouse,Accessories,2,57.85,115.7,48.0,67.7
SO-2025-04567,2025-03-14,2025-03,Europe,France,Oliver Smith,Analytics Add-on,Software,17,364.5,6196.5,1190.0,5006.5
SO-2025-00615,2025-03-14,2025-03,North America,Mexico,Liam Chen,Mechanical Keyboard,Accessories,7,122.2,855.4,434.0,421.4
SO-2025-02558,2025-03-14,2025-03,APAC,India,Priya Nair,Analytics Add-on,Software,7,387.0,2709.0,490.0,2219.0
SO-2025-03782,2025-03-14,2025-03,Europe,Germany,Emma Laurent,Analytics Add-on,Software,12,387.0,4644.0,840.0,3804.0
SO-2025-03375,2025-03-14,2025-03,North America,Mexico,Ava Thompson,Laptop Air 13,Hardware,2,913.5,1827.0,1400.0,427.0
SO-2025-03480,2025-03-14,2025-03,Europe,Spain,Emma Laurent,CRM Suite (annual),Software,12,783.0,9396.0,1680.0,7716.0
SO-2025-04923,2025-03-14,2025-03,Europe,France,Oliver Smith,Laptop Pro 15,Hardware,3,1348.5,4045.5,2940.0,1105.5
SO-2025-04997,2025-03-15,2025-03,APAC,India,Haruto Sato,Noise-Cancel Headset,Accessories,10,211.2,2112.0,1180.0,932.0
SO-2025-00029,2025-03-15,2025-03,North America,United States,Liam Chen,Wireless Mouse,Accessories,2,59.15,118.3,48.0,70.3
SO-2025-02473,2025-03-15,2025-03,APAC,Australia,Chloe Wong,Mechanical Keyboard,Accessories,5,117.0,585.0,310.0,275.0
SO-2025-00359,2025-03-15,2025-03,Europe,Spain,Oliver Smith,USB-C Dock,Accessories,10,176.4,1764.0,880.0,884.0
SO-2025-00296,2025-03-15,2025-03,LATAM,Chile,Camila Rojas,Security Suite,Software,18,623.0,11214.0,1980.0,9234.0
SO-2025-01315,2025-03-15,2025-03,North America,Mexico,Ava Thompson,Security Suite,Software,8,574.0,4592.0,880.0,3712.0
SO-2025-05808,2025-03-15,2025-03,LATAM,Argentina,Mateo Silva,Mechanical Keyboard,Accessories,10,113.1,1131.0,620.0,511.0
SO-2025-02962,2025-03-15,2025-03,North America,United States,Ava Thompson,Wireless Mouse,Accessories,4,55.9,223.6,96.0,127.6
SO-2025-04746,2025-03-15,2025-03,APAC,India,Chloe Wong,Mechanical Keyboard,Accessories,1,118.3,118.3,62.0,56.3
SO-2025-02369,2025-03-15,2025-03,North America,Mexico,Liam Chen,Laptop Air 13,Hardware,2,1018.5,2037.0,1400.0,637.0
SO-2025-02287,2025-03-15,2025-03,APAC,Australia,Priya Nair,Analytics Add-on,Software,24,432.0,10368.0,1680.0,8688.0
SO-2025-03163,2025-03-15,2025-03,Europe,Germany,Noah Muller,Security Suite,Software,19,567.0,10773.0,2090.0,8683.0
SO-2025-00222,2025-03-15,2025-03,LATAM,Argentina,Camila Rojas,CRM Suite (annual),Software,19,873.0,16587.0,2660.0,13927.0
SO-2025-01716,2025-03-16,2025-03,APAC,Japan,Chloe Wong,Analytics Add-on,Software,24,391.5,9396.0,1680.0,7716.0
SO-2025-03876,2025-03-16,2025-03,Europe,Germany,Oliver Smith,Security Suite,Software,11,623.0,6853.0,1210.0,5643.0
SO-2025-05469,2025-03-16,2025-03,North America,Canada,Liam Chen,Security Suite,Software,17,609.0,10353.0,1870.0,8483.0
SO-2025-00798,2025-03-16,2025-03,North America,Mexico,Liam Chen,UltraWide Monitor 34,Hardware,1,508.4,508.4,410.0,98.4
SO-2025-04566,2025-03-16,2025-03,APAC,India,Haruto Sato,Security Suite,Software,22,602.0,13244.0,2420.0,10824.0
SO-2025-03042,2025-03-16,2025-03,Europe,Germany,Noah Muller,USB-C Dock,Accessories,9,174.6,1571.4,792.0,779.4
SO-2025-04815,2025-03-16,2025-03,APAC,India,Chloe Wong,Laptop Air 13,Hardware,3,924.0,2772.0,2100.0,672.0
SO-2025-02985,2025-03-16,2025-03,APAC,Japan,Haruto Sato,CRM Suite (annual),Software,20,891.0,17820.0,2800.0,15020.0
SO-2025-05033,2025-03-16,2025-03,Europe,Germany,Oliver Smith,UltraWide Monitor 34,Hardware,4,576.6,2306.4,1640.0,666.4
SO-2025-01761,2025-03-16,2025-03,APAC,India,Priya Nair,Noise-Cancel Headset,Accessories,4,225.6,902.4,472.0,430.4
SO-2025-00665,2025-03-17,2025-03,Europe,Germany,Oliver Smith,CRM Suite (annual),Software,14,765.0,10710.0,1960.0,8750.0
SO-2025-00313,2025-03-17,2025-03,North America,Canada,Liam Chen,Analytics Add-on,Software,3,418.5,1255.5,210.0,1045.5
SO-2025-03581,2025-03-17,2025-03,North America,Canada,Ava Thompson,USB-C Dock,Accessories,1,176.4,176.4,88.0,88.4
SO-2025-03439,2025-03-17,2025-03,North America,United States,Liam Chen,Laptop Air 13,Hardware,4,955.5,3822.0,2800.0,1022.0
SO-2025-04767,2025-03-17,2025-03,North America,United States,Liam Chen,Mechanical Keyboard,Accessories,8,111.8,894.4,496.0,398.4
SO-2025-01249,2025-03-17,2025-03,North America,Canada,Ava Thompson,Analytics Add-on,Software,23,427.5,9832.5,1610.0,8222.5
SO-2025-05633,2025-03-17,2025-03,North America,United States,Liam Chen,Analytics Add-on,Software,12,441.0,5292.0,840.0,4452.0
SO-2025-00537,2025-03-17,2025-03,North America,United States,Liam Chen,UltraWide Monitor 34,Hardware,3,601.4,1804.2,1230.0,574.2
SO-2025-03734,2025-03-17,2025-03,APAC,Singapore,Priya Nair,USB-C Dock,Accessories,8,145.8,1166.4,704.0,462.4
SO-2025-00022,2025-03-17,2025-03,APAC,Singapore,Haruto Sato,Security Suite,Software,25,595.0,14875.0,2750.0,12125.0
SO-2025-04186,2025-03-17,2025-03,LATAM,Argentina,Camila Rojas,USB-C Dock,Accessories,5,163.8,819.0,440.0,379.0
SO-2025-03339,2025-03-17,2025-03,APAC,Japan,Priya Nair,Analytics Add-on,Software,22,436.5,9603.0,1540.0,8063.0
SO-2025-01052,2025-03-17,2025-03,LATAM,Argentina,Diego Fernandez,Security Suite,Software,21,665.0,13965.0,2310.0,11655.0
SO-2025-01793,2025-03-17,2025-03,North America,United States,Liam Chen,Laptop Air 13,Hardware,2,840.0,1680.0,1400.0,280.0
SO-2025-03086,2025-03-18,2025-03,Europe,United Kingdom,Emma Laurent,Mechanical Keyboard,Accessories,4,105.3,421.2,248.0,173.2
SO-2025-05177,2025-03-18,2025-03,Europe,France,Emma Laurent,Mechanical Keyboard,Accessories,4,122.2,488.8,248.0,240.8
SO-2025-05939,2025-03-18,2025-03,APAC,Australia,Haruto Sato,CRM Suite (annual),Software,3,774.0,2322.0,420.0,1902.0
SO-2025-04198,2025-03-18,2025-03,Europe,France,Oliver Smith,Wireless Mouse,Accessories,8,64.35,514.8,192.0,322.8
SO-2025-01760,2025-03-18,2025-03,APAC,India,Chloe Wong,Wireless Mouse,Accessories,6,54.6,327.6,144.0,183.6
SO-2025-01027,2025-03-18,2025-03,North America,United States,Sofia Ramirez,Analytics Add-on,Software,4,441.0,1764.0,280.0,1484.0
SO-2025-00716,2025-03-18,2025-03,Europe,Germany,Emma Laurent,USB-C Dock,Accessories,3,174.6,523.8,264.0,259.8
SO-2025-02429,2025-03-18,2025-03,Europe,Spain,Noah Muller,USB-C Dock,Accessories,4,160.2,640.8,352.0,288.8
SO-2025-05163,2025-03-18,2025-03,North America,Mexico,Ava Thompson,Analytics Add-on,Software,9,360.0,3240.0,630.0,2610.0
SO-2025-00246,2025-03-18,2025-03,North America,Canada,Sofia Ramirez,Wireless Mouse,Accessories,9,61.1,549.9,216.0,333.9
SO-2025-03649,2025-03-18,2025-03,Europe,France,Noah Muller,Security Suite,Software,20,609.0,12180.0,2200.0,9980.0
SO-2025-02788,2025-03-18,2025-03,APAC,India,Chloe Wong,Wireless Mouse,Accessories,5,53.95,269.75,120.0,149.75
SO-2025-04816,2025-03-19,2025-03,LATAM,Brazil,Camila Rojas,Analytics Add-on,Software,23,382.5,8797.5,1610.0,7187.5
SO-2025-00057,2025-03-19,2025-03,North America,Mexico,Ava Thompson,Mechanical Keyboard,Accessories,4,118.3,473.2,248.0,225.2
SO-2025-00560,2025-03-19,2025-03,North America,Canada,Liam Chen,Laptop Air 13,Hardware,3,997.5,2992.5,2100.0,892.5
SO-2025-00108,2025-03-19,2025-03,Europe,Spain,Noah Muller,Wireless Mouse,Accessories,7,60.45,423.15,168.0,255.15
SO-2025-03128,2025-03-19,2025-03,North America,Canada,Sofia Ramirez,UltraWide Monitor 34,Hardware,4,502.2,2008.8,1640.0,368.8
SO-2025-01583,2025-03-19,2025-03,APAC,India,Chloe Wong,Laptop Pro 15,Hardware,4,1334.0,5336.0,3920.0,1416.0
SO-2025-02147,2025-03-19,2025-03,North America,United States,Sofia Ramirez,CRM Suite (annual),Software,21,819.0,17199.0,2940.0,14259.0
SO-2025-01420,2025-03-19,2025-03,LATAM,Argentina,Mateo Silva,Laptop Pro 15,Hardware,3,1377.5,4132.5,2940.0,1192.5
SO-2025-03288,2025-03-19,2025-03,APAC,Singapore,Haruto Sato,CRM Suite (annual),Software,25,792.0,19800.0,3500.0,16300.0
SO-2025-05207,2025-03-19,2025-03,Europe,Germany,Oliver Smith,USB-C Dock,Accessories,6,153.0,918.0,528.0,390.0
SO-2025-03141,2025-03-19,2025-03,North America,Mexico,Ava Thompson,Laptop Pro 15,Hardware,2,1377.5,2755.0,1960.0,795.0
SO-2025-01076,2025-03-19,2025-03,North America,Mexico,Liam Chen,Mechanical Keyboard,Accessories,8,111.8,894.4,496.0,398.4
SO-2025-04392,2025-03-20,2025-03,Europe,France,Oliver Smith,Mechanical Keyboard,Accessories,8,106.6,852.8,496.0,356.8
SO-2025-03674,2025-03-20,2025-03,North America,Canada,Sofia Ramirez,Laptop Air 13,Hardware,4,976.5,3906.0,2800.0,1106.0
SO-2025-02572,2025-03-20,2025-03,North America,Mexico,Ava Thompson,USB-C Dock,Accessories,7,172.8,1209.6,616.0,593.6
SO-2025-00341,2025-03-20,2025-03,North America,Mexico,Sofia Ramirez,Noise-Cancel Headset,Accessories,6,194.4,1166.4,708.0,458.4
SO-2025-01344,2025-03-20,2025-03,North America,Canada,Liam Chen,Mechanical Keyboard,Accessories,7,113.1,791.7,434.0,357.7
SO-2025-04329,2025-03-20,2025-03,Europe,Spain,Emma Laurent,Analytics Add-on,Software,25,441.0,11025.0,1750.0,9275.0
SO-2025-03376,2025-03-20,2025-03,North America,Mexico,Liam Chen,Laptop Pro 15,Hardware,1,1450.0,1450.0,980.0,470.0
SO-2025-04917,2025-03-20,2025-03,Europe,United Kingdom,Noah Muller,CRM Suite (annual),Software,22,783.0,17226.0,3080.0,14146.0
SO-2025-05657,2025-03-20,2025-03,North America,United States,Ava Thompson,Wireless Mouse,Accessories,2,60.45,120.9,48.0,72.9
SO-2025-01972,2025-03-20,2025-03,APAC,Australia,Chloe Wong,Mechanical Keyboard,Accessories,6,111.8,670.8,372.0,298.8
SO-2025-02673,2025-03-20,2025-03,APAC,Australia,Haruto Sato,Wireless Mouse,Accessories,2,60.45,120.9,48.0,72.9
SO-2025-00731,2025-03-20,2025-03,LATAM,Argentina,Mateo Silva,Mechanical Keyboard,Accessories,9,109.2,982.8,558.0,424.8
SO-2025-00751,2025-03-20,2025-03,APAC,Singapore,Chloe Wong,Mechanical Keyboard,Accessories,6,109.2,655.2,372.0,283.2
SO-2025-02603,2025-03-20,2025-03,North America,Canada,Liam Chen,Mechanical Keyboard,Accessories,1,105.3,105.3,62.0,43.3
SO-2025-03913,2025-03-21,2025-03,APAC,India,Priya Nair,Wireless Mouse,Accessories,2,63.7,127.4,48.0,79.4
SO-2025-02816,2025-03-21,2025-03,Europe,Germany,Emma Laurent,Laptop Air 13,Hardware,3,892.5,2677.5,2100.0,577.5
SO-2025-02098,2025-03-21,2025-03,APAC,India,Priya Nair,Security Suite,Software,13,609.0,7917.0,1430.0,6487.0
SO-2025-03182,2025-03-21,2025-03,Europe,Germany,Noah Muller,Analytics Add-on,Software,11,382.5,4207.5,770.0,3437.5
SO-2025-05915,2025-03-21,2025-03,North America,Mexico,Liam Chen,CRM Suite (annual),Software,13,900.0,11700.0,1820.0,9880.0
SO-2025-03426,2025-03-21,2025-03,Europe,France,Oliver Smith,Noise-Cancel Headset,Accessories,8,225.6,1804.8,944.0,860.8
SO-2025-03475,2025-03-21,2025-03,Europe,United Kingdom,Emma Laurent,Analytics Add-on,Software,25,400.5,10012.5,1750.0,8262.5
SO-2025-04417,2025-03-21,2025-03,North America,Canada,Ava Thompson,Laptop Pro 15,Hardware,4,1174.5,4698.0,3920.0,778.0
SO-2025-02946,2025-03-21,2025-03,North America,United States,Sofia Ramirez,Wireless Mouse,Accessories,10,55.25,552.5,240.0,312.5
SO-2025-02258,2025-03-21,2025-03,Europe,United Kingdom,Noah Muller,Security Suite,Software,20,630.0,12600.0,2200.0,10400.0
SO-2025-00732,2025-03-21,2025-03,North America,Canada,Liam Chen,Analytics Add-on,Software,10,423.0,4230.0,700.0,3530.0
SO-2025-05366,2025-03-21,2025-03,North America,United States,Sofia Ramirez,CRM Suite (annual),Software,24,783.0,18792.0,3360.0,15432.0
SO-2025-02291,2025-03-21,2025-03,North America,United States,Sofia Ramirez,Analytics Add-on,Software,18,432.0,7776.0,1260.0,6516.0
SO-2025-03975,2025-03-21,2025-03,Europe,France,Noah Muller,Laptop Pro 15,Hardware,4,1450.0,5800.0,3920.0,1880.0
SO-2025-03410,2025-03-21,2025-03,Europe,Germany,Noah Muller,Mechanical Keyboard,Accessories,9,111.8,1006.2,558.0,448.2
SO-2025-05585,2025-03-21,2025-03,North America,Mexico,Liam Chen,Analytics Add-on,Software,8,400.5,3204.0,560.0,2644.0
SO-2025-02564,2025-03-21,2025-03,LATAM,Chile,Mateo Silva,CRM Suite (annual),Software,14,756.0,10584.0,1960.0,8624.0
SO-2025-04684,2025-03-21,2025-03,LATAM,Chile,Diego Fernandez,CRM Suite (annual),Software,16,783.0,12528.0,2240.0,10288.0
SO-2025-00987,2025-03-21,2025-03,North America,United States,Liam Chen,Analytics Add-on,Software,18,432.0,7776.0,1260.0,6516.0
SO-2025-04759,2025-03-22,2025-03,North America,United States,Sofia Ramirez,Analytics Add-on,Software,15,391.5,5872.5,1050.0,4822.5
SO-2025-02718,2025-03-22,2025-03,APAC,India,Priya Nair,Mechanical Keyboard,Accessories,9,115.7,1041.3,558.0,483.3
SO-2025-03184,2025-03-22,2025-03,Europe,Spain,Oliver Smith,Laptop Pro 15,Hardware,4,1276.0,5104.0,3920.0,1184.0
SO-2025-00922,2025-03-22,2025-03,APAC,Singapore,Priya Nair,Mechanical Keyboard,Accessories,2,113.1,226.2,124.0,102.2
SO-2025-04904,2025-03-22,2025-03,North America,Canada,Sofia Ramirez,Laptop Pro 15,Hardware,3,1377.5,4132.5,2940.0,1192.5
SO-2025-04883,2025-03-22,2025-03,North America,Mexico,Ava Thompson,Security Suite,Software,5,595.0,2975.0,550.0,2425.0
SO-2025-01341,2025-03-22,2025-03,Europe,United Kingdom,Emma Laurent,Analytics Add-on,Software,1,423.0,423.0,70.0,353.0
SO-2025-01725,2025-03-22,2025-03,North America,United States,Sofia Ramirez,Wireless Mouse,Accessories,10,63.7,637.0,240.0,397.0
SO-2025-02704,2025-03-22,2025-03,North America,Mexico,Sofia Ramirez,Laptop Air 13,Hardware,4,966.0,3864.0,2800.0,1064.0
SO-2025-02528,2025-03-22,2025-03,LATAM,Brazil,Camila Rojas,CRM Suite (annual),Software,20,855.0,17100.0,2800.0,14300.0
SO-2025-02269,2025-03-23,2025-03,North America,Canada,Sofia Ramirez,Security Suite,Software,9,623.0,5607.0,990.0,4617.0
SO-2025-04025,2025-03-23,2025-03,APAC,Singapore,Haruto Sato,Wireless Mouse,Accessories,2,59.8,119.6,48.0,71.6
SO-2025-02930,2025-03-23,2025-03,North America,Mexico,Ava Thompson,Wireless Mouse,Accessories,2,55.25,110.5,48.0,62.5
SO-2025-00443,2025-03-23,2025-03,Europe,France,Oliver Smith,Mechanical Keyboard,Accessories,4,127.4,509.6,248.0,261.6
SO-2025-03025,2025-03-23,2025-03,North America,United States,Ava Thompson,Wireless Mouse,Accessories,8,55.25,442.0,192.0,250.0
SO-2025-04612,2025-03-23,2025-03,Europe,Spain,Oliver Smith,UltraWide Monitor 34,Hardware,4,582.8,2331.2,1640.0,691.2
SO-2025-02755,2025-03-23,2025-03,North America,Mexico,Liam Chen,Noise-Cancel Headset,Accessories,5,196.8,984.0,590.0,394.0
SO-2025-04607,2025-03-23,2025-03,APAC,Australia,Chloe Wong,Security Suite,Software,8,581.0,4648.0,880.0,3768.0
SO-2025-04843,2025-03-23,2025-03,North America,Mexico,Sofia Ramirez,Security Suite,Software,6,686.0,4116.0,660.0,3456.0
SO-2025-05115,2025-03-23,2025-03,Europe,France,Oliver Smith,CRM Suite (annual),Software,13,756.0,9828.0,1820.0,8008.0
SO-2025-00203,2025-03-23,2025-03,Europe,United Kingdom,Noah Muller,Laptop Pro 15,Hardware,2,1203.5,2407.0,1960.0,447.0
SO-2025-05203,2025-03-24,2025-03,LATAM,Brazil,Mateo Silva,Analytics Add-on,Software,10,427.5,4275.0,700.0,3575.0
SO-2025-01566,2025-03-24,2025-03,North America,United States,Liam Chen,USB-C Dock,Accessories,3,151.2,453.6,264.0,189.6
SO-2025-01370,2025-03-24,2025-03,Europe,Spain,Emma Laurent,USB-C Dock,Accessories,5,151.2,756.0,440.0,316.0
SO-2025-03168,2025-03-24,2025-03,North America,Mexico,Liam Chen,Wireless Mouse,Accessories,8,55.25,442.0,192.0,250.0
SO-2025-01925,2025-03-24,2025-03,Europe,Spain,Noah Muller,USB-C Dock,Accessories,6,163.8,982.8,528.0,454.8
SO-2025-00607,2025-03-24,2025-03,North America,Canada,Ava Thompson,UltraWide Monitor 34,Hardware,2,514.6,1029.2,820.0,209.2
SO-2025-02211,2025-03-24,2025-03,North America,Mexico,Liam Chen,UltraWide Monitor 34,Hardware,4,564.2,2256.8,1640.0,616.8
SO-2025-01061,2025-03-24,2025-03,Europe,Germany,Noah Muller,USB-C Dock,Accessories,2,174.6,349.2,176.0,173.2
SO-2025-04710,2025-03-24,2025-03,North America,Mexico,Liam Chen,UltraWide Monitor 34,Hardware,4,508.4,2033.6,1640.0,393.6
SO-2025-04148,2025-03-24,2025-03,North America,Canada,Liam Chen,UltraWide Monitor 34,Hardware,3,613.8,1841.4,1230.0,611.4
SO-2025-05247,2025-03-24,2025-03,Europe,France,Oliver Smith,Analytics Add-on,Software,5,409.5,2047.5,350.0,1697.5
SO-2025-01835,2025-03-24,2025-03,APAC,Australia,Chloe Wong,Wireless Mouse,Accessories,4,63.05,252.2,96.0,156.2
SO-2025-02138,2025-03-24,2025-03,APAC,Japan,Haruto Sato,CRM Suite (annual),Software,16,729.0,11664.0,2240.0,9424.0
SO-2025-01963,2025-03-24,2025-03,LATAM,Argentina,Camila Rojas,Noise-Cancel Headset,Accessories,4,204.0,816.0,472.0,344.0
SO-2025-05313,2025-03-24,2025-03,Europe,France,Emma Laurent,Noise-Cancel Headset,Accessories,8,199.2,1593.6,944.0,649.6
SO-2025-05578,2025-03-24,2025-03,North America,United States,Ava Thompson,Security Suite,Software,18,630.0,11340.0,1980.0,9360.0
SO-2025-01261,2025-03-24,2025-03,North America,United States,Ava Thompson,Wireless Mouse,Accessories,5,53.3,266.5,120.0,146.5
SO-2025-02817,2025-03-24,2025-03,LATAM,Chile,Diego Fernandez,Laptop Pro 15,Hardware,3,1363.0,4089.0,2940.0,1149.0
SO-2025-01202,2025-03-24,2025-03,Europe,United Kingdom,Noah Muller,UltraWide Monitor 34,Hardware,4,582.8,2331.2,1640.0,691.2
SO-2025-01951,2025-03-24,2025-03,LATAM,Chile,Diego Fernandez,Laptop Pro 15,Hardware,4,1348.5,5394.0,3920.0,1474.0
SO-2025-05850,2025-03-24,2025-03,Europe,Germany,Oliver Smith,Analytics Add-on,Software,16,423.0,6768.0,1120.0,5648.0
SO-2025-00013,2025-03-24,2025-03,Europe,France,Oliver Smith,USB-C Dock,Accessories,10,165.6,1656.0,880.0,776.0
SO-2025-00299,2025-03-25,2025-03,Europe,Germany,Emma Laurent,UltraWide Monitor 34,Hardware,3,582.8,1748.4,1230.0,518.4
SO-2025-00211,2025-03-25,2025-03,APAC,Singapore,Chloe Wong,Laptop Air 13,Hardware,2,1039.5,2079.0,1400.0,679.0
SO-2025-01510,2025-03-25,2025-03,Europe,United Kingdom,Noah Muller,Security Suite,Software,19,616.0,11704.0,2090.0,9614.0
SO-2025-03976,2025-03-25,2025-03,APAC,India,Haruto Sato,Security Suite,Software,23,609.0,14007.0,2530.0,11477.0
SO-2025-05297,2025-03-25,2025-03,North America,Canada,Liam Chen,Noise-Cancel Headset,Accessories,9,201.6,1814.4,1062.0,752.4
SO-2025-04250,2025-03-25,2025-03,North America,Canada,Sofia Ramirez,USB-C Dock,Accessories,4,160.2,640.8,352.0,288.8
SO-2025-00531,2025-03-25,2025-03,APAC,India,Chloe Wong,UltraWide Monitor 34,Hardware,1,533.2,533.2,410.0,123.2
SO-2025-01705,2025-03-25,2025-03,North America,Canada,Ava Thompson,Laptop Air 13,Hardware,1,882.0,882.0,700.0,182.0
SO-2025-05660,2025-03-25,2025-03,Europe,Germany,Noah Muller,Analytics Add-on,Software,14,400.5,5607.0,980.0,4627.0
SO-2025-00650,2025-03-25,2025-03,North America,United States,Liam Chen,Laptop Air 13,Hardware,3,850.5,2551.5,2100.0,451.5
SO-2025-01871,2025-03-25,2025-03,Europe,United Kingdom,Noah Muller,Analytics Add-on,Software,13,360.0,4680.0,910.0,3770.0
SO-2025-00717,2025-03-25,2025-03,APAC,Singapore,Priya Nair,Mechanical Keyboard,Accessories,8,122.2,977.6,496.0,481.6
SO-2025-00756,2025-03-25,2025-03,North America,Mexico,Ava Thompson,Wireless Mouse,Accessories,7,54.6,382.2,168.0,214.2
SO-2025-04897,2025-03-25,2025-03,Europe,Spain,Oliver Smith,Laptop Air 13,Hardware,2,1018.5,2037.0,1400.0,637.0
SO-2025-02950,2025-03-25,2025-03,North America,Canada,Liam Chen,Analytics Add-on,Software,8,396.0,3168.0,560.0,2608.0
SO-2025-03251,2025-03-25,2025-03,APAC,Japan,Priya Nair,Mechanical Keyboard,Accessories,7,106.6,746.2,434.0,312.2
SO-2025-01694,2025-03-25,2025-03,North America,Mexico,Sofia Ramirez,CRM Suite (annual),Software,12,738.0,8856.0,1680.0,7176.0
SO-2025-00396,2025-03-25,2025-03,North America,Mexico,Sofia Ramirez,CRM Suite (annual),Software,8,765.0,6120.0,1120.0,5000.0
SO-2025-02932,2025-03-25,2025-03,North America,Mexico,Sofia Ramirez,Mechanical Keyboard,Accessories,5,123.5,617.5,310.0,307.5
SO-2025-03478,2025-03-25,2025-03,APAC,Japan,Chloe Wong,Wireless Mouse,Accessories,4,57.2,228.8,96.0,132.8
SO-2025-00019,2025-03-25,2025-03,North America,Mexico,Ava Thompson,USB-C Dock,Accessories,8,180.0,1440.0,704.0,736.0
SO-2025-04373,2025-03-25,2025-03,North America,Mexico,Liam Chen,Laptop Air 13,Hardware,2,1039.5,2079.0,1400.0,679.0
SO-2025-03557,2025-03-25,2025-03,Europe,Germany,Oliver Smith,CRM Suite (annual),Software,25,783.0,19575.0,3500.0,16075.0
SO-2025-03092,2025-03-26,2025-03,Europe,Germany,Oliver Smith,Wireless Mouse,Accessories,3,55.25,165.75,72.0,93.75
SO-2025-00486,2025-03-26,2025-03,APAC,Japan,Haruto Sato,Noise-Cancel Headset,Accessories,7,220.8,1545.6,826.0,719.6
SO-2025-04453,2025-03-26,2025-03,Europe,United Kingdom,Noah Muller,Analytics Add-on,Software,10,441.0,4410.0,700.0,3710.0
SO-2025-04564,2025-03-26,2025-03,APAC,Australia,Chloe Wong,Analytics Add-on,Software,21,364.5,7654.5,1470.0,6184.5
SO-2025-01199,2025-03-26,2025-03,APAC,Japan,Priya Nair,CRM Suite (annual),Software,19,882.0,16758.0,2660.0,14098.0
SO-2025-03362,2025-03-26,2025-03,APAC,Japan,Chloe Wong,Mechanical Keyboard,Accessories,3,123.5,370.5,186.0,184.5
SO-2025-02504,2025-03-26,2025-03,North America,Canada,Ava Thompson,Laptop Pro 15,Hardware,1,1290.5,1290.5,980.0,310.5
SO-2025-05567,2025-03-26,2025-03,North America,Canada,Sofia Ramirez,Laptop Air 13,Hardware,3,1008.0,3024.0,2100.0,924.0
SO-2025-01974,2025-03-26,2025-03,Europe,France,Noah Muller,Analytics Add-on,Software,16,418.5,6696.0,1120.0,5576.0
SO-2025-04688,2025-03-26,2025-03,Europe,Germany,Emma Laurent,UltraWide Monitor 34,Hardware,4,576.6,2306.4,1640.0,666.4
SO-2025-04924,2025-03-26,2025-03,Europe,Germany,Oliver Smith,Wireless Mouse,Accessories,3,59.8,179.4,72.0,107.4
SO-2025-05034,2025-03-26,2025-03,Europe,Spain,Emma Laurent,Noise-Cancel Headset,Accessories,10,194.4,1944.0,1180.0,764.0
SO-2025-02338,2025-03-26,2025-03,LATAM,Argentina,Camila Rojas,Analytics Add-on,Software,13,409.5,5323.5,910.0,4413.5
SO-2025-01308,2025-03-26,2025-03,North America,Canada,Ava Thompson,UltraWide Monitor 34,Hardware,1,607.6,607.6,410.0,197.6
SO-2025-01050,2025-03-27,2025-03,Europe,United Kingdom,Noah Muller,CRM Suite (annual),Software,19,891.0,16929.0,2660.0,14269.0
SO-2025-02811,2025-03-27,2025-03,Europe,United Kingdom,Oliver Smith,Wireless Mouse,Accessories,2,56.55,113.1,48.0,65.1
SO-2025-01060,2025-03-27,2025-03,Europe,United Kingdom,Emma Laurent,USB-C Dock,Accessories,8,174.6,1396.8,704.0,692.8
SO-2025-01893,2025-03-27,2025-03,APAC,Japan,Chloe Wong,Wireless Mouse,Accessories,6,59.8,358.8,144.0,214.8
SO-2025-02122,2025-03-27,2025-03,North America,Mexico,Ava Thompson,CRM Suite (annual),Software,7,747.0,5229.0,980.0,4249.0
SO-2025-04161,2025-03-27,2025-03,APAC,Singapore,Priya Nair,Analytics Add-on,Software,14,396.0,5544.0,980.0,4564.0
SO-2025-01112,2025-03-27,2025-03,APAC,Singapore,Haruto Sato,Laptop Air 13,Hardware,1,861.0,861.0,700.0,161.0
SO-2025-03628,2025-03-27,2025-03,APAC,India,Haruto Sato,Security Suite,Software,18,609.0,10962.0,1980.0,8982.0
SO-2025-04968,2025-03-27,2025-03,North America,United States,Liam Chen,Security Suite,Software,13,623.0,8099.0,1430.0,6669.0
SO-2025-05222,2025-03-27,2025-03,Europe,United Kingdom,Noah Muller,Mechanical Keyboard,Accessories,8,119.6,956.8,496.0,460.8
SO-2025-02676,2025-03-27,2025-03,Europe,Germany,Noah Muller,Laptop Air 13,Hardware,2,882.0,1764.0,1400.0,364.0
SO-2025-02914,2025-03-27,2025-03,Europe,United Kingdom,Emma Laurent,Wireless Mouse,Accessories,5,55.25,276.25,120.0,156.25
SO-2025-02375,2025-03-27,2025-03,APAC,Singapore,Haruto Sato,UltraWide Monitor 34,Hardware,4,533.2,2132.8,1640.0,492.8
SO-2025-00497,2025-03-27,2025-03,APAC,Japan,Priya Nair,Laptop Air 13,Hardware,1,945.0,945.0,700.0,245.0
SO-2025-05716,2025-03-27,2025-03,North America,United States,Liam Chen,USB-C Dock,Accessories,2,171.0,342.0,176.0,166.0
SO-2025-04669,2025-03-27,2025-03,Europe,United Kingdom,Oliver Smith,CRM Suite (annual),Software,21,846.0,17766.0,2940.0,14826.0
SO-2025-03390,2025-03-27,2025-03,Europe,France,Oliver Smith,USB-C Dock,Accessories,7,172.8,1209.6,616.0,593.6
SO-2025-02250,2025-03-27,2025-03,APAC,India,Haruto Sato,Noise-Cancel Headset,Accessories,3,206.4,619.2,354.0,265.2
SO-2025-00579,2025-03-27,2025-03,Europe,Germany,Oliver Smith,Analytics Add-on,Software,6,396.0,2376.0,420.0,1956.0
SO-2025-02639,2025-03-27,2025-03,Europe,France,Emma Laurent,Wireless Mouse,Accessories,3,59.15,177.45,72.0,105.45
SO-2025-01489,2025-03-28,2025-03,Europe,United Kingdom,Noah Muller,Laptop Air 13,Hardware,1,1008.0,1008.0,700.0,308.0
SO-2025-02569,2025-03-28,2025-03,APAC,Australia,Haruto Sato,Mechanical Keyboard,Accessories,6,118.3,709.8,372.0,337.8
SO-2025-01107,2025-03-28,2025-03,North America,Mexico,Ava Thompson,Wireless Mouse,Accessories,6,60.45,362.7,144.0,218.7
SO-2025-02555,2025-03-28,2025-03,LATAM,Brazil,Camila Rojas,Analytics Add-on,Software,9,436.5,3928.5,630.0,3298.5
SO-2025-05543,2025-03-28,2025-03,APAC,India,Priya Nair,UltraWide Monitor 34,Hardware,2,527.0,1054.0,820.0,234.0
SO-2025-04599,2025-03-28,2025-03,North America,Mexico,Ava Thompson,Laptop Pro 15,Hardware,3,1392.0,4176.0,2940.0,1236.0
SO-2025-02992,2025-03-28,2025-03,APAC,Singapore,Haruto Sato,Laptop Pro 15,Hardware,3,1363.0,4089.0,2940.0,1149.0
SO-2025-01569,2025-03-28,2025-03,North America,United States,Ava Thompson,Laptop Air 13,Hardware,4,955.5,3822.0,2800.0,1022.0
SO-2025-04108,2025-03-28,2025-03,North America,Canada,Sofia Ramirez,Laptop Pro 15,Hardware,4,1276.0,5104.0,3920.0,1184.0
SO-2025-00466,2025-03-28,2025-03,Europe,France,Emma Laurent,Laptop Air 13,Hardware,3,892.5,2677.5,2100.0,577.5
SO-2025-02956,2025-03-28,2025-03,North America,United States,Sofia Ramirez,Wireless Mouse,Accessories,1,54.6,54.6,24.0,30.6
SO-2025-01366,2025-03-28,2025-03,North America,United States,Ava Thompson,Mechanical Keyboard,Accessories,4,127.4,509.6,248.0,261.6
SO-2025-01763,2025-03-28,2025-03,APAC,India,Priya Nair,Analytics Add-on,Software,12,382.5,4590.0,840.0,3750.0
SO-2025-04371,2025-03-28,2025-03,North America,United States,Sofia Ramirez,Security Suite,Software,12,700.0,8400.0,1320.0,7080.0
SO-2025-00926,2025-03-28,2025-03,North America,Mexico,Liam Chen,Analytics Add-on,Software,2,373.5,747.0,140.0,607.0
SO-2025-00949,2025-03-28,2025-03,APAC,India,Priya Nair,CRM Suite (annual),Software,13,873.0,11349.0,1820.0,9529.0
SO-2025-01151,2025-03-28,2025-03,APAC,Japan,Priya Nair,Wireless Mouse,Accessories,3,59.15,177.45,72.0,105.45
SO-2025-03884,2025-03-28,2025-03,North America,Canada,Ava Thompson,Mechanical Keyboard,Accessories,7,110.5,773.5,434.0,339.5
SO-2025-00787,2025-03-28,2025-03,Europe,France,Emma Laurent,Wireless Mouse,Accessories,6,52.65,315.9,144.0,171.9
SO-2025-01633,2025-03-28,2025-03,APAC,Australia,Chloe Wong,CRM Suite (annual),Software,22,828.0,18216.0,3080.0,15136.0
SO-2025-05284,2025-03-28,2025-03,Europe,France,Emma Laurent,Laptop Pro 15,Hardware,1,1160.0,1160.0,980.0,180.0
SO-2025-04393,2025-03-28,2025-03,North America,Mexico,Sofia Ramirez,Mechanical Keyboard,Accessories,7,110.5,773.5,434.0,339.5
SO-2025-00123,2025-03-28,2025-03,Europe,Germany,Noah Muller,Wireless Mouse,Accessories,5,60.45,302.25,120.0,182.25
SO-2025-02831,2025-03-28,2025-03,North America,United States,Ava Thompson,Laptop Air 13,Hardware,4,903.0,3612.0,2800.0,812.0
SO-2025-04912,2025-03-29,2025-03,North America,United States,Sofia Ramirez,UltraWide Monitor 34,Hardware,3,558.0,1674.0,1230.0,444.0
SO-2025-00436,2025-03-29,2025-03,LATAM,Chile,Diego Fernandez,Noise-Cancel Headset,Accessories,6,218.4,1310.4,708.0,602.4
SO-2025-01604,2025-03-29,2025-03,North America,Canada,Ava Thompson,Laptop Air 13,Hardware,2,955.5,1911.0,1400.0,511.0
SO-2025-00582,2025-03-29,2025-03,Europe,United Kingdom,Oliver Smith,Wireless Mouse,Accessories,2,63.7,127.4,48.0,79.4
SO-2025-01086,2025-03-29,2025-03,North America,United States,Liam Chen,Analytics Add-on,Software,8,432.0,3456.0,560.0,2896.0
SO-2025-01433,2025-03-29,2025-03,North America,United States,Ava Thompson,UltraWide Monitor 34,Hardware,4,620.0,2480.0,1640.0,840.0
SO-2025-05460,2025-03-29,2025-03,APAC,India,Chloe Wong,Security Suite,Software,9,686.0,6174.0,990.0,5184.0
SO-2025-02431,2025-03-29,2025-03,Europe,Germany,Oliver Smith,Analytics Add-on,Software,2,387.0,774.0,140.0,634.0
SO-2025-04018,2025-03-29,2025-03,Europe,Spain,Oliver Smith,UltraWide Monitor 34,Hardware,3,514.6,1543.8,1230.0,313.8
SO-2025-02846,2025-03-29,2025-03,Europe,United Kingdom,Noah Muller,CRM Suite (annual),Software,18,738.0,13284.0,2520.0,10764.0
SO-2025-01395,2025-03-29,2025-03,North America,United States,Ava Thompson,Laptop Pro 15,Hardware,4,1392.0,5568.0,3920.0,1648.0
SO-2025-02632,2025-03-29,2025-03,North America,Canada,Ava Thompson,Security Suite,Software,24,679.0,16296.0,2640.0,13656.0
SO-2025-04262,2025-03-29,2025-03,APAC,India,Chloe Wong,CRM Suite (annual),Software,9,720.0,6480.0,1260.0,5220.0
SO-2025-04172,2025-03-29,2025-03,LATAM,Chile,Camila Rojas,Laptop Pro 15,Hardware,4,1261.5,5046.0,3920.0,1126.0
SO-2025-00718,2025-03-29,2025-03,North America,United States,Ava Thompson,Noise-Cancel Headset,Accessories,5,240.0,1200.0,590.0,610.0
SO-2025-04319,2025-03-29,2025-03,APAC,Japan,Chloe Wong,Noise-Cancel Headset,Accessories,9,230.4,2073.6,1062.0,1011.6
SO-2025-03728,2025-03-29,2025-03,North America,United States,Sofia Ramirez,USB-C Dock,Accessories,1,153.0,153.0,88.0,65.0
SO-2025-04355,2025-03-30,2025-03,North America,United States,Liam Chen,UltraWide Monitor 34,Hardware,4,545.6,2182.4,1640.0,542.4
SO-2025-04111,2025-03-30,2025-03,North America,Mexico,Sofia Ramirez,Laptop Air 13,Hardware,1,871.5,871.5,700.0,171.5
SO-2025-00160,2025-03-30,2025-03,Europe,United Kingdom,Noah Muller,Laptop Air 13,Hardware,1,892.5,892.5,700.0,192.5
SO-2025-02507,2025-03-30,2025-03,North America,Mexico,Liam Chen,Security Suite,Software,15,651.0,9765.0,1650.0,8115.0
SO-2025-01155,2025-03-30,2025-03,North America,United States,Sofia Ramirez,CRM Suite (annual),Software,12,810.0,9720.0,1680.0,8040.0
SO-2025-05922,2025-03-30,2025-03,Europe,United Kingdom,Noah Muller,CRM Suite (annual),Software,21,756.0,15876.0,2940.0,12936.0
SO-2025-04691,2025-03-30,2025-03,Europe,Germany,Emma Laurent,Noise-Cancel Headset,Accessories,3,201.6,604.8,354.0,250.8
SO-2025-05488,2025-03-30,2025-03,LATAM,Brazil,Mateo Silva,Mechanical Keyboard,Accessories,8,115.7,925.6,496.0,429.6
SO-2025-04285,2025-03-30,2025-03,North America,Canada,Liam Chen,UltraWide Monitor 34,Hardware,4,502.2,2008.8,1640.0,368.8
SO-2025-00115,2025-03-30,2025-03,APAC,India,Priya Nair,Analytics Add-on,Software,16,427.5,6840.0,1120.0,5720.0
SO-2025-02001,2025-03-30,2025-03,North America,United States,Liam Chen,Analytics Add-on,Software,25,427.5,10687.5,1750.0,8937.5
SO-2025-00265,2025-03-31,2025-03,North America,Canada,Sofia Ramirez,Laptop Pro 15,Hardware,1,1261.5,1261.5,980.0,281.5
SO-2025-04800,2025-03-31,2025-03,North America,United States,Sofia Ramirez,Mechanical Keyboard,Accessories,6,128.7,772.2,372.0,400.2
SO-2025-04326,2025-03-31,2025-03,Europe,France,Oliver Smith,UltraWide Monitor 34,Hardware,2,551.8,1103.6,820.0,283.6
SO-2025-03627,2025-03-31,2025-03,Europe,Germany,Oliver Smith,Mechanical Keyboard,Accessories,1,118.3,118.3,62.0,56.3
SO-2025-04872,2025-03-31,2025-03,Europe,Germany,Noah Muller,Security Suite,Software,4,588.0,2352.0,440.0,1912.0
SO-2025-00546,2025-03-31,2025-03,APAC,Japan,Chloe Wong,Laptop Pro 15,Hardware,2,1203.5,2407.0,1960.0,447.0
SO-2025-01983,2025-03-31,2025-03,APAC,Australia,Chloe Wong,Noise-Cancel Headset,Accessories,3,235.2,705.6,354.0,351.6
SO-2025-01516,2025-03-31,2025-03,LATAM,Chile,Mateo Silva,Security Suite,Software,22,658.0,14476.0,2420.0,12056.0
SO-2025-05336,2025-03-31,2025-03,Europe,United Kingdom,Noah Muller,Noise-Cancel Headset,Accessories,8,230.4,1843.2,944.0,899.2
SO-2025-05099,2025-03-31,2025-03,APAC,India,Priya Nair,Laptop Pro 15,Hardware,2,1160.0,2320.0,1960.0,360.0
SO-2025-05576,2025-03-31,2025-03,APAC,Japan,Haruto Sato,Analytics Add-on,Software,13,364.5,4738.5,910.0,3828.5
SO-2025-00398,2025-03-31,2025-03,APAC,Singapore,Haruto Sato,Mechanical Keyboard,Accessories,7,106.6,746.2,434.0,312.2
SO-2025-00692,2025-03-31,2025-03,Europe,United Kingdom,Noah Muller,UltraWide Monitor 34,Hardware,3,576.6,1729.8,1230.0,499.8
SO-2025-04046,2025-03-31,2025-03,Europe,United Kingdom,Emma Laurent,CRM Suite (annual),Software,8,882.0,7056.0,1120.0,5936.0
SO-2025-05493,2025-03-31,2025-03,Europe,Spain,Emma Laurent,Security Suite,Software,2,560.0,1120.0,220.0,900.0
SO-2025-02550,2025-03-31,2025-03,North America,Canada,Sofia Ramirez,Wireless Mouse,Accessories,5,59.8,299.0,120.0,179.0
SO-2025-04051,2025-03-31,2025-03,Europe,Germany,Oliver Smith,Laptop Pro 15,Hardware,2,1363.0,2726.0,1960.0,766.0
SO-2025-05918,2025-03-31,2025-03,Europe,United Kingdom,Noah Muller,Analytics Add-on,Software,25,441.0,11025.0,1750.0,9275.0
SO-2025-05031,2025-03-31,2025-03,North America,Mexico,Sofia Ramirez,Analytics Add-on,Software,14,409.5,5733.0,980.0,4753.0
SO-2025-03166,2025-03-31,2025-03,North America,Canada,Sofia Ramirez,Noise-Cancel Headset,Accessories,8,237.6,1900.8,944.0,956.8
SO-2025-05490,2025-03-31,2025-03,APAC,Japan,Haruto Sato,Mechanical Keyboard,Accessories,7,126.1,882.7,434.0,448.7
SO-2025-00403,2025-04-01,2025-04,LATAM,Brazil,Mateo Silva,USB-C Dock,Accessories,1,145.8,145.8,88.0,57.8
SO-2025-03360,2025-04-01,2025-04,Europe,Germany,Emma Laurent,CRM Suite (annual),Software,20,792.0,15840.0,2800.0,13040.0
SO-2025-01221,2025-04-01,2025-04,North America,United States,Liam Chen,Security Suite,Software,4,672.0,2688.0,440.0,2248.0
SO-2025-04828,2025-04-01,2025-04,Europe,France,Emma Laurent,Noise-Cancel Headset,Accessories,10,223.2,2232.0,1180.0,1052.0
SO-2025-05761,2025-04-01,2025-04,APAC,Australia,Chloe Wong,Security Suite,Software,13,637.0,8281.0,1430.0,6851.0
SO-2025-01058,2025-04-01,2025-04,APAC,India,Haruto Sato,Laptop Pro 15,Hardware,3,1218.0,3654.0,2940.0,714.0
SO-2025-00703,2025-04-01,2025-04,North America,Mexico,Liam Chen,Laptop Air 13,Hardware,4,903.0,3612.0,2800.0,812.0
SO-2025-02206,2025-04-01,2025-04,Europe,Spain,Oliver Smith,Wireless Mouse,Accessories,7,64.35,450.45,168.0,282.45
SO-2025-05268,2025-04-01,2025-04,North America,Mexico,Sofia Ramirez,Laptop Air 13,Hardware,2,913.5,1827.0,1400.0,427.0
SO-2025-01171,2025-04-01,2025-04,Europe,United Kingdom,Noah Muller,UltraWide Monitor 34,Hardware,1,570.4,570.4,410.0,160.4
SO-2025-02903,2025-04-01,2025-04,North America,United States,Sofia Ramirez,Wireless Mouse,Accessories,2,54.6,109.2,48.0,61.2
SO-2025-03091,2025-04-01,2025-04,LATAM,Brazil,Diego Fernandez,Security Suite,Software,23,623.0,14329.0,2530.0,11799.0
SO-2025-04170,2025-04-01,2025-04,APAC,Australia,Haruto Sato,Mechanical Keyboard,Accessories,3,111.8,335.4,186.0,149.4
SO-2025-05191,2025-04-01,2025-04,Europe,Spain,Oliver Smith,USB-C Dock,Accessories,6,144.0,864.0,528.0,336.0
SO-2025-02342,2025-04-01,2025-04,APAC,India,Chloe Wong,UltraWide Monitor 34,Hardware,1,520.8,520.8,410.0,110.8
SO-2025-03817,2025-04-01,2025-04,North America,Mexico,Ava Thompson,Laptop Air 13,Hardware,3,934.5,2803.5,2100.0,703.5
SO-2025-03055,2025-04-02,2025-04,Europe,Spain,Oliver Smith,Analytics Add-on,Software,17,414.0,7038.0,1190.0,5848.0
SO-2025-02223,2025-04-02,2025-04,North America,United States,Sofia Ramirez,UltraWide Monitor 34,Hardware,1,570.4,570.4,410.0,160.4
SO-2025-03455,2025-04-02,2025-04,APAC,India,Priya Nair,Analytics Add-on,Software,19,441.0,8379.0,1330.0,7049.0
SO-2025-03626,2025-04-02,2025-04,Europe,France,Emma Laurent,Laptop Air 13,Hardware,2,892.5,1785.0,1400.0,385.0
SO-2025-05009,2025-04-02,2025-04,North America,Canada,Ava Thompson,USB-C Dock,Accessories,10,160.2,1602.0,880.0,722.0
SO-2025-03785,2025-04-02,2025-04,Europe,France,Noah Muller,Wireless Mouse,Accessories,5,52.0,260.0,120.0,140.0
SO-2025-01400,2025-04-02,2025-04,APAC,India,Haruto Sato,Laptop Pro 15,Hardware,1,1363.0,1363.0,980.0,383.0
SO-2025-03979,2025-04-02,2025-04,Europe,France,Noah Muller,Laptop Pro 15,Hardware,4,1363.0,5452.0,3920.0,1532.0
SO-2025-05013,2025-04-02,2025-04,LATAM,Chile,Mateo Silva,Mechanical Keyboard,Accessories,5,107.9,539.5,310.0,229.5
SO-2025-03910,2025-04-02,2025-04,North America,United States,Liam Chen,Laptop Pro 15,Hardware,2,1218.0,2436.0,1960.0,476.0
SO-2025-05729,2025-04-02,2025-04,APAC,Japan,Priya Nair,Noise-Cancel Headset,Accessories,1,211.2,211.2,118.0,93.2
SO-2025-03716,2025-04-02,2025-04,North America,Canada,Liam Chen,Noise-Cancel Headset,Accessories,6,218.4,1310.4,708.0,602.4
SO-2025-04353,2025-04-02,2025-04,Europe,France,Noah Muller,Laptop Air 13,Hardware,1,945.0,945.0,700.0,245.0
SO-2025-02372,2025-04-02,2025-04,APAC,Australia,Priya Nair,Wireless Mouse,Accessories,3,52.0,156.0,72.0,84.0
SO-2025-02331,2025-04-03,2025-04,Europe,Spain,Oliver Smith,Laptop Pro 15,Hardware,1,1305.0,1305.0,980.0,325.0
SO-2025-00100,2025-04-03,2025-04,North America,United States,Sofia Ramirez,Laptop Pro 15,Hardware,1,1334.0,1334.0,980.0,354.0
SO-2025-03425,2025-04-03,2025-04,North America,Canada,Sofia Ramirez,Mechanical Keyboard,Accessories,4,107.9,431.6,248.0,183.6
SO-2025-01333,2025-04-03,2025-04,North America,Mexico,Liam Chen,Analytics Add-on,Software,17,432.0,7344.0,1190.0,6154.0
SO-2025-04961,2025-04-03,2025-04,North America,Canada,Ava Thompson,Wireless Mouse,Accessories,6,65.0,390.0,144.0,246.0
SO-2025-01854,2025-04-03,2025-04,LATAM,Chile,Mateo Silva,Analytics Add-on,Software,11,373.5,4108.5,770.0,3338.5
SO-2025-02961,2025-04-03,2025-04,Europe,Spain,Emma Laurent,Noise-Cancel Headset,Accessories,2,211.2,422.4,236.0,186.4
SO-2025-04711,2025-04-03,2025-04,North America,United States,Ava Thompson,Security Suite,Software,4,574.0,2296.0,440.0,1856.0
SO-2025-01468,2025-04-03,2025-04,Europe,Germany,Emma Laurent,CRM Suite (annual),Software,18,801.0,14418.0,2520.0,11898.0
SO-2025-05486,2025-04-03,2025-04,APAC,Japan,Haruto Sato,Noise-Cancel Headset,Accessories,7,240.0,1680.0,826.0,854.0
SO-2025-02614,2025-04-03,2025-04,APAC,India,Chloe Wong,Noise-Cancel Headset,Accessories,9,199.2,1792.8,1062.0,730.8
SO-2025-04386,2025-04-04,2025-04,LATAM,Chile,Mateo Silva,UltraWide Monitor 34,Hardware,4,514.6,2058.4,1640.0,418.4
SO-2025-01842,2025-04-04,2025-04,Europe,Germany,Emma Laurent,Laptop Air 13,Hardware,1,1018.5,1018.5,700.0,318.5
SO-2025-03526,2025-04-04,2025-04,North America,Mexico,Liam Chen,Mechanical Keyboard,Accessories,6,122.2,733.2,372.0,361.2
SO-2025-01040,2025-04-04,2025-04,LATAM,Chile,Mateo Silva,Mechanical Keyboard,Accessories,3,123.5,370.5,186.0,184.5
SO-2025-05822,2025-04-04,2025-04,North America,United States,Liam Chen,Mechanical Keyboard,Accessories,6,105.3,631.8,372.0,259.8
SO-2025-00931,2025-04-04,2025-04,North America,Canada,Liam Chen,Wireless Mouse,Accessories,10,64.35,643.5,240.0,403.5
SO-2025-01906,2025-04-04,2025-04,Europe,Spain,Noah Muller,Wireless Mouse,Accessories,9,55.25,497.25,216.0,281.25
SO-2025-03833,2025-04-04,2025-04,Europe,France,Emma Laurent,Laptop Pro 15,Hardware,3,1203.5,3610.5,2940.0,670.5
SO-2025-00648,2025-04-04,2025-04,North America,Canada,Liam Chen,Laptop Pro 15,Hardware,3,1276.0,3828.0,2940.0,888.0
SO-2025-05971,2025-04-04,2025-04,APAC,Australia,Chloe Wong,Laptop Air 13,Hardware,3,840.0,2520.0,2100.0,420.0
SO-2025-04408,2025-04-04,2025-04,APAC,India,Chloe Wong,Noise-Cancel Headset,Accessories,2,225.6,451.2,236.0,215.2
SO-2025-02116,2025-04-04,2025-04,North America,United States,Sofia Ramirez,Wireless Mouse,Accessories,5,56.55,282.75,120.0,162.75
SO-2025-01378,2025-04-04,2025-04,North America,United States,Sofia Ramirez,Mechanical Keyboard,Accessories,7,123.5,864.5,434.0,430.5
SO-2025-00014,2025-04-05,2025-04,Europe,United Kingdom,Noah Muller,Analytics Add-on,Software,5,391.5,1957.5,350.0,1607.5
SO-2025-01769,2025-04-05,2025-04,Europe,France,Noah Muller,Wireless Mouse,Accessories,4,61.75,247.0,96.0,151.0
SO-2025-04221,2025-04-05,2025-04,APAC,Australia,Haruto Sato,Mechanical Keyboard,Accessories,7,130.0,910.0,434.0,476.0
SO-2025-03875,2025-04-05,2025-04,LATAM,Argentina,Mateo Silva,Analytics Add-on,Software,19,391.5,7438.5,1330.0,6108.5
SO-2025-01269,2025-04-05,2025-04,North America,United States,Sofia Ramirez,Security Suite,Software,7,623.0,4361.0,770.0,3591.0
SO-2025-04426,2025-04-05,2025-04,Europe,Spain,Emma Laurent,Mechanical Keyboard,Accessories,8,122.2,977.6,496.0,481.6
SO-2025-03462,2025-04-05,2025-04,North America,United States,Ava Thompson,Security Suite,Software,16,602.0,9632.0,1760.0,7872.0
SO-2025-02284,2025-04-05,2025-04,North America,Mexico,Ava Thompson,Mechanical Keyboard,Accessories,10,127.4,1274.0,620.0,654.0
SO-2025-04562,2025-04-05,2025-04,Europe,United Kingdom,Oliver Smith,Security Suite,Software,13,665.0,8645.0,1430.0,7215.0
SO-2025-02506,2025-04-05,2025-04,APAC,Japan,Haruto Sato,Wireless Mouse,Accessories,8,62.4,499.2,192.0,307.2
SO-2025-00330,2025-04-05,2025-04,North America,Canada,Liam Chen,Wireless Mouse,Accessories,8,54.6,436.8,192.0,244.8
SO-2025-01885,2025-04-05,2025-04,North America,United States,Liam Chen,UltraWide Monitor 34,Hardware,1,576.6,576.6,410.0,166.6
SO-2025-02541,2025-04-05,2025-04,North America,Mexico,Sofia Ramirez,Noise-Cancel Headset,Accessories,1,213.6,213.6,118.0,95.6
SO-2025-04363,2025-04-05,2025-04,APAC,Singapore,Chloe Wong,CRM Suite (annual),Software,13,900.0,11700.0,1820.0,9880.0
SO-2025-05959,2025-04-05,2025-04,North America,Canada,Liam Chen,UltraWide Monitor 34,Hardware,2,582.8,1165.6,820.0,345.6
SO-2025-02641,2025-04-05,2025-04,North America,Canada,Liam Chen,USB-C Dock,Accessories,2,172.8,345.6,176.0,169.6
SO-2025-02324,2025-04-05,2025-04,APAC,Japan,Priya Nair,Mechanical Keyboard,Accessories,3,107.9,323.7,186.0,137.7
SO-2025-01002,2025-04-05,2025-04,APAC,Japan,Chloe Wong,Laptop Pro 15,Hardware,4,1218.0,4872.0,3920.0,952.0
SO-2025-02164,2025-04-05,2025-04,APAC,Japan,Haruto Sato,CRM Suite (annual),Software,15,801.0,12015.0,2100.0,9915.0
SO-2025-05039,2025-04-06,2025-04,Europe,Spain,Noah Muller,Mechanical Keyboard,Accessories,7,110.5,773.5,434.0,339.5
SO-2025-01266,2025-04-06,2025-04,North America,Mexico,Ava Thompson,USB-C Dock,Accessories,1,147.6,147.6,88.0,59.6
SO-2025-01726,2025-04-06,2025-04,APAC,India,Priya Nair,CRM Suite (annual),Software,15,783.0,11745.0,2100.0,9645.0
SO-2025-03374,2025-04-06,2025-04,Europe,France,Oliver Smith,Analytics Add-on,Software,12,450.0,5400.0,840.0,4560.0
SO-2025-04657,2025-04-06,2025-04,North America,United States,Ava Thompson,Analytics Add-on,Software,11,387.0,4257.0,770.0,3487.0
SO-2025-05519,2025-04-06,2025-04,North America,United States,Sofia Ramirez,Security Suite,Software,5,602.0,3010.0,550.0,2460.0
SO-2025-04095,2025-04-07,2025-04,Europe,France,Emma Laurent,Security Suite,Software,12,623.0,7476.0,1320.0,6156.0
SO-2025-02152,2025-04-07,2025-04,North America,United States,Sofia Ramirez,Noise-Cancel Headset,Accessories,7,228.0,1596.0,826.0,770.0
SO-2025-01165,2025-04-07,2025-04,LATAM,Argentina,Diego Fernandez,Mechanical Keyboard,Accessories,3,109.2,327.6,186.0,141.6
SO-2025-01096,2025-04-07,2025-04,North America,Canada,Sofia Ramirez,Laptop Air 13,Hardware,3,997.5,2992.5,2100.0,892.5
SO-2025-04402,2025-04-07,2025-04,North America,Canada,Sofia Ramirez,Wireless Mouse,Accessories,1,65.0,65.0,24.0,41.0
SO-2025-04864,2025-04-07,2025-04,APAC,India,Chloe Wong,Analytics Add-on,Software,18,409.5,7371.0,1260.0,6111.0
SO-2025-01533,2025-04-07,2025-04,APAC,Singapore,Haruto Sato,USB-C Dock,Accessories,6,171.0,1026.0,528.0,498.0
SO-2025-03625,2025-04-07,2025-04,Europe,United Kingdom,Oliver Smith,USB-C Dock,Accessories,7,147.6,1033.2,616.0,417.2
SO-2025-01340,2025-04-07,2025-04,Europe,Germany,Oliver Smith,Mechanical Keyboard,Accessories,6,124.8,748.8,372.0,376.8
SO-2025-05133,2025-04-07,2025-04,North America,Mexico,Liam Chen,Security Suite,Software,13,630.0,8190.0,1430.0,6760.0
SO-2025-02685,2025-04-07,2025-04,APAC,Japan,Priya Nair,CRM Suite (annual),Software,17,738.0,12546.0,2380.0,10166.0
SO-2025-02544,2025-04-07,2025-04,Europe,Germany,Noah Muller,CRM Suite (annual),Software,10,729.0,7290.0,1400.0,5890.0
SO-2025-01369,2025-04-07,2025-04,APAC,India,Priya Nair,Laptop Air 13,Hardware,3,1018.5,3055.5,2100.0,955.5
SO-2025-03136,2025-04-07,2025-04,APAC,Australia,Chloe Wong,CRM Suite (annual),Software,23,810.0,18630.0,3220.0,15410.0
SO-2025-04687,2025-04-07,2025-04,APAC,India,Haruto Sato,Laptop Pro 15,Hardware,4,1174.5,4698.0,3920.0,778.0
SO-2025-00558,2025-04-07,2025-04,APAC,Singapore,Priya Nair,Mechanical Keyboard,Accessories,4,127.4,509.6,248.0,261.6
SO-2025-03181,2025-04-07,2025-04,North America,Mexico,Liam Chen,Analytics Add-on,Software,9,436.5,3928.5,630.0,3298.5
SO-2025-01526,2025-04-07,2025-04,Europe,United Kingdom,Oliver Smith,Analytics Add-on,Software,24,432.0,10368.0,1680.0,8688.0
SO-2025-05596,2025-04-07,2025-04,APAC,Australia,Priya Nair,CRM Suite (annual),Software,8,810.0,6480.0,1120.0,5360.0
SO-2025-02694,2025-04-08,2025-04,North America,Mexico,Ava Thompson,Analytics Add-on,Software,17,396.0,6732.0,1190.0,5542.0
SO-2025-05318,2025-04-08,2025-04,APAC,Japan,Chloe Wong,Wireless Mouse,Accessories,7,52.65,368.55,168.0,200.55
SO-2025-00758,2025-04-08,2025-04,Europe,Spain,Emma Laurent,Laptop Pro 15,Hardware,2,1218.0,2436.0,1960.0,476.0
SO-2025-03973,2025-04-08,2025-04,North America,Canada,Liam Chen,UltraWide Monitor 34,Hardware,4,620.0,2480.0,1640.0,840.0
SO-2025-00391,2025-04-08,2025-04,North America,Canada,Ava Thompson,Wireless Mouse,Accessories,10,64.35,643.5,240.0,403.5
SO-2025-04632,2025-04-08,2025-04,North America,Mexico,Sofia Ramirez,USB-C Dock,Accessories,2,172.8,345.6,176.0,169.6
SO-2025-04317,2025-04-08,2025-04,APAC,Japan,Haruto Sato,USB-C Dock,Accessories,10,169.2,1692.0,880.0,812.0
SO-2025-00480,2025-04-08,2025-04,APAC,India,Priya Nair,Analytics Add-on,Software,11,418.5,4603.5,770.0,3833.5
SO-2025-04823,2025-04-08,2025-04,LATAM,Argentina,Diego Fernandez,Laptop Pro 15,Hardware,4,1450.0,5800.0,3920.0,1880.0
SO-2025-05121,2025-04-08,2025-04,LATAM,Argentina,Camila Rojas,Wireless Mouse,Accessories,1,59.15,59.15,24.0,35.15
SO-2025-05197,2025-04-08,2025-04,Europe,United Kingdom,Emma Laurent,CRM Suite (annual),Software,9,819.0,7371.0,1260.0,6111.0
SO-2025-04252,2025-04-08,2025-04,Europe,Spain,Emma Laurent,USB-C Dock,Accessories,7,165.6,1159.2,616.0,543.2
SO-2025-00437,2025-04-08,2025-04,APAC,India,Priya Nair,Analytics Add-on,Software,24,450.0,10800.0,1680.0,9120.0
SO-2025-03369,2025-04-09,2025-04,North America,United States,Sofia Ramirez,Wireless Mouse,Accessories,3,53.3,159.9,72.0,87.9
SO-2025-02294,2025-04-09,2025-04,Europe,Spain,Oliver Smith,CRM Suite (annual),Software,4,864.0,3456.0,560.0,2896.0
SO-2025-01778,2025-04-09,2025-04,LATAM,Chile,Mateo Silva,CRM Suite (annual),Software,16,819.0,13104.0,2240.0,10864.0
SO-2025-04700,2025-04-09,2025-04,APAC,India,Chloe Wong,Laptop Air 13,Hardware,3,924.0,2772.0,2100.0,672.0
SO-2025-04359,2025-04-09,2025-04,Europe,United Kingdom,Oliver Smith,CRM Suite (annual),Software,3,819.0,2457.0,420.0,2037.0
SO-2025-02982,2025-04-09,2025-04,North America,Mexico,Sofia Ramirez,Laptop Air 13,Hardware,1,882.0,882.0,700.0,182.0
SO-2025-05551,2025-04-09,2025-04,APAC,India,Chloe Wong,Analytics Add-on,Software,20,409.5,8190.0,1400.0,6790.0
SO-2025-05655,2025-04-09,2025-04,Europe,Spain,Emma Laurent,USB-C Dock,Accessories,2,158.4,316.8,176.0,140.8
SO-2025-01962,2025-04-09,2025-04,Europe,Spain,Noah Muller,Analytics Add-on,Software,25,414.0,10350.0,1750.0,8600.0
SO-2025-02543,2025-04-10,2025-04,LATAM,Chile,Mateo Silva,Noise-Cancel Headset,Accessories,10,206.4,2064.0,1180.0,884.0
SO-2025-03451,2025-04-10,2025-04,APAC,Japan,Haruto Sato,Noise-Cancel Headset,Accessories,6,232.8,1396.8,708.0,688.8
SO-2025-00630,2025-04-10,2025-04,Europe,Germany,Noah Muller,USB-C Dock,Accessories,3,178.2,534.6,264.0,270.6
SO-2025-02726,2025-04-10,2025-04,North America,Canada,Ava Thompson,Noise-Cancel Headset,Accessories,1,220.8,220.8,118.0,102.8
SO-2025-02731,2025-04-10,2025-04,Europe,Spain,Emma Laurent,USB-C Dock,Accessories,6,167.4,1004.4,528.0,476.4
SO-2025-01138,2025-04-10,2025-04,APAC,Singapore,Haruto Sato,CRM Suite (annual),Software,19,873.0,16587.0,2660.0,13927.0
SO-2025-04541,2025-04-10,2025-04,North America,Mexico,Liam Chen,Analytics Add-on,Software,12,369.0,4428.0,840.0,3588.0
SO-2025-02521,2025-04-10,2025-04,Europe,Germany,Noah Muller,Noise-Cancel Headset,Accessories,3,237.6,712.8,354.0,358.8
SO-2025-01991,2025-04-10,2025-04,APAC,Singapore,Chloe Wong,Analytics Add-on,Software,1,387.0,387.0,70.0,317.0
SO-2025-03572,2025-04-10,2025-04,LATAM,Brazil,Mateo Silva,Analytics Add-on,Software,14,378.0,5292.0,980.0,4312.0
SO-2025-02872,2025-04-10,2025-04,Europe,United Kingdom,Noah Muller,Laptop Air 13,Hardware,4,892.5,3570.0,2800.0,770.0
SO-2025-03633,2025-04-10,2025-04,APAC,Singapore,Chloe Wong,Mechanical Keyboard,Accessories,7,118.3,828.1,434.0,394.1
SO-2025-01118,2025-04-11,2025-04,LATAM,Argentina,Camila Rojas,Wireless Mouse,Accessories,1,55.25,55.25,24.0,31.25
SO-2025-00526,2025-04-11,2025-04,LATAM,Argentina,Mateo Silva,Laptop Air 13,Hardware,3,871.5,2614.5,2100.0,514.5
SO-2025-01470,2025-04-11,2025-04,North America,Mexico,Ava Thompson,Security Suite,Software,5,616.0,3080.0,550.0,2530.0
SO-2025-03218,2025-04-11,2025-04,North America,Canada,Liam Chen,Wireless Mouse,Accessories,10,59.8,598.0,240.0,358.0
SO-2025-03709,2025-04-11,2025-04,Europe,Germany,Emma Laurent,Analytics Add-on,Software,18,409.5,7371.0,1260.0,6111.0
SO-2025-01620,2025-04-11,2025-04,Europe,United Kingdom,Oliver Smith,UltraWide Monitor 34,Hardware,3,576.6,1729.8,1230.0,499.8
SO-2025-02714,2025-04-11,2025-04,North America,Mexico,Ava Thompson,Noise-Cancel Headset,Accessories,9,201.6,1814.4,1062.0,752.4
SO-2025-00903,2025-04-11,2025-04,APAC,Japan,Haruto Sato,Security Suite,Software,4,644.0,2576.0,440.0,2136.0
SO-2025-02727,2025-04-11,2025-04,LATAM,Chile,Camila Rojas,Analytics Add-on,Software,12,436.5,5238.0,840.0,4398.0
SO-2025-03505,2025-04-11,2025-04,APAC,India,Priya Nair,Noise-Cancel Headset,Accessories,9,192.0,1728.0,1062.0,666.0
SO-2025-03642,2025-04-11,2025-04,North America,United States,Sofia Ramirez,CRM Suite (annual),Software,9,738.0,6642.0,1260.0,5382.0
SO-2025-00152,2025-04-11,2025-04,North America,Canada,Ava Thompson,Laptop Air 13,Hardware,4,934.5,3738.0,2800.0,938.0
SO-2025-04591,2025-04-11,2025-04,North America,United States,Liam Chen,Wireless Mouse,Accessories,3,53.3,159.9,72.0,87.9
SO-2025-00024,2025-04-11,2025-04,North America,Mexico,Ava Thompson,USB-C Dock,Accessories,1,178.2,178.2,88.0,90.2
SO-2025-03119,2025-04-11,2025-04,North America,United States,Ava Thompson,USB-C Dock,Accessories,9,176.4,1587.6,792.0,795.6
SO-2025-04962,2025-04-11,2025-04,North America,Canada,Liam Chen,Security Suite,Software,15,693.0,10395.0,1650.0,8745.0
SO-2025-02631,2025-04-11,2025-04,Europe,Germany,Noah Muller,Laptop Pro 15,Hardware,3,1435.5,4306.5,2940.0,1366.5
SO-2025-00273,2025-04-11,2025-04,North America,Mexico,Sofia Ramirez,Laptop Pro 15,Hardware,3,1247.0,3741.0,2940.0,801.0
SO-2025-05018,2025-04-11,2025-04,North America,Canada,Sofia Ramirez,Wireless Mouse,Accessories,10,56.55,565.5,240.0,325.5
SO-2025-05692,2025-04-11,2025-04,Europe,United Kingdom,Emma Laurent,Analytics Add-on,Software,3,445.5,1336.5,210.0,1126.5
SO-2025-03611,2025-04-11,2025-04,North America,United States,Ava Thompson,Security Suite,Software,4,609.0,2436.0,440.0,1996.0
SO-2025-04534,2025-04-11,2025-04,APAC,India,Chloe Wong,Analytics Add-on,Software,19,387.0,7353.0,1330.0,6023.0
SO-2025-05682,2025-04-12,2025-04,North America,United States,Sofia Ramirez,UltraWide Monitor 34,Hardware,2,508.4,1016.8,820.0,196.8
SO-2025-01790,2025-04-12,2025-04,North America,Mexico,Ava Thompson,USB-C Dock,Accessories,10,172.8,1728.0,880.0,848.0
SO-2025-00402,2025-04-12,2025-04,Europe,Spain,Noah Muller,CRM Suite (annual),Software,18,765.0,13770.0,2520.0,11250.0
SO-2025-03416,2025-04-13,2025-04,APAC,Australia,Haruto Sato,Security Suite,Software,7,644.0,4508.0,770.0,3738.0
SO-2025-05173,2025-04-13,2025-04,North America,United States,Ava Thompson,Wireless Mouse,Accessories,7,59.15,414.05,168.0,246.05
SO-2025-02794,2025-04-13,2025-04,North America,Canada,Liam Chen,Laptop Pro 15,Hardware,3,1421.0,4263.0,2940.0,1323.0
SO-2025-04420,2025-04-13,2025-04,Europe,Spain,Emma Laurent,CRM Suite (annual),Software,18,873.0,15714.0,2520.0,13194.0
SO-2025-03381,2025-04-13,2025-04,Europe,Spain,Emma Laurent,Security Suite,Software,18,595.0,10710.0,1980.0,8730.0
SO-2025-01739,2025-04-13,2025-04,North America,Mexico,Liam Chen,Security Suite,Software,15,658.0,9870.0,1650.0,8220.0
SO-2025-02912,2025-04-13,2025-04,North America,Canada,Liam Chen,Wireless Mouse,Accessories,6,55.25,331.5,144.0,187.5
SO-2025-03382,2025-04-13,2025-04,North America,Mexico,Liam Chen,Analytics Add-on,Software,15,450.0,6750.0,1050.0,5700.0
SO-2025-04320,2025-04-13,2025-04,Europe,United Kingdom,Noah Muller,Mechanical Keyboard,Accessories,8,106.6,852.8,496.0,356.8
SO-2025-03786,2025-04-13,2025-04,APAC,Australia,Priya Nair,Wireless Mouse,Accessories,10,59.8,598.0,240.0,358.0
SO-2025-05216,2025-04-13,2025-04,APAC,India,Priya Nair,UltraWide Monitor 34,Hardware,2,620.0,1240.0,820.0,420.0
SO-2025-05544,2025-04-14,2025-04,APAC,India,Chloe Wong,Analytics Add-on,Software,1,409.5,409.5,70.0,339.5
SO-2025-05037,2025-04-14,2025-04,Europe,France,Emma Laurent,Analytics Add-on,Software,8,373.5,2988.0,560.0,2428.0
SO-2025-03006,2025-04-14,2025-04,North America,Canada,Sofia Ramirez,Noise-Cancel Headset,Accessories,2,225.6,451.2,236.0,215.2
SO-2025-00617,2025-04-14,2025-04,APAC,Australia,Haruto Sato,Analytics Add-on,Software,24,436.5,10476.0,1680.0,8796.0
SO-2025-04572,2025-04-14,2025-04,LATAM,Brazil,Camila Rojas,Laptop Pro 15,Hardware,4,1421.0,5684.0,3920.0,1764.0
SO-2025-05989,2025-04-14,2025-04,APAC,Singapore,Priya Nair,UltraWide Monitor 34,Hardware,3,570.4,1711.2,1230.0,481.2
SO-2025-02732,2025-04-14,2025-04,North America,United States,Ava Thompson,USB-C Dock,Accessories,6,180.0,1080.0,528.0,552.0
SO-2025-02329,2025-04-14,2025-04,North America,United States,Sofia Ramirez,Laptop Pro 15,Hardware,1,1218.0,1218.0,980.0,238.0
SO-2025-05612,2025-04-14,2025-04,North America,Mexico,Liam Chen,Laptop Pro 15,Hardware,1,1450.0,1450.0,980.0,470.0
SO-2025-03193,2025-04-14,2025-04,Europe,France,Noah Muller,Noise-Cancel Headset,Accessories,2,216.0,432.0,236.0,196.0
SO-2025-04499,2025-04-14,2025-04,LATAM,Argentina,Mateo Silva,Mechanical Keyboard,Accessories,9,109.2,982.8,558.0,424.8
SO-2025-05070,2025-04-14,2025-04,North America,Mexico,Liam Chen,Laptop Pro 15,Hardware,4,1276.0,5104.0,3920.0,1184.0
SO-2025-05791,2025-04-14,2025-04,Europe,United Kingdom,Emma Laurent,Security Suite,Software,9,686.0,6174.0,990.0,5184.0
SO-2025-03724,2025-04-15,2025-04,North America,United States,Sofia Ramirez,Mechanical Keyboard,Accessories,2,105.3,210.6,124.0,86.6
SO-2025-00010,2025-04-15,2025-04,North America,Mexico,Sofia Ramirez,USB-C Dock,Accessories,6,149.4,896.4,528.0,368.4
SO-2025-04433,2025-04-15,2025-04,Europe,Germany,Oliver Smith,Laptop Air 13,Hardware,3,924.0,2772.0,2100.0,672.0
SO-2025-01630,2025-04-15,2025-04,Europe,France,Noah Muller,UltraWide Monitor 34,Hardware,1,533.2,533.2,410.0,123.2
SO-2025-05750,2025-04-15,2025-04,APAC,Australia,Haruto Sato,USB-C Dock,Accessories,3,156.6,469.8,264.0,205.8
SO-2025-00464,2025-04-15,2025-04,North America,Canada,Sofia Ramirez,Laptop Air 13,Hardware,3,882.0,2646.0,2100.0,546.0
SO-2025-04163,2025-04-15,2025-04,APAC,Japan,Haruto Sato,UltraWide Monitor 34,Hardware,1,508.4,508.4,410.0,98.4
SO-2025-05242,2025-04-15,2025-04,APAC,Australia,Haruto Sato,USB-C Dock,Accessories,6,160.2,961.2,528.0,433.2
SO-2025-03049,2025-04-15,2025-04,Europe,United Kingdom,Noah Muller,Noise-Cancel Headset,Accessories,8,240.0,1920.0,944.0,976.0
SO-2025-03933,2025-04-15,2025-04,Europe,United Kingdom,Oliver Smith,UltraWide Monitor 34,Hardware,4,545.6,2182.4,1640.0,542.4
SO-2025-04865,2025-04-15,2025-04,Europe,Germany,Emma Laurent,Security Suite,Software,13,574.0,7462.0,1430.0,6032.0
SO-2025-01476,2025-04-15,2025-04,Europe,Spain,Noah Muller,Laptop Pro 15,Hardware,1,1377.5,1377.5,980.0,397.5
SO-2025-02801,2025-04-15,2025-04,North America,Mexico,Sofia Ramirez,USB-C Dock,Accessories,3,153.0,459.0,264.0,195.0
SO-2025-01731,2025-04-15,2025-04,North America,Canada,Sofia Ramirez,CRM Suite (annual),Software,11,837.0,9207.0,1540.0,7667.0
SO-2025-01734,2025-04-15,2025-04,APAC,Japan,Chloe Wong,CRM Suite (annual),Software,5,747.0,3735.0,700.0,3035.0
SO-2025-01591,2025-04-15,2025-04,North America,Canada,Liam Chen,USB-C Dock,Accessories,6,153.0,918.0,528.0,390.0
SO-2025-02943,2025-04-15,2025-04,APAC,Singapore,Haruto Sato,USB-C Dock,Accessories,2,174.6,349.2,176.0,173.2
SO-2025-02777,2025-04-16,2025-04,Europe,France,Emma Laurent,Analytics Add-on,Software,4,441.0,1764.0,280.0,1484.0
SO-2025-03349,2025-04-16,2025-04,Europe,Spain,Emma Laurent,CRM Suite (annual),Software,21,873.0,18333.0,2940.0,15393.0
SO-2025-01674,2025-04-16,2025-04,North America,United States,Sofia Ramirez,Wireless Mouse,Accessories,2,55.9,111.8,48.0,63.8
SO-2025-01069,2025-04-16,2025-04,North America,Canada,Ava Thompson,Analytics Add-on,Software,17,378.0,6426.0,1190.0,5236.0
SO-2025-03865,2025-04-16,2025-04,Europe,United Kingdom,Noah Muller,Analytics Add-on,Software,9,414.0,3726.0,630.0,3096.0
SO-2025-01059,2025-04-16,2025-04,LATAM,Brazil,Camila Rojas,Wireless Mouse,Accessories,10,62.4,624.0,240.0,384.0
SO-2025-01656,2025-04-16,2025-04,North America,United States,Liam Chen,Noise-Cancel Headset,Accessories,2,218.4,436.8,236.0,200.8
SO-2025-00061,2025-04-16,2025-04,Europe,United Kingdom,Emma Laurent,Wireless Mouse,Accessories,10,62.4,624.0,240.0,384.0
SO-2025-01977,2025-04-16,2025-04,Europe,France,Oliver Smith,USB-C Dock,Accessories,4,171.0,684.0,352.0,332.0
SO-2025-03104,2025-04-16,2025-04,APAC,Japan,Chloe Wong,Noise-Cancel Headset,Accessories,3,196.8,590.4,354.0,236.4
SO-2025-04112,2025-04-16,2025-04,North America,United States,Liam Chen,Laptop Pro 15,Hardware,1,1189.0,1189.0,980.0,209.0
SO-2025-00405,2025-04-16,2025-04,LATAM,Brazil,Diego Fernandez,UltraWide Monitor 34,Hardware,1,508.4,508.4,410.0,98.4
SO-2025-01013,2025-04-17,2025-04,Europe,Germany,Oliver Smith,Wireless Mouse,Accessories,4,53.3,213.2,96.0,117.2
SO-2025-05462,2025-04-17,2025-04,Europe,Spain,Noah Muller,Laptop Pro 15,Hardware,2,1218.0,2436.0,1960.0,476.0
SO-2025-05106,2025-04-17,2025-04,APAC,Japan,Chloe Wong,Laptop Pro 15,Hardware,1,1363.0,1363.0,980.0,383.0
SO-2025-05577,2025-04-17,2025-04,APAC,India,Chloe Wong,CRM Suite (annual),Software,4,873.0,3492.0,560.0,2932.0
SO-2025-03682,2025-04-17,2025-04,Europe,Germany,Emma Laurent,Security Suite,Software,18,574.0,10332.0,1980.0,8352.0
SO-2025-00773,2025-04-17,2025-04,North America,Mexico,Sofia Ramirez,Mechanical Keyboard,Accessories,1,115.7,115.7,62.0,53.7
SO-2025-04167,2025-04-17,2025-04,North America,Canada,Liam Chen,Noise-Cancel Headset,Accessories,7,206.4,1444.8,826.0,618.8
SO-2025-00849,2025-04-17,2025-04,Europe,Spain,Oliver Smith,Mechanical Keyboard,Accessories,6,117.0,702.0,372.0,330.0
SO-2025-02409,2025-04-17,2025-04,North America,United States,Ava Thompson,Noise-Cancel Headset,Accessories,4,216.0,864.0,472.0,392.0
SO-2025-04671,2025-04-17,2025-04,LATAM,Chile,Diego Fernandez,Wireless Mouse,Accessories,10,57.2,572.0,240.0,332.0
SO-2025-02674,2025-04-17,2025-04,North America,Mexico,Sofia Ramirez,Mechanical Keyboard,Accessories,4,124.8,499.2,248.0,251.2
SO-2025-01751,2025-04-17,2025-04,North America,Mexico,Liam Chen,Security Suite,Software,3,700.0,2100.0,330.0,1770.0
SO-2025-03210,2025-04-17,2025-04,Europe,Germany,Oliver Smith,Laptop Pro 15,Hardware,2,1174.5,2349.0,1960.0,389.0
SO-2025-00574,2025-04-17,2025-04,Europe,Germany,Noah Muller,Laptop Air 13,Hardware,3,924.0,2772.0,2100.0,672.0
SO-2025-03946,2025-04-17,2025-04,Europe,France,Emma Laurent,Laptop Air 13,Hardware,2,1050.0,2100.0,1400.0,700.0
SO-2025-03919,2025-04-17,2025-04,Europe,Germany,Emma Laurent,Wireless Mouse,Accessories,1,53.95,53.95,24.0,29.95
SO-2025-03653,2025-04-17,2025-04,APAC,Singapore,Chloe Wong,CRM Suite (annual),Software,8,855.0,6840.0,1120.0,5720.0
SO-2025-04877,2025-04-18,2025-04,North America,Canada,Ava Thompson,UltraWide Monitor 34,Hardware,4,582.8,2331.2,1640.0,691.2
SO-2025-01236,2025-04-18,2025-04,APAC,Japan,Priya Nair,Mechanical Keyboard,Accessories,5,123.5,617.5,310.0,307.5
SO-2025-04133,2025-04-18,2025-04,Europe,Spain,Oliver Smith,Mechanical Keyboard,Accessories,3,113.1,339.3,186.0,153.3
SO-2025-03621,2025-04-18,2025-04,Europe,France,Noah Muller,Analytics Add-on,Software,21,378.0,7938.0,1470.0,6468.0
SO-2025-03340,2025-04-18,2025-04,North America,United States,Sofia Ramirez,Laptop Air 13,Hardware,1,934.5,934.5,700.0,234.5
SO-2025-02951,2025-04-18,2025-04,Europe,United Kingdom,Oliver Smith,UltraWide Monitor 34,Hardware,2,576.6,1153.2,820.0,333.2
SO-2025-03832,2025-04-18,2025-04,APAC,India,Chloe Wong,Analytics Add-on,Software,15,382.5,5737.5,1050.0,4687.5
SO-2025-00834,2025-04-18,2025-04,APAC,Singapore,Haruto Sato,Laptop Air 13,Hardware,3,997.5,2992.5,2100.0,892.5
SO-2025-01953,2025-04-18,2025-04,APAC,Japan,Haruto Sato,Laptop Pro 15,Hardware,3,1319.5,3958.5,2940.0,1018.5
SO-2025-02242,2025-04-18,2025-04,Europe,Spain,Emma Laurent,Laptop Air 13,Hardware,2,1039.5,2079.0,1400.0,679.0
SO-2025-05138,2025-04-18,2025-04,APAC,Singapore,Priya Nair,Wireless Mouse,Accessories,7,64.35,450.45,168.0,282.45
SO-2025-00652,2025-04-18,2025-04,APAC,India,Priya Nair,CRM Suite (annual),Software,1,774.0,774.0,140.0,634.0
SO-2025-03576,2025-04-18,2025-04,Europe,Germany,Noah Muller,Laptop Pro 15,Hardware,2,1305.0,2610.0,1960.0,650.0
SO-2025-03742,2025-04-18,2025-04,APAC,Australia,Priya Nair,Analytics Add-on,Software,20,436.5,8730.0,1400.0,7330.0
SO-2025-00494,2025-04-18,2025-04,Europe,United Kingdom,Oliver Smith,Laptop Air 13,Hardware,1,1039.5,1039.5,700.0,339.5
SO-2025-05494,2025-04-18,2025-04,North America,Canada,Sofia Ramirez,Security Suite,Software,22,567.0,12474.0,2420.0,10054.0
SO-2025-02769,2025-04-19,2025-04,North America,United States,Sofia Ramirez,Laptop Air 13,Hardware,4,987.0,3948.0,2800.0,1148.0
SO-2025-03157,2025-04-19,2025-04,APAC,Singapore,Chloe Wong,USB-C Dock,Accessories,9,154.8,1393.2,792.0,601.2
SO-2025-01375,2025-04-19,2025-04,APAC,Australia,Chloe Wong,Laptop Pro 15,Hardware,3,1276.0,3828.0,2940.0,888.0
SO-2025-05961,2025-04-19,2025-04,North America,Canada,Ava Thompson,Noise-Cancel Headset,Accessories,9,194.4,1749.6,1062.0,687.6
SO-2025-03293,2025-04-19,2025-04,North America,United States,Liam Chen,CRM Suite (annual),Software,5,846.0,4230.0,700.0,3530.0
SO-2025-00815,2025-04-19,2025-04,North America,United States,Sofia Ramirez,Noise-Cancel Headset,Accessories,3,240.0,720.0,354.0,366.0
SO-2025-03090,2025-04-19,2025-04,North America,United States,Sofia Ramirez,Mechanical Keyboard,Accessories,5,127.4,637.0,310.0,327.0
SO-2025-04147,2025-04-19,2025-04,Europe,United Kingdom,Noah Muller,Security Suite,Software,11,630.0,6930.0,1210.0,5720.0
SO-2025-02941,2025-04-19,2025-04,North America,Canada,Liam Chen,UltraWide Monitor 34,Hardware,2,508.4,1016.8,820.0,196.8
SO-2025-04993,2025-04-19,2025-04,North America,Mexico,Liam Chen,Laptop Air 13,Hardware,1,913.5,913.5,700.0,213.5
SO-2025-05624,2025-04-19,2025-04,Europe,France,Oliver Smith,Wireless Mouse,Accessories,3,61.75,185.25,72.0,113.25
SO-2025-00611,2025-04-19,2025-04,North America,Mexico,Liam Chen,Wireless Mouse,Accessories,9,64.35,579.15,216.0,363.15
SO-2025-03307,2025-04-19,2025-04,North America,United States,Ava Thompson,UltraWide Monitor 34,Hardware,3,502.2,1506.6,1230.0,276.6
SO-2025-01631,2025-04-20,2025-04,North America,Mexico,Sofia Ramirez,Analytics Add-on,Software,19,414.0,7866.0,1330.0,6536.0
SO-2025-00301,2025-04-20,2025-04,APAC,Singapore,Haruto Sato,USB-C Dock,Accessories,5,165.6,828.0,440.0,388.0
SO-2025-03532,2025-04-20,2025-04,APAC,Australia,Haruto Sato,Analytics Add-on,Software,8,369.0,2952.0,560.0,2392.0
SO-2025-05784,2025-04-20,2025-04,Europe,France,Noah Muller,Laptop Air 13,Hardware,1,945.0,945.0,700.0,245.0
SO-2025-01083,2025-04-20,2025-04,North America,Canada,Sofia Ramirez,CRM Suite (annual),Software,11,756.0,8316.0,1540.0,6776.0
SO-2025-05223,2025-04-20,2025-04,APAC,Australia,Chloe Wong,UltraWide Monitor 34,Hardware,2,502.2,1004.4,820.0,184.4
SO-2025-00640,2025-04-20,2025-04,Europe,France,Noah Muller,Laptop Air 13,Hardware,1,1008.0,1008.0,700.0,308.0
SO-2025-00470,2025-04-20,2025-04,APAC,India,Chloe Wong,Security Suite,Software,21,658.0,13818.0,2310.0,11508.0
SO-2025-04937,2025-04-20,2025-04,Europe,United Kingdom,Noah Muller,Analytics Add-on,Software,6,436.5,2619.0,420.0,2199.0
SO-2025-03454,2025-04-20,2025-04,APAC,Singapore,Haruto Sato,Mechanical Keyboard,Accessories,5,117.0,585.0,310.0,275.0
SO-2025-02698,2025-04-20,2025-04,North America,Mexico,Sofia Ramirez,Analytics Add-on,Software,24,364.5,8748.0,1680.0,7068.0
SO-2025-05675,2025-04-20,2025-04,North America,United States,Sofia Ramirez,Security Suite,Software,15,679.0,10185.0,1650.0,8535.0
SO-2025-02424,2025-04-20,2025-04,North America,Mexico,Liam Chen,Security Suite,Software,17,609.0,10353.0,1870.0,8483.0
SO-2025-04454,2025-04-20,2025-04,North America,Canada,Ava Thompson,Analytics Add-on,Software,18,450.0,8100.0,1260.0,6840.0
SO-2025-03902,2025-04-21,2025-04,North America,Canada,Sofia Ramirez,Wireless Mouse,Accessories,3,55.9,167.7,72.0,95.7
SO-2025-02606,2025-04-21,2025-04,Europe,France,Emma Laurent,Laptop Pro 15,Hardware,1,1450.0,1450.0,980.0,470.0
SO-2025-01485,2025-04-21,2025-04,APAC,Japan,Haruto Sato,Mechanical Keyboard,Accessories,6,107.9,647.4,372.0,275.4
SO-2025-01770,2025-04-21,2025-04,APAC,Australia,Haruto Sato,Mechanical Keyboard,Accessories,1,107.9,107.9,62.0,45.9
SO-2025-00721,2025-04-21,2025-04,Europe,Germany,Noah Muller,Laptop Air 13,Hardware,1,913.5,913.5,700.0,213.5
SO-2025-02273,2025-04-21,2025-04,APAC,Japan,Haruto Sato,Laptop Air 13,Hardware,1,882.0,882.0,700.0,182.0
SO-2025-05098,2025-04-21,2025-04,APAC,India,Priya Nair,Laptop Air 13,Hardware,1,913.5,913.5,700.0,213.5
SO-2025-04693,2025-04-21,2025-04,APAC,India,Priya Nair,Analytics Add-on,Software,8,441.0,3528.0,560.0,2968.0
SO-2025-05885,2025-04-21,2025-04,North America,United States,Sofia Ramirez,Laptop Air 13,Hardware,4,913.5,3654.0,2800.0,854.0
SO-2025-04141,2025-04-21,2025-04,North America,Canada,Ava Thompson,Wireless Mouse,Accessories,2,60.45,120.9,48.0,72.9
SO-2025-00198,2025-04-21,2025-04,Europe,France,Oliver Smith,Security Suite,Software,23,581.0,13363.0,2530.0,10833.0
SO-2025-03206,2025-04-21,2025-04,APAC,Singapore,Priya Nair,Mechanical Keyboard,Accessories,4,114.4,457.6,248.0,209.6
SO-2025-04191,2025-04-21,2025-04,Europe,Germany,Noah Muller,USB-C Dock,Accessories,8,147.6,1180.8,704.0,476.8
SO-2025-00233,2025-04-21,2025-04,LATAM,Argentina,Mateo Silva,Noise-Cancel Headset,Accessories,10,213.6,2136.0,1180.0,956.0
SO-2025-05445,2025-04-21,2025-04,APAC,Singapore,Priya Nair,CRM Suite (annual),Software,22,792.0,17424.0,3080.0,14344.0
SO-2025-04597,2025-04-21,2025-04,APAC,India,Chloe Wong,Mechanical Keyboard,Accessories,10,111.8,1118.0,620.0,498.0
SO-2025-04814,2025-04-22,2025-04,North America,United States,Sofia Ramirez,Security Suite,Software,9,574.0,5166.0,990.0,4176.0
SO-2025-02557,2025-04-22,2025-04,LATAM,Chile,Diego Fernandez,USB-C Dock,Accessories,4,151.2,604.8,352.0,252.8
SO-2025-02874,2025-04-22,2025-04,Europe,France,Oliver Smith,Analytics Add-on,Software,17,378.0,6426.0,1190.0,5236.0
SO-2025-02510,2025-04-22,2025-04,APAC,Australia,Haruto Sato,Analytics Add-on,Software,5,409.5,2047.5,350.0,1697.5
SO-2025-02683,2025-04-22,2025-04,North America,Mexico,Ava Thompson,CRM Suite (annual),Software,14,756.0,10584.0,1960.0,8624.0
SO-2025-05855,2025-04-22,2025-04,Europe,Spain,Noah Muller,Noise-Cancel Headset,Accessories,4,213.6,854.4,472.0,382.4
SO-2025-02318,2025-04-22,2025-04,Europe,France,Noah Muller,Analytics Add-on,Software,19,405.0,7695.0,1330.0,6365.0
SO-2025-03089,2025-04-22,2025-04,North America,Canada,Ava Thompson,Noise-Cancel Headset,Accessories,8,240.0,1920.0,944.0,976.0
SO-2025-05126,2025-04-22,2025-04,North America,Canada,Sofia Ramirez,Security Suite,Software,14,623.0,8722.0,1540.0,7182.0
SO-2025-05825,2025-04-22,2025-04,LATAM,Argentina,Camila Rojas,Security Suite,Software,21,679.0,14259.0,2310.0,11949.0
SO-2025-05923,2025-04-22,2025-04,APAC,Singapore,Priya Nair,Wireless Mouse,Accessories,6,53.95,323.7,144.0,179.7
SO-2025-04779,2025-04-22,2025-04,LATAM,Chile,Camila Rojas,UltraWide Monitor 34,Hardware,3,502.2,1506.6,1230.0,276.6
SO-2025-00169,2025-04-22,2025-04,Europe,Spain,Emma Laurent,UltraWide Monitor 34,Hardware,1,576.6,576.6,410.0,166.6
SO-2025-02588,2025-04-22,2025-04,APAC,India,Haruto Sato,Analytics Add-on,Software,1,405.0,405.0,70.0,335.0
SO-2025-01350,2025-04-22,2025-04,North America,Canada,Sofia Ramirez,UltraWide Monitor 34,Hardware,4,613.8,2455.2,1640.0,815.2
SO-2025-05719,2025-04-23,2025-04,North America,Mexico,Sofia Ramirez,USB-C Dock,Accessories,3,154.8,464.4,264.0,200.4
SO-2025-02525,2025-04-23,2025-04,APAC,Australia,Haruto Sato,Laptop Air 13,Hardware,4,945.0,3780.0,2800.0,980.0
SO-2025-04076,2025-04-23,2025-04,LATAM,Chile,Mateo Silva,Noise-Cancel Headset,Accessories,8,228.0,1824.0,944.0,880.0
SO-2025-05291,2025-04-23,2025-04,APAC,India,Haruto Sato,USB-C Dock,Accessories,2,154.8,309.6,176.0,133.6
SO-2025-01067,2025-04-23,2025-04,Europe,United Kingdom,Noah Muller,Laptop Air 13,Hardware,3,987.0,2961.0,2100.0,861.0
SO-2025-03420,2025-04-23,2025-04,APAC,Japan,Haruto Sato,Laptop Air 13,Hardware,3,892.5,2677.5,2100.0,577.5
SO-2025-05204,2025-04-23,2025-04,APAC,India,Haruto Sato,CRM Suite (annual),Software,6,810.0,4860.0,840.0,4020.0
SO-2025-02297,2025-04-23,2025-04,APAC,India,Haruto Sato,USB-C Dock,Accessories,9,145.8,1312.2,792.0,520.2
SO-2025-05904,2025-04-23,2025-04,North America,Mexico,Ava Thompson,Laptop Air 13,Hardware,1,1029.0,1029.0,700.0,329.0
SO-2025-03820,2025-04-23,2025-04,APAC,Japan,Haruto Sato,Analytics Add-on,Software,24,441.0,10584.0,1680.0,8904.0
SO-2025-00068,2025-04-23,2025-04,North America,United States,Ava Thompson,Wireless Mouse,Accessories,6,57.85,347.1,144.0,203.1
SO-2025-00637,2025-04-23,2025-04,APAC,Singapore,Priya Nair,UltraWide Monitor 34,Hardware,1,570.4,570.4,410.0,160.4
SO-2025-04893,2025-04-23,2025-04,APAC,India,Priya Nair,Noise-Cancel Headset,Accessories,2,194.4,388.8,236.0,152.8
SO-2025-03593,2025-04-23,2025-04,North America,United States,Ava Thompson,Laptop Pro 15,Hardware,3,1377.5,4132.5,2940.0,1192.5
SO-2025-05909,2025-04-23,2025-04,North America,Mexico,Ava Thompson,USB-C Dock,Accessories,8,151.2,1209.6,704.0,505.6
SO-2025-01637,2025-04-24,2025-04,Europe,Germany,Emma Laurent,Security Suite,Software,5,644.0,3220.0,550.0,2670.0
SO-2025-02161,2025-04-24,2025-04,LATAM,Argentina,Diego Fernandez,Analytics Add-on,Software,2,391.5,783.0,140.0,643.0
SO-2025-00091,2025-04-24,2025-04,North America,United States,Sofia Ramirez,USB-C Dock,Accessories,3,172.8,518.4,264.0,254.4
SO-2025-04719,2025-04-24,2025-04,North America,Canada,Ava Thompson,Laptop Air 13,Hardware,4,976.5,3906.0,2800.0,1106.0
SO-2025-00266,2025-04-24,2025-04,APAC,Japan,Haruto Sato,Wireless Mouse,Accessories,3,52.65,157.95,72.0,85.95
SO-2025-01540,2025-04-24,2025-04,North America,United States,Ava Thompson,Analytics Add-on,Software,25,364.5,9112.5,1750.0,7362.5
SO-2025-04480,2025-04-24,2025-04,Europe,Spain,Oliver Smith,Laptop Air 13,Hardware,1,997.5,997.5,700.0,297.5
SO-2025-05221,2025-04-24,2025-04,North America,United States,Liam Chen,Wireless Mouse,Accessories,2,59.15,118.3,48.0,70.3
SO-2025-00561,2025-04-24,2025-04,Europe,France,Emma Laurent,Laptop Air 13,Hardware,3,861.0,2583.0,2100.0,483.0
SO-2025-04556,2025-04-24,2025-04,APAC,India,Priya Nair,Analytics Add-on,Software,9,409.5,3685.5,630.0,3055.5
SO-2025-05359,2025-04-24,2025-04,Europe,United Kingdom,Noah Muller,Noise-Cancel Headset,Accessories,2,228.0,456.0,236.0,220.0
SO-2025-03901,2025-04-24,2025-04,APAC,India,Priya Nair,Noise-Cancel Headset,Accessories,1,206.4,206.4,118.0,88.4
SO-2025-05355,2025-04-24,2025-04,North America,United States,Liam Chen,CRM Suite (annual),Software,13,729.0,9477.0,1820.0,7657.0
SO-2025-05382,2025-04-25,2025-04,North America,United States,Sofia Ramirez,Security Suite,Software,24,602.0,14448.0,2640.0,11808.0
SO-2025-00177,2025-04-25,2025-04,North America,Mexico,Sofia Ramirez,Laptop Air 13,Hardware,2,861.0,1722.0,1400.0,322.0
SO-2025-05347,2025-04-25,2025-04,LATAM,Argentina,Mateo Silva,Security Suite,Software,15,651.0,9765.0,1650.0,8115.0
SO-2025-01850,2025-04-25,2025-04,Europe,United Kingdom,Emma Laurent,USB-C Dock,Accessories,3,149.4,448.2,264.0,184.2
SO-2025-05579,2025-04-25,2025-04,North America,Mexico,Liam Chen,Laptop Pro 15,Hardware,3,1392.0,4176.0,2940.0,1236.0
SO-2025-01672,2025-04-25,2025-04,Europe,Spain,Noah Muller,USB-C Dock,Accessories,1,169.2,169.2,88.0,81.2
SO-2025-03358,2025-04-25,2025-04,North America,Canada,Ava Thompson,Laptop Pro 15,Hardware,3,1406.5,4219.5,2940.0,1279.5
SO-2025-00638,2025-04-25,2025-04,APAC,India,Priya Nair,Noise-Cancel Headset,Accessories,9,201.6,1814.4,1062.0,752.4
SO-2025-04140,2025-04-25,2025-04,North America,United States,Liam Chen,Noise-Cancel Headset,Accessories,10,204.0,2040.0,1180.0,860.0
SO-2025-01447,2025-04-25,2025-04,APAC,Australia,Haruto Sato,Security Suite,Software,6,595.0,3570.0,660.0,2910.0
SO-2025-01666,2025-04-25,2025-04,APAC,Japan,Chloe Wong,Laptop Air 13,Hardware,4,955.5,3822.0,2800.0,1022.0
SO-2025-00120,2025-04-25,2025-04,Europe,France,Oliver Smith,Wireless Mouse,Accessories,7,59.8,418.6,168.0,250.6
SO-2025-04663,2025-04-25,2025-04,APAC,Australia,Haruto Sato,Security Suite,Software,6,658.0,3948.0,660.0,3288.0
SO-2025-04066,2025-04-25,2025-04,APAC,Japan,Haruto Sato,Security Suite,Software,1,623.0,623.0,110.0,513.0
SO-2025-03950,2025-04-25,2025-04,Europe,Spain,Oliver Smith,Laptop Air 13,Hardware,1,945.0,945.0,700.0,245.0
SO-2025-05465,2025-04-25,2025-04,APAC,Japan,Haruto Sato,Wireless Mouse,Accessories,2,62.4,124.8,48.0,76.8
SO-2025-00117,2025-04-26,2025-04,APAC,India,Chloe Wong,UltraWide Monitor 34,Hardware,1,582.8,582.8,410.0,172.8
SO-2025-02954,2025-04-26,2025-04,APAC,Japan,Haruto Sato,Analytics Add-on,Software,19,405.0,7695.0,1330.0,6365.0
SO-2025-03338,2025-04-26,2025-04,APAC,Singapore,Haruto Sato,USB-C Dock,Accessories,1,163.8,163.8,88.0,75.8
SO-2025-02437,2025-04-26,2025-04,APAC,Australia,Haruto Sato,Mechanical Keyboard,Accessories,7,107.9,755.3,434.0,321.3
SO-2025-03613,2025-04-26,2025-04,APAC,India,Haruto Sato,CRM Suite (annual),Software,10,819.0,8190.0,1400.0,6790.0
SO-2025-02000,2025-04-26,2025-04,North America,United States,Liam Chen,USB-C Dock,Accessories,6,154.8,928.8,528.0,400.8
SO-2025-00196,2025-04-26,2025-04,APAC,Australia,Priya Nair,Noise-Cancel Headset,Accessories,10,192.0,1920.0,1180.0,740.0
SO-2025-05030,2025-04-26,2025-04,APAC,India,Chloe Wong,Security Suite,Software,5,651.0,3255.0,550.0,2705.0
SO-2025-05245,2025-04-26,2025-04,Europe,Spain,Noah Muller,Laptop Air 13,Hardware,1,1039.5,1039.5,700.0,339.5
SO-2025-02111,2025-04-26,2025-04,North America,United States,Sofia Ramirez,Wireless Mouse,Accessories,10,57.85,578.5,240.0,338.5
SO-2025-05734,2025-04-26,2025-04,North America,Mexico,Sofia Ramirez,Wireless Mouse,Accessories,9,57.2,514.8,216.0,298.8
SO-2025-03703,2025-04-26,2025-04,APAC,Singapore,Chloe Wong,Laptop Air 13,Hardware,2,1018.5,2037.0,1400.0,637.0
SO-2025-05670,2025-04-27,2025-04,LATAM,Brazil,Camila Rojas,Wireless Mouse,Accessories,3,55.9,167.7,72.0,95.7
SO-2025-01326,2025-04-27,2025-04,Europe,Germany,Noah Muller,Mechanical Keyboard,Accessories,3,115.7,347.1,186.0,161.1
SO-2025-04225,2025-04-27,2025-04,North America,United States,Ava Thompson,Laptop Pro 15,Hardware,2,1276.0,2552.0,1960.0,592.0
SO-2025-05478,2025-04-27,2025-04,Europe,United Kingdom,Oliver Smith,Mechanical Keyboard,Accessories,7,113.1,791.7,434.0,357.7
SO-2025-05880,2025-04-27,2025-04,North America,Canada,Ava Thompson,Laptop Air 13,Hardware,2,871.5,1743.0,1400.0,343.0
SO-2025-03808,2025-04-27,2025-04,Europe,Spain,Emma Laurent,Noise-Cancel Headset,Accessories,7,228.0,1596.0,826.0,770.0
SO-2025-04352,2025-04-27,2025-04,North America,United States,Sofia Ramirez,Analytics Add-on,Software,17,423.0,7191.0,1190.0,6001.0
SO-2025-05540,2025-04-27,2025-04,North America,Canada,Liam Chen,Laptop Air 13,Hardware,1,882.0,882.0,700.0,182.0
SO-2025-01030,2025-04-27,2025-04,APAC,Japan,Haruto Sato,USB-C Dock,Accessories,2,149.4,298.8,176.0,122.8
SO-2025-05483,2025-04-27,2025-04,North America,United States,Liam Chen,Laptop Air 13,Hardware,1,871.5,871.5,700.0,171.5
SO-2025-03467,2025-04-27,2025-04,North America,United States,Liam Chen,Security Suite,Software,7,595.0,4165.0,770.0,3395.0
SO-2025-05145,2025-04-27,2025-04,APAC,Japan,Priya Nair,Wireless Mouse,Accessories,1,60.45,60.45,24.0,36.45
SO-2025-00797,2025-04-27,2025-04,North America,Canada,Ava Thompson,Wireless Mouse,Accessories,4,57.2,228.8,96.0,132.8
SO-2025-05194,2025-04-27,2025-04,North America,United States,Ava Thompson,Noise-Cancel Headset,Accessories,1,206.4,206.4,118.0,88.4
SO-2025-04752,2025-04-27,2025-04,North America,Canada,Sofia Ramirez,Mechanical Keyboard,Accessories,6,127.4,764.4,372.0,392.4
SO-2025-00138,2025-04-27,2025-04,LATAM,Argentina,Diego Fernandez,Analytics Add-on,Software,4,409.5,1638.0,280.0,1358.0
SO-2025-03891,2025-04-27,2025-04,Europe,United Kingdom,Noah Muller,Noise-Cancel Headset,Accessories,3,218.4,655.2,354.0,301.2
SO-2025-03477,2025-04-27,2025-04,APAC,Japan,Haruto Sato,Security Suite,Software,22,623.0,13706.0,2420.0,11286.0
SO-2025-05281,2025-04-28,2025-04,North America,Mexico,Ava Thompson,Noise-Cancel Headset,Accessories,10,192.0,1920.0,1180.0,740.0
SO-2025-00150,2025-04-28,2025-04,North America,United States,Sofia Ramirez,Laptop Pro 15,Hardware,2,1160.0,2320.0,1960.0,360.0
SO-2025-01582,2025-04-28,2025-04,North America,Mexico,Sofia Ramirez,Laptop Pro 15,Hardware,3,1189.0,3567.0,2940.0,627.0
SO-2025-04704,2025-04-28,2025-04,APAC,Singapore,Haruto Sato,Wireless Mouse,Accessories,6,55.25,331.5,144.0,187.5
SO-2025-02652,2025-04-28,2025-04,LATAM,Brazil,Diego Fernandez,Wireless Mouse,Accessories,3,60.45,181.35,72.0,109.35
SO-2025-02080,2025-04-28,2025-04,Europe,United Kingdom,Oliver Smith,Mechanical Keyboard,Accessories,8,122.2,977.6,496.0,481.6
SO-2025-02682,2025-04-28,2025-04,Europe,France,Oliver Smith,Laptop Air 13,Hardware,4,903.0,3612.0,2800.0,812.0
SO-2025-05105,2025-04-28,2025-04,Europe,United Kingdom,Oliver Smith,Mechanical Keyboard,Accessories,10,105.3,1053.0,620.0,433.0
SO-2025-04889,2025-04-28,2025-04,North America,United States,Sofia Ramirez,Laptop Pro 15,Hardware,2,1319.5,2639.0,1960.0,679.0
SO-2025-05236,2025-04-28,2025-04,North America,Mexico,Sofia Ramirez,Wireless Mouse,Accessories,2,52.65,105.3,48.0,57.3
SO-2025-02563,2025-04-28,2025-04,APAC,Singapore,Haruto Sato,Laptop Air 13,Hardware,2,913.5,1827.0,1400.0,427.0
SO-2025-04281,2025-04-28,2025-04,North America,Mexico,Liam Chen,USB-C Dock,Accessories,2,154.8,309.6,176.0,133.6
SO-2025-02587,2025-04-29,2025-04,Europe,Spain,Noah Muller,Laptop Pro 15,Hardware,1,1290.5,1290.5,980.0,310.5
SO-2025-03197,2025-04-29,2025-04,Europe,France,Oliver Smith,USB-C Dock,Accessories,10,153.0,1530.0,880.0,650.0
SO-2025-05684,2025-04-29,2025-04,North America,United States,Liam Chen,Laptop Pro 15,Hardware,1,1247.0,1247.0,980.0,267.0
SO-2025-05473,2025-04-29,2025-04,Europe,Spain,Emma Laurent,Security Suite,Software,14,637.0,8918.0,1540.0,7378.0
SO-2025-02807,2025-04-29,2025-04,APAC,Australia,Haruto Sato,USB-C Dock,Accessories,4,165.6,662.4,352.0,310.4
SO-2025-04928,2025-04-29,2025-04,LATAM,Argentina,Camila Rojas,Laptop Air 13,Hardware,3,1029.0,3087.0,2100.0,987.0
SO-2025-03464,2025-04-29,2025-04,Europe,Germany,Oliver Smith,Wireless Mouse,Accessories,3,61.1,183.3,72.0,111.3
SO-2025-01988,2025-04-29,2025-04,Europe,Spain,Oliver Smith,Mechanical Keyboard,Accessories,1,117.0,117.0,62.0,55.0
SO-2025-02029,2025-04-29,2025-04,North America,United States,Sofia Ramirez,USB-C Dock,Accessories,6,165.6,993.6,528.0,465.6
SO-2025-03072,2025-04-29,2025-04,Europe,Germany,Oliver Smith,Security Suite,Software,25,623.0,15575.0,2750.0,12825.0
SO-2025-01255,2025-04-29,2025-04,North America,United States,Ava Thompson,Laptop Pro 15,Hardware,3,1392.0,4176.0,2940.0,1236.0
SO-2025-05317,2025-04-29,2025-04,APAC,India,Chloe Wong,UltraWide Monitor 34,Hardware,1,613.8,613.8,410.0,203.8
SO-2025-02419,2025-04-29,2025-04,North America,United States,Liam Chen,Laptop Pro 15,Hardware,1,1305.0,1305.0,980.0,325.0
SO-2025-05298,2025-04-29,2025-04,APAC,India,Chloe Wong,Laptop Pro 15,Hardware,2,1334.0,2668.0,1960.0,708.0
SO-2025-01325,2025-04-29,2025-04,LATAM,Brazil,Diego Fernandez,Security Suite,Software,2,595.0,1190.0,220.0,970.0
SO-2025-00673,2025-04-29,2025-04,Europe,Germany,Emma Laurent,Analytics Add-on,Software,3,400.5,1201.5,210.0,991.5
SO-2025-03473,2025-04-30,2025-04,North America,United States,Sofia Ramirez,Wireless Mouse,Accessories,7,63.7,445.9,168.0,277.9
SO-2025-00860,2025-04-30,2025-04,APAC,Australia,Haruto Sato,Laptop Pro 15,Hardware,4,1247.0,4988.0,3920.0,1068.0
SO-2025-05405,2025-04-30,2025-04,North America,Canada,Ava Thompson,Analytics Add-on,Software,24,373.5,8964.0,1680.0,7284.0
SO-2025-01226,2025-04-30,2025-04,APAC,India,Chloe Wong,Analytics Add-on,Software,22,396.0,8712.0,1540.0,7172.0
SO-2025-04892,2025-04-30,2025-04,North America,Mexico,Ava Thompson,Laptop Air 13,Hardware,4,976.5,3906.0,2800.0,1106.0
SO-2025-00129,2025-04-30,2025-04,Europe,Germany,Emma Laurent,Noise-Cancel Headset,Accessories,8,228.0,1824.0,944.0,880.0
SO-2025-01994,2025-04-30,2025-04,LATAM,Argentina,Mateo Silva,Laptop Air 13,Hardware,2,871.5,1743.0,1400.0,343.0
SO-2025-01503,2025-04-30,2025-04,Europe,Germany,Oliver Smith,UltraWide Monitor 34,Hardware,3,576.6,1729.8,1230.0,499.8
SO-2025-00552,2025-04-30,2025-04,Europe,Spain,Oliver Smith,Laptop Pro 15,Hardware,2,1290.5,2581.0,1960.0,621.0
SO-2025-03308,2025-04-30,2025-04,Europe,Spain,Oliver Smith,Analytics Add-on,Software,22,427.5,9405.0,1540.0,7865.0
SO-2025-05775,2025-04-30,2025-04,Europe,Spain,Oliver Smith,USB-C Dock,Accessories,5,147.6,738.0,440.0,298.0
SO-2025-03326,2025-04-30,2025-04,North America,Canada,Ava Thompson,Wireless Mouse,Accessories,7,52.65,368.55,168.0,200.55
SO-2025-03882,2025-04-30,2025-04,Europe,Spain,Emma Laurent,Laptop Air 13,Hardware,3,987.0,2961.0,2100.0,861.0
SO-2025-03825,2025-04-30,2025-04,APAC,Japan,Priya Nair,Laptop Air 13,Hardware,4,997.5,3990.0,2800.0,1190.0
SO-2025-01628,2025-04-30,2025-04,Europe,Germany,Emma Laurent,Wireless Mouse,Accessories,1,57.2,57.2,24.0,33.2
SO-2025-04537,2025-05-01,2025-05,LATAM,Argentina,Camila Rojas,Wireless Mouse,Accessories,10,55.25,552.5,240.0,312.5
SO-2025-00613,2025-05-01,2025-05,North America,United States,Liam Chen,USB-C Dock,Accessories,6,167.4,1004.4,528.0,476.4
SO-2025-02175,2025-05-01,2025-05,Europe,Spain,Noah Muller,Laptop Air 13,Hardware,2,850.5,1701.0,1400.0,301.0
SO-2025-00172,2025-05-01,2025-05,Europe,Spain,Noah Muller,Laptop Air 13,Hardware,2,945.0,1890.0,1400.0,490.0
SO-2025-05615,2025-05-01,2025-05,North America,Mexico,Sofia Ramirez,Noise-Cancel Headset,Accessories,5,220.8,1104.0,590.0,514.0
SO-2025-00567,2025-05-01,2025-05,Europe,Germany,Oliver Smith,Laptop Air 13,Hardware,2,1008.0,2016.0,1400.0,616.0
SO-2025-02081,2025-05-01,2025-05,North America,Canada,Liam Chen,Laptop Air 13,Hardware,1,871.5,871.5,700.0,171.5
SO-2025-05619,2025-05-01,2025-05,North America,United States,Liam Chen,Security Suite,Software,15,581.0,8715.0,1650.0,7065.0
SO-2025-05090,2025-05-01,2025-05,APAC,Japan,Haruto Sato,Analytics Add-on,Software,6,409.5,2457.0,420.0,2037.0
SO-2025-02848,2025-05-01,2025-05,North America,Canada,Ava Thompson,Laptop Pro 15,Hardware,3,1305.0,3915.0,2940.0,975.0
SO-2025-02481,2025-05-01,2025-05,Europe,United Kingdom,Noah Muller,Laptop Air 13,Hardware,1,840.0,840.0,700.0,140.0
SO-2025-03549,2025-05-01,2025-05,APAC,Australia,Haruto Sato,Laptop Air 13,Hardware,4,892.5,3570.0,2800.0,770.0
SO-2025-03745,2025-05-01,2025-05,North America,Canada,Ava Thompson,Wireless Mouse,Accessories,4,60.45,241.8,96.0,145.8
SO-2025-01993,2025-05-01,2025-05,Europe,Spain,Emma Laurent,Laptop Pro 15,Hardware,3,1348.5,4045.5,2940.0,1105.5
SO-2025-05994,2025-05-01,2025-05,North America,Mexico,Sofia Ramirez,USB-C Dock,Accessories,7,167.4,1171.8,616.0,555.8
SO-2025-04625,2025-05-01,2025-05,LATAM,Argentina,Mateo Silva,Noise-Cancel Headset,Accessories,10,223.2,2232.0,1180.0,1052.0
SO-2025-04839,2025-05-01,2025-05,APAC,India,Priya Nair,Analytics Add-on,Software,14,409.5,5733.0,980.0,4753.0
SO-2025-00127,2025-05-01,2025-05,North America,United States,Liam Chen,Mechanical Keyboard,Accessories,7,126.1,882.7,434.0,448.7
SO-2025-01079,2025-05-01,2025-05,Europe,Germany,Noah Muller,UltraWide Monitor 34,Hardware,1,570.4,570.4,410.0,160.4
SO-2025-00803,2025-05-02,2025-05,Europe,United Kingdom,Emma Laurent,USB-C Dock,Accessories,6,176.4,1058.4,528.0,530.4
SO-2025-05129,2025-05-02,2025-05,North America,United States,Liam Chen,Wireless Mouse,Accessories,6,57.2,343.2,144.0,199.2
SO-2025-00293,2025-05-02,2025-05,Europe,Germany,Oliver Smith,Noise-Cancel Headset,Accessories,9,216.0,1944.0,1062.0,882.0
SO-2025-04227,2025-05-02,2025-05,North America,Mexico,Sofia Ramirez,Laptop Pro 15,Hardware,1,1276.0,1276.0,980.0,296.0
SO-2025-03012,2025-05-02,2025-05,APAC,Singapore,Haruto Sato,Mechanical Keyboard,Accessories,4,120.9,483.6,248.0,235.6
SO-2025-05066,2025-05-02,2025-05,North America,Mexico,Liam Chen,Mechanical Keyboard,Accessories,1,110.5,110.5,62.0,48.5
SO-2025-01177,2025-05-02,2025-05,LATAM,Chile,Camila Rojas,Noise-Cancel Headset,Accessories,4,211.2,844.8,472.0,372.8
SO-2025-03751,2025-05-02,2025-05,North America,United States,Liam Chen,Security Suite,Software,24,574.0,13776.0,2640.0,11136.0
SO-2025-05990,2025-05-02,2025-05,Europe,France,Noah Muller,CRM Suite (annual),Software,3,783.0,2349.0,420.0,1929.0
SO-2025-04811,2025-05-02,2025-05,North America,Canada,Ava Thompson,Security Suite,Software,13,644.0,8372.0,1430.0,6942.0
SO-2025-00539,2025-05-02,2025-05,APAC,India,Priya Nair,Analytics Add-on,Software,18,418.5,7533.0,1260.0,6273.0
SO-2025-02013,2025-05-02,2025-05,North America,Canada,Sofia Ramirez,Analytics Add-on,Software,3,396.0,1188.0,210.0,978.0
SO-2025-05762,2025-05-02,2025-05,APAC,Australia,Priya Nair,Laptop Pro 15,Hardware,2,1319.5,2639.0,1960.0,679.0
SO-2025-02048,2025-05-02,2025-05,North America,Canada,Liam Chen,Laptop Air 13,Hardware,4,955.5,3822.0,2800.0,1022.0
SO-2025-01624,2025-05-02,2025-05,North America,Mexico,Sofia Ramirez,Analytics Add-on,Software,4,414.0,1656.0,280.0,1376.0
SO-2025-05182,2025-05-02,2025-05,Europe,France,Oliver Smith,Wireless Mouse,Accessories,10,63.7,637.0,240.0,397.0
SO-2025-04628,2025-05-02,2025-05,Europe,United Kingdom,Emma Laurent,Wireless Mouse,Accessories,5,53.3,266.5,120.0,146.5
SO-2025-00886,2025-05-03,2025-05,North America,Mexico,Liam Chen,Security Suite,Software,12,651.0,7812.0,1320.0,6492.0
SO-2025-02479,2025-05-03,2025-05,North America,Canada,Ava Thompson,UltraWide Monitor 34,Hardware,2,527.0,1054.0,820.0,234.0
SO-2025-05852,2025-05-03,2025-05,North America,Canada,Ava Thompson,Noise-Cancel Headset,Accessories,4,213.6,854.4,472.0,382.4
SO-2025-04298,2025-05-03,2025-05,Europe,Spain,Oliver Smith,USB-C Dock,Accessories,2,153.0,306.0,176.0,130.0
SO-2025-00039,2025-05-03,2025-05,APAC,India,Priya Nair,Laptop Air 13,Hardware,3,924.0,2772.0,2100.0,672.0
SO-2025-05280,2025-05-03,2025-05,APAC,Australia,Priya Nair,Analytics Add-on,Software,9,382.5,3442.5,630.0,2812.5
SO-2025-04005,2025-05-03,2025-05,Europe,Spain,Noah Muller,USB-C Dock,Accessories,5,145.8,729.0,440.0,289.0
SO-2025-01845,2025-05-03,2025-05,APAC,Japan,Haruto Sato,Laptop Air 13,Hardware,3,903.0,2709.0,2100.0,609.0
SO-2025-01321,2025-05-03,2025-05,North America,Canada,Liam Chen,Laptop Pro 15,Hardware,2,1247.0,2494.0,1960.0,534.0
SO-2025-00005,2025-05-03,2025-05,North America,Canada,Liam Chen,Noise-Cancel Headset,Accessories,1,204.0,204.0,118.0,86.0
SO-2025-04977,2025-05-03,2025-05,LATAM,Argentina,Camila Rojas,CRM Suite (annual),Software,2,873.0,1746.0,280.0,1466.0
SO-2025-03561,2025-05-03,2025-05,North America,Mexico,Ava Thompson,Analytics Add-on,Software,16,369.0,5904.0,1120.0,4784.0
SO-2025-03701,2025-05-03,2025-05,LATAM,Chile,Mateo Silva,Laptop Pro 15,Hardware,1,1189.0,1189.0,980.0,209.0
SO-2025-03144,2025-05-03,2025-05,North America,Canada,Sofia Ramirez,Mechanical Keyboard,Accessories,7,128.7,900.9,434.0,466.9
SO-2025-04134,2025-05-03,2025-05,Europe,France,Noah Muller,Laptop Air 13,Hardware,1,1039.5,1039.5,700.0,339.5
SO-2025-03968,2025-05-03,2025-05,APAC,Australia,Haruto Sato,Mechanical Keyboard,Accessories,2,118.3,236.6,124.0,112.6
SO-2025-00917,2025-05-03,2025-05,Europe,Spain,Emma Laurent,UltraWide Monitor 34,Hardware,1,539.4,539.4,410.0,129.4
SO-2025-03525,2025-05-03,2025-05,North America,Canada,Ava Thompson,Analytics Add-on,Software,21,441.0,9261.0,1470.0,7791.0
SO-2025-03208,2025-05-03,2025-05,North America,Mexico,Ava Thompson,USB-C Dock,Accessories,5,167.4,837.0,440.0,397.0
SO-2025-04561,2025-05-03,2025-05,APAC,India,Priya Nair,Wireless Mouse,Accessories,3,62.4,187.2,72.0,115.2
SO-2025-05468,2025-05-03,2025-05,APAC,India,Priya Nair,Security Suite,Software,21,651.0,13671.0,2310.0,11361.0
SO-2025-04820,2025-05-03,2025-05,Europe,Germany,Oliver Smith,USB-C Dock,Accessories,9,158.4,1425.6,792.0,633.6
SO-2025-03553,2025-05-03,2025-05,Europe,Germany,Noah Muller,Analytics Add-on,Software,18,405.0,7290.0,1260.0,6030.0
SO-2025-04178,2025-05-03,2025-05,LATAM,Chile,Diego Fernandez,CRM Suite (annual),Software,13,819.0,10647.0,1820.0,8827.0
SO-2025-01785,2025-05-04,2025-05,North America,United States,Sofia Ramirez,Wireless Mouse,Accessories,5,58.5,292.5,120.0,172.5
SO-2025-04778,2025-05-04,2025-05,APAC,Japan,Haruto Sato,Laptop Air 13,Hardware,1,913.5,913.5,700.0,213.5
SO-2025-04194,2025-05-04,2025-05,Europe,United Kingdom,Emma Laurent,Analytics Add-on,Software,14,391.5,5481.0,980.0,4501.0
SO-2025-01257,2025-05-04,2025-05,Europe,Germany,Emma Laurent,Mechanical Keyboard,Accessories,6,110.5,663.0,372.0,291.0
SO-2025-01022,2025-05-04,2025-05,North America,Canada,Liam Chen,Laptop Pro 15,Hardware,1,1334.0,1334.0,980.0,354.0
SO-2025-04702,2025-05-04,2025-05,Europe,Germany,Oliver Smith,CRM Suite (annual),Software,4,738.0,2952.0,560.0,2392.0
SO-2025-01289,2025-05-04,2025-05,North America,Canada,Sofia Ramirez,Mechanical Keyboard,Accessories,5,109.2,546.0,310.0,236.0
SO-2025-02083,2025-05-04,2025-05,North America,United States,Sofia Ramirez,Analytics Add-on,Software,8,445.5,3564.0,560.0,3004.0
SO-2025-02038,2025-05-04,2025-05,North America,Mexico,Ava Thompson,Security Suite,Software,20,700.0,14000.0,2200.0,11800.0
SO-2025-04999,2025-05-04,2025-05,North America,Mexico,Ava Thompson,Analytics Add-on,Software,8,373.5,2988.0,560.0,2428.0
SO-2025-01239,2025-05-04,2025-05,North America,Mexico,Ava Thompson,Wireless Mouse,Accessories,1,63.7,63.7,24.0,39.7
SO-2025-05452,2025-05-04,2025-05,Europe,France,Emma Laurent,Security Suite,Software,13,560.0,7280.0,1430.0,5850.0
SO-2025-04078,2025-05-04,2025-05,APAC,Japan,Priya Nair,Wireless Mouse,Accessories,3,55.25,165.75,72.0,93.75
SO-2025-01746,2025-05-04,2025-05,Europe,Spain,Noah Muller,Laptop Pro 15,Hardware,3,1189.0,3567.0,2940.0,627.0
SO-2025-02910,2025-05-04,2025-05,North America,Mexico,Liam Chen,CRM Suite (annual),Software,16,810.0,12960.0,2240.0,10720.0
SO-2025-00473,2025-05-04,2025-05,Europe,France,Emma Laurent,Noise-Cancel Headset,Accessories,5,228.0,1140.0,590.0,550.0
SO-2025-00149,2025-05-05,2025-05,APAC,Australia,Haruto Sato,Analytics Add-on,Software,18,432.0,7776.0,1260.0,6516.0
SO-2025-00382,2025-05-05,2025-05,North America,Mexico,Ava Thompson,UltraWide Monitor 34,Hardware,3,520.8,1562.4,1230.0,332.4
SO-2025-03753,2025-05-05,2025-05,North America,United States,Liam Chen,Laptop Air 13,Hardware,3,1008.0,3024.0,2100.0,924.0
SO-2025-04307,2025-05-05,2025-05,APAC,Japan,Haruto Sato,Wireless Mouse,Accessories,3,59.8,179.4,72.0,107.4
SO-2025-02222,2025-05-05,2025-05,APAC,India,Chloe Wong,Laptop Pro 15,Hardware,1,1319.5,1319.5,980.0,339.5
SO-2025-01292,2025-05-05,2025-05,North America,Canada,Liam Chen,Mechanical Keyboard,Accessories,7,117.0,819.0,434.0,385.0
SO-2025-02134,2025-05-05,2025-05,APAC,Japan,Priya Nair,Wireless Mouse,Accessories,4,63.05,252.2,96.0,156.2
SO-2025-04003,2025-05-05,2025-05,Europe,United Kingdom,Emma Laurent,Laptop Pro 15,Hardware,2,1334.0,2668.0,1960.0,708.0
SO-2025-03845,2025-05-05,2025-05,Europe,Spain,Noah Muller,Laptop Air 13,Hardware,1,966.0,966.0,700.0,266.0
SO-2025-00653,2025-05-05,2025-05,North America,United States,Liam Chen,CRM Suite (annual),Software,18,846.0,15228.0,2520.0,12708.0
SO-2025-00248,2025-05-05,2025-05,North America,Mexico,Liam Chen,Wireless Mouse,Accessories,1,64.35,64.35,24.0,40.35
SO-2025-02842,2025-05-05,2025-05,APAC,India,Haruto Sato,Security Suite,Software,7,609.0,4263.0,770.0,3493.0
SO-2025-04852,2025-05-06,2025-05,North America,Canada,Ava Thompson,Mechanical Keyboard,Accessories,10,115.7,1157.0,620.0,537.0
SO-2025-00796,2025-05-06,2025-05,APAC,India,Haruto Sato,Wireless Mouse,Accessories,6,52.0,312.0,144.0,168.0
SO-2025-01598,2025-05-06,2025-05,Europe,Germany,Noah Muller,Wireless Mouse,Accessories,10,59.15,591.5,240.0,351.5
SO-2025-05821,2025-05-06,2025-05,Europe,Germany,Oliver Smith,USB-C Dock,Accessories,2,165.6,331.2,176.0,155.2
SO-2025-02042,2025-05-06,2025-05,APAC,Singapore,Priya Nair,Security Suite,Software,10,658.0,6580.0,1100.0,5480.0
SO-2025-01288,2025-05-06,2025-05,Europe,Germany,Oliver Smith,CRM Suite (annual),Software,20,756.0,15120.0,2800.0,12320.0
SO-2025-04995,2025-05-06,2025-05,Europe,United Kingdom,Emma Laurent,UltraWide Monitor 34,Hardware,4,539.4,2157.6,1640.0,517.6
SO-2025-02511,2025-05-06,2025-05,North America,Canada,Liam Chen,Analytics Add-on,Software,23,396.0,9108.0,1610.0,7498.0
SO-2025-02859,2025-05-06,2025-05,APAC,Singapore,Priya Nair,Security Suite,Software,21,658.0,13818.0,2310.0,11508.0
SO-2025-00295,2025-05-06,2025-05,APAC,Singapore,Haruto Sato,Analytics Add-on,Software,10,373.5,3735.0,700.0,3035.0
SO-2025-02699,2025-05-06,2025-05,Europe,United Kingdom,Oliver Smith,Wireless Mouse,Accessories,1,59.8,59.8,24.0,35.8
SO-2025-05908,2025-05-06,2025-05,APAC,Australia,Chloe Wong,Security Suite,Software,8,679.0,5432.0,880.0,4552.0
SO-2025-01057,2025-05-06,2025-05,APAC,Japan,Haruto Sato,Wireless Mouse,Accessories,4,59.15,236.6,96.0,140.6
SO-2025-00829,2025-05-06,2025-05,APAC,Australia,Chloe Wong,Security Suite,Software,8,686.0,5488.0,880.0,4608.0
SO-2025-00166,2025-05-06,2025-05,APAC,Singapore,Haruto Sato,Laptop Air 13,Hardware,1,1029.0,1029.0,700.0,329.0
SO-2025-00429,2025-05-06,2025-05,LATAM,Argentina,Mateo Silva,Laptop Pro 15,Hardware,2,1232.5,2465.0,1960.0,505.0
SO-2025-00286,2025-05-06,2025-05,LATAM,Argentina,Diego Fernandez,Laptop Air 13,Hardware,2,871.5,1743.0,1400.0,343.0
SO-2025-04058,2025-05-06,2025-05,APAC,India,Chloe Wong,CRM Suite (annual),Software,6,819.0,4914.0,840.0,4074.0
SO-2025-04763,2025-05-07,2025-05,Europe,France,Oliver Smith,Security Suite,Software,13,623.0,8099.0,1430.0,6669.0
SO-2025-00007,2025-05-07,2025-05,APAC,Japan,Chloe Wong,UltraWide Monitor 34,Hardware,3,496.0,1488.0,1230.0,258.0
SO-2025-02009,2025-05-07,2025-05,APAC,Australia,Priya Nair,Analytics Add-on,Software,25,436.5,10912.5,1750.0,9162.5
SO-2025-03292,2025-05-07,2025-05,LATAM,Argentina,Camila Rojas,USB-C Dock,Accessories,9,153.0,1377.0,792.0,585.0
SO-2025-04701,2025-05-07,2025-05,APAC,Australia,Chloe Wong,Laptop Pro 15,Hardware,3,1276.0,3828.0,2940.0,888.0
SO-2025-05754,2025-05-07,2025-05,Europe,Germany,Emma Laurent,Mechanical Keyboard,Accessories,4,127.4,509.6,248.0,261.6
SO-2025-01106,2025-05-07,2025-05,Europe,Spain,Noah Muller,Wireless Mouse,Accessories,9,64.35,579.15,216.0,363.15
SO-2025-01075,2025-05-07,2025-05,North America,United States,Sofia Ramirez,CRM Suite (annual),Software,19,756.0,14364.0,2660.0,11704.0
SO-2025-01576,2025-05-07,2025-05,North America,Canada,Liam Chen,Laptop Air 13,Hardware,3,861.0,2583.0,2100.0,483.0
SO-2025-05810,2025-05-07,2025-05,North America,Canada,Sofia Ramirez,Analytics Add-on,Software,3,441.0,1323.0,210.0,1113.0
SO-2025-05672,2025-05-07,2025-05,North America,Canada,Sofia Ramirez,Noise-Cancel Headset,Accessories,5,199.2,996.0,590.0,406.0
SO-2025-00730,2025-05-07,2025-05,North America,United States,Liam Chen,Noise-Cancel Headset,Accessories,2,204.0,408.0,236.0,172.0
SO-2025-04205,2025-05-07,2025-05,North America,Canada,Ava Thompson,Mechanical Keyboard,Accessories,8,130.0,1040.0,496.0,544.0
SO-2025-00822,2025-05-07,2025-05,Europe,France,Oliver Smith,Analytics Add-on,Software,25,409.5,10237.5,1750.0,8487.5
SO-2025-00305,2025-05-07,2025-05,North America,Canada,Sofia Ramirez,Analytics Add-on,Software,16,400.5,6408.0,1120.0,5288.0
SO-2025-03051,2025-05-08,2025-05,APAC,Singapore,Priya Nair,Wireless Mouse,Accessories,2,55.9,111.8,48.0,63.8
SO-2025-02186,2025-05-08,2025-05,Europe,Germany,Emma Laurent,Laptop Pro 15,Hardware,2,1261.5,2523.0,1960.0,563.0
SO-2025-03295,2025-05-08,2025-05,Europe,United Kingdom,Noah Muller,Wireless Mouse,Accessories,9,56.55,508.95,216.0,292.95
SO-2025-04797,2025-05-08,2025-05,North America,United States,Liam Chen,Laptop Air 13,Hardware,2,1039.5,2079.0,1400.0,679.0
SO-2025-00669,2025-05-08,2025-05,Europe,Germany,Emma Laurent,CRM Suite (annual),Software,24,855.0,20520.0,3360.0,17160.0
SO-2025-03647,2025-05-08,2025-05,APAC,Singapore,Chloe Wong,Analytics Add-on,Software,22,414.0,9108.0,1540.0,7568.0
SO-2025-04478,2025-05-08,2025-05,Europe,France,Emma Laurent,Analytics Add-on,Software,8,409.5,3276.0,560.0,2716.0
SO-2025-01780,2025-05-08,2025-05,Europe,Spain,Noah Muller,CRM Suite (annual),Software,22,792.0,17424.0,3080.0,14344.0
SO-2025-03372,2025-05-08,2025-05,Europe,Spain,Emma Laurent,Noise-Cancel Headset,Accessories,8,199.2,1593.6,944.0,649.6
SO-2025-03904,2025-05-08,2025-05,APAC,Singapore,Chloe Wong,Laptop Pro 15,Hardware,3,1203.5,3610.5,2940.0,670.5
SO-2025-04841,2025-05-08,2025-05,Europe,France,Noah Muller,CRM Suite (annual),Software,20,810.0,16200.0,2800.0,13400.0
SO-2025-02916,2025-05-08,2025-05,Europe,Germany,Emma Laurent,Mechanical Keyboard,Accessories,2,107.9,215.8,124.0,91.8
SO-2025-02904,2025-05-08,2025-05,North America,United States,Liam Chen,Security Suite,Software,13,630.0,8190.0,1430.0,6760.0
SO-2025-00978,2025-05-08,2025-05,Europe,France,Oliver Smith,Laptop Pro 15,Hardware,1,1189.0,1189.0,980.0,209.0
SO-2025-04139,2025-05-08,2025-05,APAC,Singapore,Priya Nair,USB-C Dock,Accessories,8,153.0,1224.0,704.0,520.0
SO-2025-04428,2025-05-08,2025-05,APAC,India,Chloe Wong,Security Suite,Software,6,616.0,3696.0,660.0,3036.0
SO-2025-02780,2025-05-08,2025-05,North America,Mexico,Ava Thompson,Mechanical Keyboard,Accessories,5,123.5,617.5,310.0,307.5
SO-2025-01836,2025-05-08,2025-05,APAC,Australia,Priya Nair,Mechanical Keyboard,Accessories,10,115.7,1157.0,620.0,537.0
SO-2025-02477,2025-05-08,2025-05,Europe,France,Emma Laurent,Security Suite,Software,18,693.0,12474.0,1980.0,10494.0
SO-2025-02610,2025-05-08,2025-05,Europe,United Kingdom,Oliver Smith,CRM Suite (annual),Software,9,801.0,7209.0,1260.0,5949.0
SO-2025-04769,2025-05-09,2025-05,APAC,Singapore,Priya Nair,Wireless Mouse,Accessories,5,61.1,305.5,120.0,185.5
SO-2025-02616,2025-05-09,2025-05,APAC,India,Chloe Wong,UltraWide Monitor 34,Hardware,3,520.8,1562.4,1230.0,332.4
SO-2025-00288,2025-05-09,2025-05,North America,Mexico,Ava Thompson,Laptop Pro 15,Hardware,4,1276.0,5104.0,3920.0,1184.0
SO-2025-05704,2025-05-09,2025-05,APAC,India,Haruto Sato,CRM Suite (annual),Software,16,756.0,12096.0,2240.0,9856.0
SO-2025-05839,2025-05-09,2025-05,North America,Mexico,Sofia Ramirez,USB-C Dock,Accessories,4,144.0,576.0,352.0,224.0
SO-2025-02911,2025-05-09,2025-05,North America,Mexico,Ava Thompson,CRM Suite (annual),Software,20,819.0,16380.0,2800.0,13580.0
SO-2025-03612,2025-05-09,2025-05,North America,Mexico,Liam Chen,Laptop Air 13,Hardware,1,1018.5,1018.5,700.0,318.5
SO-2025-02989,2025-05-09,2025-05,Europe,Spain,Noah Muller,Wireless Mouse,Accessories,7,53.95,377.65,168.0,209.65
SO-2025-05559,2025-05-09,2025-05,North America,Mexico,Sofia Ramirez,CRM Suite (annual),Software,21,747.0,15687.0,2940.0,12747.0
SO-2025-05167,2025-05-09,2025-05,Europe,Spain,Oliver Smith,Laptop Air 13,Hardware,1,934.5,934.5,700.0,234.5
SO-2025-05962,2025-05-09,2025-05,North America,Mexico,Ava Thompson,USB-C Dock,Accessories,9,180.0,1620.0,792.0,828.0
SO-2025-01848,2025-05-09,2025-05,North America,Canada,Sofia Ramirez,Security Suite,Software,1,630.0,630.0,110.0,520.0
SO-2025-04504,2025-05-10,2025-05,APAC,Japan,Priya Nair,Analytics Add-on,Software,20,436.5,8730.0,1400.0,7330.0
SO-2025-05063,2025-05-10,2025-05,Europe,France,Noah Muller,UltraWide Monitor 34,Hardware,1,613.8,613.8,410.0,203.8
SO-2025-05600,2025-05-10,2025-05,Europe,France,Emma Laurent,UltraWide Monitor 34,Hardware,3,508.4,1525.2,1230.0,295.2
SO-2025-00017,2025-05-10,2025-05,Europe,Spain,Noah Muller,Security Suite,Software,24,665.0,15960.0,2640.0,13320.0
SO-2025-03662,2025-05-10,2025-05,Europe,France,Noah Muller,Mechanical Keyboard,Accessories,2,122.2,244.4,124.0,120.4
SO-2025-05174,2025-05-10,2025-05,APAC,Japan,Priya Nair,Security Suite,Software,19,588.0,11172.0,2090.0,9082.0
SO-2025-02162,2025-05-10,2025-05,APAC,Japan,Priya Nair,UltraWide Monitor 34,Hardware,2,595.2,1190.4,820.0,370.4
SO-2025-04737,2025-05-10,2025-05,LATAM,Brazil,Camila Rojas,CRM Suite (annual),Software,17,774.0,13158.0,2380.0,10778.0
SO-2025-05136,2025-05-10,2025-05,APAC,Japan,Chloe Wong,Mechanical Keyboard,Accessories,10,122.2,1222.0,620.0,602.0
SO-2025-04602,2025-05-10,2025-05,Europe,United Kingdom,Emma Laurent,Laptop Air 13,Hardware,2,1008.0,2016.0,1400.0,616.0
SO-2025-01285,2025-05-10,2025-05,North America,Mexico,Liam Chen,CRM Suite (annual),Software,23,756.0,17388.0,3220.0,14168.0
SO-2025-05975,2025-05-10,2025-05,Europe,France,Noah Muller,UltraWide Monitor 34,Hardware,2,533.2,1066.4,820.0,246.4
SO-2025-01154,2025-05-10,2025-05,North America,Mexico,Liam Chen,Laptop Pro 15,Hardware,2,1247.0,2494.0,1960.0,534.0
SO-2025-01926,2025-05-10,2025-05,North America,Mexico,Liam Chen,Noise-Cancel Headset,Accessories,7,223.2,1562.4,826.0,736.4
SO-2025-04273,2025-05-10,2025-05,Europe,Spain,Emma Laurent,USB-C Dock,Accessories,5,174.6,873.0,440.0,433.0
SO-2025-05993,2025-05-11,2025-05,APAC,Japan,Priya Nair,UltraWide Monitor 34,Hardware,2,582.8,1165.6,820.0,345.6
SO-2025-04190,2025-05-11,2025-05,Europe,Spain,Noah Muller,Laptop Pro 15,Hardware,2,1218.0,2436.0,1960.0,476.0
SO-2025-05392,2025-05-11,2025-05,LATAM,Brazil,Camila Rojas,Wireless Mouse,Accessories,7,64.35,450.45,168.0,282.45
SO-2025-02967,2025-05-11,2025-05,North America,United States,Sofia Ramirez,Analytics Add-on,Software,4,396.0,1584.0,280.0,1304.0
SO-2025-02436,2025-05-11,2025-05,Europe,United Kingdom,Oliver Smith,USB-C Dock,Accessories,1,151.2,151.2,88.0,63.2
SO-2025-00625,2025-05-11,2025-05,North America,Canada,Sofia Ramirez,UltraWide Monitor 34,Hardware,4,589.0,2356.0,1640.0,716.0
SO-2025-03944,2025-05-11,2025-05,North America,United States,Liam Chen,Mechanical Keyboard,Accessories,1,117.0,117.0,62.0,55.0
SO-2025-02320,2025-05-11,2025-05,Europe,Spain,Emma Laurent,CRM Suite (annual),Software,5,864.0,4320.0,700.0,3620.0
SO-2025-05420,2025-05-11,2025-05,APAC,Japan,Priya Nair,Laptop Air 13,Hardware,4,976.5,3906.0,2800.0,1106.0
SO-2025-02887,2025-05-11,2025-05,Europe,United Kingdom,Noah Muller,Wireless Mouse,Accessories,3,57.85,173.55,72.0,101.55
SO-2025-03365,2025-05-11,2025-05,North America,Canada,Sofia Ramirez,Security Suite,Software,13,679.0,8827.0,1430.0,7397.0
SO-2025-00223,2025-05-11,2025-05,Europe,Germany,Noah Muller,Laptop Pro 15,Hardware,2,1305.0,2610.0,1960.0,650.0
SO-2025-01515,2025-05-12,2025-05,North America,United States,Liam Chen,UltraWide Monitor 34,Hardware,4,595.2,2380.8,1640.0,740.8
SO-2025-05278,2025-05-12,2025-05,North America,United States,Liam Chen,Analytics Add-on,Software,19,373.5,7096.5,1330.0,5766.5
SO-2025-02978,2025-05-12,2025-05,North America,Mexico,Liam Chen,Laptop Air 13,Hardware,2,1018.5,2037.0,1400.0,637.0
SO-2025-05087,2025-05-12,2025-05,North America,Canada,Ava Thompson,Wireless Mouse,Accessories,3,63.05,189.15,72.0,117.15
SO-2025-00326,2025-05-12,2025-05,APAC,Japan,Haruto Sato,Laptop Pro 15,Hardware,4,1319.5,5278.0,3920.0,1358.0
SO-2025-00778,2025-05-12,2025-05,LATAM,Argentina,Camila Rojas,Laptop Air 13,Hardware,3,892.5,2677.5,2100.0,577.5
SO-2025-05587,2025-05-12,2025-05,North America,United States,Liam Chen,Analytics Add-on,Software,1,450.0,450.0,70.0,380.0
SO-2025-04210,2025-05-12,2025-05,APAC,India,Haruto Sato,USB-C Dock,Accessories,10,167.4,1674.0,880.0,794.0
SO-2025-02249,2025-05-12,2025-05,North America,United States,Sofia Ramirez,Wireless Mouse,Accessories,10,59.8,598.0,240.0,358.0
SO-2025-05977,2025-05-12,2025-05,North America,Mexico,Ava Thompson,Laptop Pro 15,Hardware,1,1160.0,1160.0,980.0,180.0
SO-2025-02960,2025-05-12,2025-05,North America,United States,Ava Thompson,Wireless Mouse,Accessories,10,55.25,552.5,240.0,312.5
SO-2025-02924,2025-05-12,2025-05,APAC,India,Haruto Sato,Mechanical Keyboard,Accessories,1,111.8,111.8,62.0,49.8
SO-2025-04361,2025-05-12,2025-05,Europe,Spain,Oliver Smith,Wireless Mouse,Accessories,2,56.55,113.1,48.0,65.1
SO-2025-03648,2025-05-12,2025-05,North America,Mexico,Ava Thompson,Laptop Pro 15,Hardware,1,1203.5,1203.5,980.0,223.5
SO-2025-03685,2025-05-12,2025-05,North America,Canada,Liam Chen,USB-C Dock,Accessories,2,167.4,334.8,176.0,158.8
SO-2025-01795,2025-05-12,2025-05,North America,Canada,Ava Thompson,Analytics Add-on,Software,2,418.5,837.0,140.0,697.0
SO-2025-03539,2025-05-12,2025-05,Europe,Spain,Noah Muller,Noise-Cancel Headset,Accessories,2,235.2,470.4,236.0,234.4
SO-2025-02778,2025-05-13,2025-05,LATAM,Chile,Mateo Silva,Noise-Cancel Headset,Accessories,9,196.8,1771.2,1062.0,709.2
SO-2025-00801,2025-05-13,2025-05,Europe,Spain,Emma Laurent,Wireless Mouse,Accessories,2,57.85,115.7,48.0,67.7
SO-2025-05417,2025-05-13,2025-05,North America,Canada,Sofia Ramirez,Mechanical Keyboard,Accessories,2,110.5,221.0,124.0,97.0
SO-2025-00805,2025-05-13,2025-05,APAC,India,Priya Nair,Laptop Pro 15,Hardware,4,1232.5,4930.0,3920.0,1010.0
SO-2025-00738,2025-05-13,2025-05,Europe,Germany,Oliver Smith,Noise-Cancel Headset,Accessories,3,211.2,633.6,354.0,279.6
SO-2025-00328,2025-05-13,2025-05,North America,Canada,Liam Chen,Analytics Add-on,Software,24,369.0,8856.0,1680.0,7176.0
SO-2025-02260,2025-05-13,2025-05,North America,Canada,Liam Chen,Wireless Mouse,Accessories,6,53.95,323.7,144.0,179.7
SO-2025-01832,2025-05-13,2025-05,North America,United States,Sofia Ramirez,Noise-Cancel Headset,Accessories,5,196.8,984.0,590.0,394.0
SO-2025-04812,2025-05-13,2025-05,North America,United States,Sofia Ramirez,Wireless Mouse,Accessories,6,63.7,382.2,144.0,238.2
SO-2025-02168,2025-05-13,2025-05,North America,Mexico,Liam Chen,Analytics Add-on,Software,24,373.5,8964.0,1680.0,7284.0
SO-2025-00598,2025-05-13,2025-05,Europe,Germany,Oliver Smith,Laptop Pro 15,Hardware,1,1189.0,1189.0,980.0,209.0
SO-2025-00904,2025-05-13,2025-05,Europe,United Kingdom,Noah Muller,Laptop Air 13,Hardware,3,861.0,2583.0,2100.0,483.0
SO-2025-03651,2025-05-13,2025-05,APAC,Japan,Haruto Sato,Wireless Mouse,Accessories,7,63.05,441.35,168.0,273.35
SO-2025-02591,2025-05-13,2025-05,North America,Mexico,Liam Chen,Noise-Cancel Headset,Accessories,7,237.6,1663.2,826.0,837.2
SO-2025-05539,2025-05-13,2025-05,LATAM,Brazil,Camila Rojas,Security Suite,Software,17,679.0,11543.0,1870.0,9673.0
SO-2025-01534,2025-05-13,2025-05,APAC,Singapore,Priya Nair,UltraWide Monitor 34,Hardware,1,589.0,589.0,410.0,179.0
SO-2025-05219,2025-05-13,2025-05,North America,Canada,Sofia Ramirez,Analytics Add-on,Software,11,405.0,4455.0,770.0,3685.0
SO-2025-02366,2025-05-13,2025-05,North America,Canada,Sofia Ramirez,Analytics Add-on,Software,22,391.5,8613.0,1540.0,7073.0
SO-2025-04984,2025-05-13,2025-05,North America,Canada,Liam Chen,Laptop Air 13,Hardware,4,997.5,3990.0,2800.0,1190.0
SO-2025-00213,2025-05-13,2025-05,LATAM,Chile,Camila Rojas,UltraWide Monitor 34,Hardware,2,582.8,1165.6,820.0,345.6
SO-2025-05475,2025-05-13,2025-05,Europe,Spain,Oliver Smith,CRM Suite (annual),Software,25,846.0,21150.0,3500.0,17650.0
SO-2025-01073,2025-05-13,2025-05,Europe,Spain,Noah Muller,Analytics Add-on,Software,22,396.0,8712.0,1540.0,7172.0
SO-2025-02112,2025-05-13,2025-05,Europe,Germany,Noah Muller,Mechanical Keyboard,Accessories,6,120.9,725.4,372.0,353.4
SO-2025-02317,2025-05-13,2025-05,APAC,Japan,Chloe Wong,CRM Suite (annual),Software,1,756.0,756.0,140.0,616.0
SO-2025-01474,2025-05-14,2025-05,APAC,Singapore,Priya Nair,Laptop Pro 15,Hardware,2,1203.5,2407.0,1960.0,447.0
SO-2025-04383,2025-05-14,2025-05,Europe,United Kingdom,Noah Muller,Analytics Add-on,Software,23,414.0,9522.0,1610.0,7912.0
SO-2025-02898,2025-05-14,2025-05,Europe,United Kingdom,Noah Muller,USB-C Dock,Accessories,6,154.8,928.8,528.0,400.8
SO-2025-01418,2025-05-14,2025-05,North America,United States,Ava Thompson,UltraWide Monitor 34,Hardware,3,508.4,1525.2,1230.0,295.2
SO-2025-03177,2025-05-14,2025-05,Europe,France,Emma Laurent,Laptop Air 13,Hardware,2,861.0,1722.0,1400.0,322.0
SO-2025-05108,2025-05-14,2025-05,APAC,Australia,Chloe Wong,Security Suite,Software,6,567.0,3402.0,660.0,2742.0
SO-2025-05075,2025-05-14,2025-05,Europe,United Kingdom,Emma Laurent,Wireless Mouse,Accessories,10,53.3,533.0,240.0,293.0
SO-2025-01735,2025-05-14,2025-05,Europe,United Kingdom,Oliver Smith,Laptop Air 13,Hardware,2,1018.5,2037.0,1400.0,637.0
SO-2025-05521,2025-05-14,2025-05,North America,Canada,Sofia Ramirez,Laptop Air 13,Hardware,2,976.5,1953.0,1400.0,553.0
SO-2025-04358,2025-05-14,2025-05,North America,Canada,Sofia Ramirez,Analytics Add-on,Software,7,405.0,2835.0,490.0,2345.0
SO-2025-01933,2025-05-14,2025-05,APAC,Japan,Haruto Sato,Noise-Cancel Headset,Accessories,8,232.8,1862.4,944.0,918.4
SO-2025-02170,2025-05-14,2025-05,North America,United States,Sofia Ramirez,USB-C Dock,Accessories,1,171.0,171.0,88.0,83.0
SO-2025-03096,2025-05-14,2025-05,North America,United States,Ava Thompson,Noise-Cancel Headset,Accessories,8,225.6,1804.8,944.0,860.8
SO-2025-01335,2025-05-14,2025-05,Europe,Germany,Oliver Smith,Wireless Mouse,Accessories,10,59.8,598.0,240.0,358.0
SO-2025-04907,2025-05-15,2025-05,North America,United States,Liam Chen,Security Suite,Software,25,693.0,17325.0,2750.0,14575.0
SO-2025-04094,2025-05-15,2025-05,LATAM,Brazil,Mateo Silva,Laptop Pro 15,Hardware,4,1421.0,5684.0,3920.0,1764.0
SO-2025-03672,2025-05-15,2025-05,Europe,United Kingdom,Oliver Smith,Noise-Cancel Headset,Accessories,7,216.0,1512.0,826.0,686.0
SO-2025-02264,2025-05-15,2025-05,Europe,United Kingdom,Oliver Smith,USB-C Dock,Accessories,8,160.2,1281.6,704.0,577.6
SO-2025-04098,2025-05-15,2025-05,APAC,Japan,Haruto Sato,Laptop Air 13,Hardware,2,861.0,1722.0,1400.0,322.0
SO-2025-02478,2025-05-15,2025-05,APAC,India,Chloe Wong,Laptop Pro 15,Hardware,3,1319.5,3958.5,2940.0,1018.5
SO-2025-01870,2025-05-15,2025-05,APAC,India,Priya Nair,Wireless Mouse,Accessories,8,59.15,473.2,192.0,281.2
SO-2025-03320,2025-05-15,2025-05,Europe,United Kingdom,Noah Muller,Security Suite,Software,17,623.0,10591.0,1870.0,8721.0
SO-2025-03267,2025-05-15,2025-05,APAC,Singapore,Chloe Wong,USB-C Dock,Accessories,1,174.6,174.6,88.0,86.6
SO-2025-03836,2025-05-15,2025-05,North America,Mexico,Sofia Ramirez,Mechanical Keyboard,Accessories,6,118.3,709.8,372.0,337.8
SO-2025-03130,2025-05-15,2025-05,North America,Mexico,Ava Thompson,CRM Suite (annual),Software,17,783.0,13311.0,2380.0,10931.0
SO-2025-04821,2025-05-15,2025-05,Europe,United Kingdom,Noah Muller,UltraWide Monitor 34,Hardware,2,508.4,1016.8,820.0,196.8
SO-2025-05817,2025-05-15,2025-05,Europe,Spain,Oliver Smith,Noise-Cancel Headset,Accessories,5,196.8,984.0,590.0,394.0
SO-2025-03036,2025-05-15,2025-05,APAC,Australia,Haruto Sato,USB-C Dock,Accessories,9,178.2,1603.8,792.0,811.8
SO-2025-04303,2025-05-15,2025-05,APAC,Australia,Chloe Wong,Wireless Mouse,Accessories,1,53.95,53.95,24.0,29.95
SO-2025-02608,2025-05-15,2025-05,Europe,France,Noah Muller,Wireless Mouse,Accessories,4,59.8,239.2,96.0,143.2
SO-2025-00356,2025-05-15,2025-05,Europe,France,Noah Muller,Wireless Mouse,Accessories,4,54.6,218.4,96.0,122.4
SO-2025-00863,2025-05-15,2025-05,APAC,Japan,Haruto Sato,CRM Suite (annual),Software,15,765.0,11475.0,2100.0,9375.0
SO-2025-00240,2025-05-15,2025-05,North America,Canada,Ava Thompson,Laptop Air 13,Hardware,1,987.0,987.0,700.0,287.0
SO-2025-00988,2025-05-15,2025-05,North America,Canada,Ava Thompson,Laptop Air 13,Hardware,2,892.5,1785.0,1400.0,385.0
SO-2025-04437,2025-05-16,2025-05,APAC,Singapore,Priya Nair,Laptop Pro 15,Hardware,1,1392.0,1392.0,980.0,412.0
SO-2025-00997,2025-05-16,2025-05,APAC,Australia,Chloe Wong,UltraWide Monitor 34,Hardware,1,539.4,539.4,410.0,129.4
SO-2025-05982,2025-05-16,2025-05,North America,Canada,Ava Thompson,Laptop Air 13,Hardware,3,1018.5,3055.5,2100.0,955.5
SO-2025-03318,2025-05-16,2025-05,North America,Mexico,Ava Thompson,Analytics Add-on,Software,4,432.0,1728.0,280.0,1448.0
SO-2025-01869,2025-05-16,2025-05,North America,Mexico,Ava Thompson,UltraWide Monitor 34,Hardware,2,613.8,1227.6,820.0,407.6
SO-2025-05065,2025-05-16,2025-05,APAC,Japan,Chloe Wong,USB-C Dock,Accessories,8,158.4,1267.2,704.0,563.2
SO-2025-05229,2025-05-16,2025-05,LATAM,Brazil,Diego Fernandez,Wireless Mouse,Accessories,1,56.55,56.55,24.0,32.55
SO-2025-03488,2025-05-16,2025-05,Europe,Germany,Emma Laurent,Mechanical Keyboard,Accessories,10,107.9,1079.0,620.0,459.0
SO-2025-04655,2025-05-16,2025-05,North America,United States,Liam Chen,Wireless Mouse,Accessories,7,64.35,450.45,168.0,282.45
SO-2025-00184,2025-05-16,2025-05,Europe,United Kingdom,Emma Laurent,Laptop Air 13,Hardware,3,840.0,2520.0,2100.0,420.0
SO-2025-05766,2025-05-16,2025-05,North America,Mexico,Liam Chen,Mechanical Keyboard,Accessories,9,111.8,1006.2,558.0,448.2
SO-2025-04177,2025-05-17,2025-05,LATAM,Brazil,Diego Fernandez,Analytics Add-on,Software,22,405.0,8910.0,1540.0,7370.0
SO-2025-03665,2025-05-17,2025-05,North America,Mexico,Liam Chen,CRM Suite (annual),Software,11,855.0,9405.0,1540.0,7865.0
SO-2025-03771,2025-05-17,2025-05,North America,Canada,Liam Chen,Laptop Pro 15,Hardware,3,1261.5,3784.5,2940.0,844.5
SO-2025-04955,2025-05-17,2025-05,LATAM,Chile,Mateo Silva,Laptop Air 13,Hardware,4,945.0,3780.0,2800.0,980.0
SO-2025-02142,2025-05-17,2025-05,LATAM,Brazil,Mateo Silva,Laptop Air 13,Hardware,3,945.0,2835.0,2100.0,735.0
SO-2025-03228,2025-05-17,2025-05,North America,Canada,Liam Chen,USB-C Dock,Accessories,5,180.0,900.0,440.0,460.0
SO-2025-05214,2025-05-17,2025-05,Europe,France,Oliver Smith,Wireless Mouse,Accessories,8,55.25,442.0,192.0,250.0
SO-2025-01733,2025-05-17,2025-05,North America,Canada,Liam Chen,Noise-Cancel Headset,Accessories,9,232.8,2095.2,1062.0,1033.2
SO-2025-01192,2025-05-17,2025-05,LATAM,Brazil,Camila Rojas,Security Suite,Software,23,623.0,14329.0,2530.0,11799.0
SO-2025-03223,2025-05-17,2025-05,Europe,United Kingdom,Noah Muller,Mechanical Keyboard,Accessories,5,106.6,533.0,310.0,223.0
SO-2025-04981,2025-05-17,2025-05,Europe,Spain,Noah Muller,Noise-Cancel Headset,Accessories,4,230.4,921.6,472.0,449.6
SO-2025-04490,2025-05-17,2025-05,North America,Canada,Liam Chen,USB-C Dock,Accessories,8,172.8,1382.4,704.0,678.4
SO-2025-02014,2025-05-17,2025-05,Europe,United Kingdom,Emma Laurent,Laptop Pro 15,Hardware,3,1392.0,4176.0,2940.0,1236.0
SO-2025-05996,2025-05-17,2025-05,APAC,Japan,Priya Nair,Laptop Air 13,Hardware,4,945.0,3780.0,2800.0,980.0
SO-2025-03427,2025-05-17,2025-05,North America,United States,Sofia Ramirez,Noise-Cancel Headset,Accessories,2,196.8,393.6,236.0,157.6
SO-2025-04518,2025-05-17,2025-05,North America,Canada,Ava Thompson,Security Suite,Software,12,637.0,7644.0,1320.0,6324.0
SO-2025-03997,2025-05-18,2025-05,Europe,Spain,Noah Muller,Analytics Add-on,Software,15,396.0,5940.0,1050.0,4890.0
SO-2025-02766,2025-05-18,2025-05,APAC,Singapore,Chloe Wong,UltraWide Monitor 34,Hardware,3,607.6,1822.8,1230.0,592.8
SO-2025-01213,2025-05-18,2025-05,Europe,Spain,Oliver Smith,Mechanical Keyboard,Accessories,6,114.4,686.4,372.0,314.4
SO-2025-00619,2025-05-18,2025-05,APAC,Japan,Priya Nair,Laptop Air 13,Hardware,2,1039.5,2079.0,1400.0,679.0
SO-2025-00401,2025-05-18,2025-05,Europe,France,Noah Muller,Mechanical Keyboard,Accessories,5,110.5,552.5,310.0,242.5
SO-2025-04180,2025-05-18,2025-05,Europe,Germany,Oliver Smith,Analytics Add-on,Software,10,409.5,4095.0,700.0,3395.0
SO-2025-04922,2025-05-18,2025-05,North America,Mexico,Ava Thompson,CRM Suite (annual),Software,19,783.0,14877.0,2660.0,12217.0
SO-2025-05737,2025-05-18,2025-05,APAC,Japan,Priya Nair,Wireless Mouse,Accessories,3,58.5,175.5,72.0,103.5
SO-2025-02463,2025-05-18,2025-05,Europe,United Kingdom,Noah Muller,Laptop Air 13,Hardware,3,850.5,2551.5,2100.0,451.5
SO-2025-02444,2025-05-18,2025-05,APAC,Singapore,Priya Nair,USB-C Dock,Accessories,5,160.2,801.0,440.0,361.0
SO-2025-01343,2025-05-18,2025-05,Europe,France,Noah Muller,Security Suite,Software,15,637.0,9555.0,1650.0,7905.0
SO-2025-04156,2025-05-18,2025-05,APAC,Singapore,Chloe Wong,Analytics Add-on,Software,23,396.0,9108.0,1610.0,7498.0
SO-2025-02821,2025-05-18,2025-05,North America,Canada,Ava Thompson,Laptop Air 13,Hardware,1,934.5,934.5,700.0,234.5
SO-2025-01641,2025-05-18,2025-05,Europe,Germany,Emma Laurent,Wireless Mouse,Accessories,8,61.1,488.8,192.0,296.8
SO-2025-04419,2025-05-18,2025-05,APAC,Australia,Chloe Wong,Security Suite,Software,6,700.0,4200.0,660.0,3540.0
SO-2025-04435,2025-05-18,2025-05,North America,Canada,Ava Thompson,Mechanical Keyboard,Accessories,4,111.8,447.2,248.0,199.2
SO-2025-01691,2025-05-18,2025-05,North America,Canada,Ava Thompson,Wireless Mouse,Accessories,2,61.1,122.2,48.0,74.2
SO-2025-03540,2025-05-19,2025-05,North America,Canada,Sofia Ramirez,UltraWide Monitor 34,Hardware,1,558.0,558.0,410.0,148.0
SO-2025-00980,2025-05-19,2025-05,North America,Mexico,Ava Thompson,Laptop Air 13,Hardware,4,1008.0,4032.0,2800.0,1232.0
SO-2025-05084,2025-05-19,2025-05,APAC,Singapore,Priya Nair,Laptop Air 13,Hardware,1,850.5,850.5,700.0,150.5
SO-2025-01685,2025-05-19,2025-05,Europe,Spain,Noah Muller,CRM Suite (annual),Software,13,891.0,11583.0,1820.0,9763.0
SO-2025-02703,2025-05-19,2025-05,Europe,Germany,Oliver Smith,CRM Suite (annual),Software,12,783.0,9396.0,1680.0,7716.0
SO-2025-02350,2025-05-19,2025-05,LATAM,Chile,Camila Rojas,Analytics Add-on,Software,3,387.0,1161.0,210.0,951.0
SO-2025-02868,2025-05-19,2025-05,Europe,France,Noah Muller,Laptop Air 13,Hardware,3,871.5,2614.5,2100.0,514.5
SO-2025-04153,2025-05-19,2025-05,Europe,Germany,Noah Muller,Analytics Add-on,Software,15,387.0,5805.0,1050.0,4755.0
SO-2025-02270,2025-05-19,2025-05,Europe,France,Emma Laurent,Analytics Add-on,Software,20,423.0,8460.0,1400.0,7060.0
SO-2025-00131,2025-05-19,2025-05,North America,Canada,Sofia Ramirez,UltraWide Monitor 34,Hardware,3,595.2,1785.6,1230.0,555.6
SO-2025-01801,2025-05-19,2025-05,APAC,Australia,Chloe Wong,Mechanical Keyboard,Accessories,1,115.7,115.7,62.0,53.7
SO-2025-00118,2025-05-19,2025-05,Europe,Spain,Noah Muller,Wireless Mouse,Accessories,8,60.45,483.6,192.0,291.6
SO-2025-02229,2025-05-19,2025-05,APAC,Japan,Priya Nair,Analytics Add-on,Software,19,400.5,7609.5,1330.0,6279.5
SO-2025-00422,2025-05-19,2025-05,Europe,Spain,Emma Laurent,Laptop Air 13,Hardware,3,924.0,2772.0,2100.0,672.0
SO-2025-05369,2025-05-19,2025-05,Europe,United Kingdom,Emma Laurent,Laptop Pro 15,Hardware,2,1247.0,2494.0,1960.0,534.0
SO-2025-02711,2025-05-20,2025-05,APAC,India,Priya Nair,UltraWide Monitor 34,Hardware,2,520.8,1041.6,820.0,221.6
SO-2025-01981,2025-05-20,2025-05,APAC,India,Priya Nair,UltraWide Monitor 34,Hardware,2,545.6,1091.2,820.0,271.2
SO-2025-04241,2025-05-20,2025-05,North America,Mexico,Liam Chen,Wireless Mouse,Accessories,10,61.75,617.5,240.0,377.5
SO-2025-04430,2025-05-20,2025-05,Europe,France,Oliver Smith,CRM Suite (annual),Software,23,837.0,19251.0,3220.0,16031.0
SO-2025-01565,2025-05-20,2025-05,APAC,India,Chloe Wong,USB-C Dock,Accessories,4,176.4,705.6,352.0,353.6
SO-2025-00157,2025-05-20,2025-05,Europe,Spain,Oliver Smith,Noise-Cancel Headset,Accessories,2,201.6,403.2,236.0,167.2
SO-2025-03103,2025-05-20,2025-05,LATAM,Chile,Mateo Silva,Wireless Mouse,Accessories,5,60.45,302.25,120.0,182.25
SO-2025-04676,2025-05-20,2025-05,LATAM,Argentina,Camila Rojas,Security Suite,Software,23,609.0,14007.0,2530.0,11477.0
SO-2025-05396,2025-05-20,2025-05,Europe,France,Oliver Smith,Wireless Mouse,Accessories,5,58.5,292.5,120.0,172.5
SO-2025-03379,2025-05-20,2025-05,North America,Mexico,Liam Chen,USB-C Dock,Accessories,10,151.2,1512.0,880.0,632.0
SO-2025-03689,2025-05-20,2025-05,North America,Mexico,Ava Thompson,Security Suite,Software,4,616.0,2464.0,440.0,2024.0
SO-2025-00099,2025-05-20,2025-05,North America,Mexico,Ava Thompson,Security Suite,Software,7,609.0,4263.0,770.0,3493.0
SO-2025-00697,2025-05-20,2025-05,North America,Mexico,Ava Thompson,UltraWide Monitor 34,Hardware,2,545.6,1091.2,820.0,271.2
SO-2025-02058,2025-05-21,2025-05,APAC,Australia,Chloe Wong,Security Suite,Software,9,644.0,5796.0,990.0,4806.0
SO-2025-03243,2025-05-21,2025-05,LATAM,Brazil,Mateo Silva,Analytics Add-on,Software,14,364.5,5103.0,980.0,4123.0
SO-2025-01473,2025-05-21,2025-05,North America,Canada,Liam Chen,CRM Suite (annual),Software,17,882.0,14994.0,2380.0,12614.0
SO-2025-03221,2025-05-21,2025-05,North America,Canada,Liam Chen,Noise-Cancel Headset,Accessories,1,223.2,223.2,118.0,105.2
SO-2025-04391,2025-05-21,2025-05,North America,Canada,Ava Thompson,Noise-Cancel Headset,Accessories,5,235.2,1176.0,590.0,586.0
SO-2025-03250,2025-05-21,2025-05,North America,Canada,Ava Thompson,UltraWide Monitor 34,Hardware,1,545.6,545.6,410.0,135.6
SO-2025-00874,2025-05-21,2025-05,LATAM,Argentina,Mateo Silva,Mechanical Keyboard,Accessories,9,113.1,1017.9,558.0,459.9
SO-2025-00323,2025-05-21,2025-05,North America,Canada,Liam Chen,UltraWide Monitor 34,Hardware,4,564.2,2256.8,1640.0,616.8
SO-2025-02202,2025-05-21,2025-05,North America,United States,Ava Thompson,USB-C Dock,Accessories,7,176.4,1234.8,616.0,618.8
SO-2025-04209,2025-05-21,2025-05,North America,Mexico,Liam Chen,Laptop Air 13,Hardware,1,955.5,955.5,700.0,255.5
SO-2025-05290,2025-05-21,2025-05,LATAM,Chile,Mateo Silva,USB-C Dock,Accessories,5,180.0,900.0,440.0,460.0
SO-2025-04081,2025-05-21,2025-05,LATAM,Brazil,Diego Fernandez,USB-C Dock,Accessories,10,153.0,1530.0,880.0,650.0
SO-2025-03028,2025-05-21,2025-05,Europe,United Kingdom,Noah Muller,Mechanical Keyboard,Accessories,10,114.4,1144.0,620.0,524.0
SO-2025-01437,2025-05-22,2025-05,North America,Mexico,Liam Chen,Mechanical Keyboard,Accessories,5,119.6,598.0,310.0,288.0
SO-2025-05482,2025-05-22,2025-05,LATAM,Chile,Mateo Silva,USB-C Dock,Accessories,2,165.6,331.2,176.0,155.2
SO-2025-03174,2025-05-22,2025-05,LATAM,Argentina,Camila Rojas,Mechanical Keyboard,Accessories,6,106.6,639.6,372.0,267.6
SO-2025-04023,2025-05-22,2025-05,Europe,United Kingdom,Oliver Smith,Security Suite,Software,23,574.0,13202.0,2530.0,10672.0
SO-2025-01858,2025-05-22,2025-05,North America,United States,Ava Thompson,CRM Suite (annual),Software,7,738.0,5166.0,980.0,4186.0
SO-2025-05111,2025-05-22,2025-05,APAC,India,Chloe Wong,Analytics Add-on,Software,15,405.0,6075.0,1050.0,5025.0
SO-2025-02054,2025-05-22,2025-05,APAC,India,Chloe Wong,Wireless Mouse,Accessories,9,52.0,468.0,216.0,252.0
SO-2025-01612,2025-05-22,2025-05,APAC,Japan,Priya Nair,Security Suite,Software,14,672.0,9408.0,1540.0,7868.0
SO-2025-00009,2025-05-22,2025-05,North America,Mexico,Sofia Ramirez,Laptop Pro 15,Hardware,2,1290.5,2581.0,1960.0,621.0
SO-2025-02364,2025-05-23,2025-05,North America,United States,Sofia Ramirez,Wireless Mouse,Accessories,6,59.15,354.9,144.0,210.9
SO-2025-02556,2025-05-23,2025-05,Europe,United Kingdom,Emma Laurent,Laptop Air 13,Hardware,1,850.5,850.5,700.0,150.5
SO-2025-02609,2025-05-23,2025-05,LATAM,Argentina,Camila Rojas,Laptop Pro 15,Hardware,4,1377.5,5510.0,3920.0,1590.0
SO-2025-00337,2025-05-23,2025-05,North America,Canada,Sofia Ramirez,Wireless Mouse,Accessories,5,61.75,308.75,120.0,188.75
SO-2025-03378,2025-05-23,2025-05,APAC,India,Chloe Wong,Wireless Mouse,Accessories,9,55.25,497.25,216.0,281.25
SO-2025-02047,2025-05-23,2025-05,North America,Canada,Sofia Ramirez,Laptop Pro 15,Hardware,2,1334.0,2668.0,1960.0,708.0
SO-2025-05101,2025-05-23,2025-05,North America,Mexico,Ava Thompson,Noise-Cancel Headset,Accessories,3,206.4,619.2,354.0,265.2
SO-2025-00261,2025-05-23,2025-05,North America,Canada,Sofia Ramirez,UltraWide Monitor 34,Hardware,4,595.2,2380.8,1640.0,740.8
SO-2025-03010,2025-05-23,2025-05,North America,Canada,Sofia Ramirez,CRM Suite (annual),Software,19,891.0,16929.0,2660.0,14269.0
SO-2025-03727,2025-05-23,2025-05,Europe,Germany,Emma Laurent,Analytics Add-on,Software,22,400.5,8811.0,1540.0,7271.0
SO-2025-05966,2025-05-23,2025-05,Europe,France,Emma Laurent,Analytics Add-on,Software,10,391.5,3915.0,700.0,3215.0
SO-2025-02217,2025-05-23,2025-05,LATAM,Brazil,Camila Rojas,Security Suite,Software,13,686.0,8918.0,1430.0,7488.0
SO-2025-05944,2025-05-23,2025-05,Europe,Spain,Noah Muller,UltraWide Monitor 34,Hardware,2,533.2,1066.4,820.0,246.4
SO-2025-01660,2025-05-23,2025-05,Europe,France,Noah Muller,CRM Suite (annual),Software,23,873.0,20079.0,3220.0,16859.0
SO-2025-03445,2025-05-23,2025-05,APAC,Singapore,Haruto Sato,Laptop Pro 15,Hardware,1,1450.0,1450.0,980.0,470.0
SO-2025-04525,2025-05-24,2025-05,Europe,Spain,Noah Muller,Noise-Cancel Headset,Accessories,6,240.0,1440.0,708.0,732.0
SO-2025-01826,2025-05-24,2025-05,North America,Canada,Liam Chen,Analytics Add-on,Software,12,382.5,4590.0,840.0,3750.0
SO-2025-05003,2025-05-24,2025-05,North America,Mexico,Ava Thompson,Security Suite,Software,21,644.0,13524.0,2310.0,11214.0
SO-2025-03257,2025-05-24,2025-05,APAC,Australia,Priya Nair,Analytics Add-on,Software,22,427.5,9405.0,1540.0,7865.0
SO-2025-00675,2025-05-24,2025-05,APAC,Singapore,Haruto Sato,Analytics Add-on,Software,25,418.5,10462.5,1750.0,8712.5
SO-2025-05227,2025-05-24,2025-05,Europe,Spain,Emma Laurent,Laptop Pro 15,Hardware,1,1276.0,1276.0,980.0,296.0
SO-2025-00792,2025-05-24,2025-05,North America,United States,Ava Thompson,Laptop Pro 15,Hardware,1,1435.5,1435.5,980.0,455.5
SO-2025-03235,2025-05-24,2025-05,North America,United States,Sofia Ramirez,Wireless Mouse,Accessories,7,65.0,455.0,168.0,287.0
SO-2025-03004,2025-05-24,2025-05,LATAM,Brazil,Mateo Silva,Wireless Mouse,Accessories,5,61.75,308.75,120.0,188.75
SO-2025-04833,2025-05-24,2025-05,LATAM,Argentina,Diego Fernandez,Security Suite,Software,20,560.0,11200.0,2200.0,9000.0
SO-2025-00786,2025-05-24,2025-05,LATAM,Chile,Mateo Silva,Mechanical Keyboard,Accessories,7,118.3,828.1,434.0,394.1
SO-2025-04118,2025-05-24,2025-05,APAC,Singapore,Priya Nair,Laptop Pro 15,Hardware,4,1218.0,4872.0,3920.0,952.0
SO-2025-00178,2025-05-24,2025-05,LATAM,Chile,Mateo Silva,UltraWide Monitor 34,Hardware,2,589.0,1178.0,820.0,358.0
SO-2025-05755,2025-05-24,2025-05,LATAM,Chile,Diego Fernandez,Security Suite,Software,9,651.0,5859.0,990.0,4869.0
SO-2025-01408,2025-05-24,2025-05,North America,Canada,Sofia Ramirez,Mechanical Keyboard,Accessories,9,123.5,1111.5,558.0,553.5
SO-2025-01819,2025-05-24,2025-05,Europe,Spain,Noah Muller,Analytics Add-on,Software,20,400.5,8010.0,1400.0,6610.0
SO-2025-02084,2025-05-25,2025-05,Europe,United Kingdom,Oliver Smith,USB-C Dock,Accessories,10,149.4,1494.0,880.0,614.0
SO-2025-05816,2025-05-25,2025-05,North America,United States,Sofia Ramirez,Security Suite,Software,19,602.0,11438.0,2090.0,9348.0
SO-2025-05199,2025-05-25,2025-05,Europe,Germany,Noah Muller,Analytics Add-on,Software,6,405.0,2430.0,420.0,2010.0
SO-2025-03400,2025-05-25,2025-05,Europe,Spain,Emma Laurent,UltraWide Monitor 34,Hardware,4,558.0,2232.0,1640.0,592.0
SO-2025-03761,2025-05-25,2025-05,Europe,Spain,Oliver Smith,Wireless Mouse,Accessories,6,53.95,323.7,144.0,179.7
SO-2025-00838,2025-05-25,2025-05,North America,Mexico,Sofia Ramirez,USB-C Dock,Accessories,4,151.2,604.8,352.0,252.8
SO-2025-01901,2025-05-25,2025-05,Europe,Spain,Noah Muller,USB-C Dock,Accessories,5,162.0,810.0,440.0,370.0
SO-2025-03738,2025-05-25,2025-05,North America,Mexico,Liam Chen,Mechanical Keyboard,Accessories,2,114.4,228.8,124.0,104.8
SO-2025-03831,2025-05-25,2025-05,LATAM,Argentina,Camila Rojas,Laptop Air 13,Hardware,1,987.0,987.0,700.0,287.0
SO-2025-00608,2025-05-25,2025-05,North America,United States,Sofia Ramirez,Security Suite,Software,16,616.0,9856.0,1760.0,8096.0
SO-2025-04531,2025-05-25,2025-05,APAC,Singapore,Priya Nair,UltraWide Monitor 34,Hardware,2,576.6,1153.2,820.0,333.2
SO-2025-00532,2025-05-25,2025-05,Europe,France,Emma Laurent,Laptop Air 13,Hardware,2,892.5,1785.0,1400.0,385.0
SO-2025-01603,2025-05-25,2025-05,North America,Canada,Liam Chen,Wireless Mouse,Accessories,8,65.0,520.0,192.0,328.0
SO-2025-03690,2025-05-25,2025-05,LATAM,Brazil,Diego Fernandez,Security Suite,Software,25,693.0,17325.0,2750.0,14575.0
SO-2025-00851,2025-05-26,2025-05,North America,Canada,Liam Chen,Security Suite,Software,25,581.0,14525.0,2750.0,11775.0
SO-2025-02895,2025-05-26,2025-05,APAC,Australia,Priya Nair,Security Suite,Software,6,567.0,3402.0,660.0,2742.0
SO-2025-01033,2025-05-26,2025-05,Europe,Spain,Emma Laurent,UltraWide Monitor 34,Hardware,4,576.6,2306.4,1640.0,666.4
SO-2025-01500,2025-05-26,2025-05,APAC,India,Haruto Sato,Wireless Mouse,Accessories,2,55.9,111.8,48.0,63.8
SO-2025-01550,2025-05-26,2025-05,Europe,United Kingdom,Noah Muller,USB-C Dock,Accessories,4,149.4,597.6,352.0,245.6
SO-2025-00345,2025-05-26,2025-05,North America,Canada,Liam Chen,Wireless Mouse,Accessories,8,55.9,447.2,192.0,255.2
SO-2025-04445,2025-05-26,2025-05,APAC,Japan,Haruto Sato,Security Suite,Software,22,658.0,14476.0,2420.0,12056.0
SO-2025-05153,2025-05-26,2025-05,North America,Mexico,Sofia Ramirez,Laptop Air 13,Hardware,3,1018.5,3055.5,2100.0,955.5
SO-2025-02488,2025-05-26,2025-05,Europe,France,Emma Laurent,Noise-Cancel Headset,Accessories,10,223.2,2232.0,1180.0,1052.0
SO-2025-00216,2025-05-26,2025-05,Europe,United Kingdom,Oliver Smith,Wireless Mouse,Accessories,7,57.2,400.4,168.0,232.4
SO-2025-03855,2025-05-26,2025-05,North America,Mexico,Liam Chen,USB-C Dock,Accessories,8,160.2,1281.6,704.0,577.6
SO-2025-00918,2025-05-26,2025-05,North America,Mexico,Sofia Ramirez,Mechanical Keyboard,Accessories,7,119.6,837.2,434.0,403.2
SO-2025-01417,2025-05-26,2025-05,North America,Canada,Ava Thompson,UltraWide Monitor 34,Hardware,1,613.8,613.8,410.0,203.8
SO-2025-02905,2025-05-26,2025-05,APAC,Singapore,Chloe Wong,Mechanical Keyboard,Accessories,4,123.5,494.0,248.0,246.0
SO-2025-03677,2025-05-27,2025-05,Europe,Germany,Oliver Smith,USB-C Dock,Accessories,3,147.6,442.8,264.0,178.8
SO-2025-04055,2025-05-27,2025-05,Europe,Spain,Oliver Smith,Wireless Mouse,Accessories,5,61.75,308.75,120.0,188.75
SO-2025-04389,2025-05-27,2025-05,Europe,France,Oliver Smith,Laptop Pro 15,Hardware,2,1247.0,2494.0,1960.0,534.0
SO-2025-04403,2025-05-27,2025-05,Europe,France,Oliver Smith,Wireless Mouse,Accessories,2,59.15,118.3,48.0,70.3
SO-2025-04696,2025-05-27,2025-05,Europe,United Kingdom,Emma Laurent,Wireless Mouse,Accessories,1,55.9,55.9,24.0,31.9
SO-2025-01932,2025-05-27,2025-05,APAC,Singapore,Chloe Wong,Noise-Cancel Headset,Accessories,7,230.4,1612.8,826.0,786.8
SO-2025-05056,2025-05-27,2025-05,Europe,Spain,Noah Muller,Laptop Air 13,Hardware,4,850.5,3402.0,2800.0,602.0
SO-2025-03911,2025-05-27,2025-05,North America,Mexico,Ava Thompson,Mechanical Keyboard,Accessories,6,122.2,733.2,372.0,361.2
SO-2025-01103,2025-05-27,2025-05,North America,Canada,Liam Chen,Analytics Add-on,Software,25,391.5,9787.5,1750.0,8037.5
SO-2025-00133,2025-05-27,2025-05,Europe,France,Noah Muller,USB-C Dock,Accessories,1,147.6,147.6,88.0,59.6
SO-2025-01894,2025-05-27,2025-05,APAC,India,Priya Nair,USB-C Dock,Accessories,10,178.2,1782.0,880.0,902.0
SO-2025-00362,2025-05-27,2025-05,North America,United States,Ava Thompson,UltraWide Monitor 34,Hardware,3,514.6,1543.8,1230.0,313.8
SO-2025-00893,2025-05-27,2025-05,Europe,Spain,Emma Laurent,Security Suite,Software,14,672.0,9408.0,1540.0,7868.0
SO-2025-00985,2025-05-27,2025-05,LATAM,Argentina,Diego Fernandez,Noise-Cancel Headset,Accessories,7,201.6,1411.2,826.0,585.2
SO-2025-01337,2025-05-27,2025-05,LATAM,Chile,Diego Fernandez,CRM Suite (annual),Software,1,873.0,873.0,140.0,733.0
SO-2025-01342,2025-05-27,2025-05,APAC,Singapore,Chloe Wong,Security Suite,Software,14,644.0,9016.0,1540.0,7476.0
SO-2025-00399,2025-05-27,2025-05,North America,Canada,Ava Thompson,Wireless Mouse,Accessories,1,62.4,62.4,24.0,38.4
SO-2025-04987,2025-05-28,2025-05,North America,United States,Liam Chen,Security Suite,Software,13,609.0,7917.0,1430.0,6487.0
SO-2025-05789,2025-05-28,2025-05,North America,Canada,Liam Chen,USB-C Dock,Accessories,7,165.6,1159.2,616.0,543.2
SO-2025-00573,2025-05-28,2025-05,North America,Canada,Sofia Ramirez,Laptop Pro 15,Hardware,2,1319.5,2639.0,1960.0,679.0
SO-2025-05948,2025-05-28,2025-05,Europe,Spain,Noah Muller,USB-C Dock,Accessories,10,176.4,1764.0,880.0,884.0
SO-2025-01297,2025-05-28,2025-05,APAC,Australia,Priya Nair,Wireless Mouse,Accessories,9,52.65,473.85,216.0,257.85
SO-2025-05708,2025-05-28,2025-05,LATAM,Brazil,Camila Rojas,Security Suite,Software,22,623.0,13706.0,2420.0,11286.0
SO-2025-03284,2025-05-28,2025-05,North America,Canada,Liam Chen,Security Suite,Software,12,588.0,7056.0,1320.0,5736.0
SO-2025-05867,2025-05-28,2025-05,Europe,Germany,Noah Muller,Mechanical Keyboard,Accessories,8,113.1,904.8,496.0,408.8
SO-2025-00239,2025-05-28,2025-05,North America,Canada,Ava Thompson,CRM Suite (annual),Software,17,801.0,13617.0,2380.0,11237.0
SO-2025-04365,2025-05-28,2025-05,Europe,United Kingdom,Noah Muller,Security Suite,Software,1,693.0,693.0,110.0,583.0
SO-2025-05123,2025-05-28,2025-05,APAC,Singapore,Priya Nair,Wireless Mouse,Accessories,6,61.75,370.5,144.0,226.5
SO-2025-02894,2025-05-28,2025-05,LATAM,Brazil,Mateo Silva,Laptop Air 13,Hardware,3,913.5,2740.5,2100.0,640.5
SO-2025-01320,2025-05-28,2025-05,LATAM,Brazil,Camila Rojas,Laptop Air 13,Hardware,3,1018.5,3055.5,2100.0,955.5
SO-2025-02926,2025-05-28,2025-05,Europe,France,Noah Muller,Mechanical Keyboard,Accessories,6,119.6,717.6,372.0,345.6
SO-2025-01324,2025-05-28,2025-05,Europe,France,Emma Laurent,Laptop Pro 15,Hardware,4,1305.0,5220.0,3920.0,1300.0
SO-2025-02640,2025-05-28,2025-05,APAC,Australia,Haruto Sato,UltraWide Monitor 34,Hardware,2,545.6,1091.2,820.0,271.2
SO-2025-04057,2025-05-28,2025-05,Europe,France,Noah Muller,Analytics Add-on,Software,3,441.0,1323.0,210.0,1113.0
SO-2025-02589,2025-05-28,2025-05,Europe,France,Noah Muller,Noise-Cancel Headset,Accessories,6,232.8,1396.8,708.0,688.8
SO-2025-05905,2025-05-28,2025-05,North America,Canada,Sofia Ramirez,UltraWide Monitor 34,Hardware,1,539.4,539.4,410.0,129.4
SO-2025-02290,2025-05-28,2025-05,Europe,France,Noah Muller,USB-C Dock,Accessories,3,171.0,513.0,264.0,249.0
SO-2025-00374,2025-05-28,2025-05,LATAM,Argentina,Mateo Silva,Noise-Cancel Headset,Accessories,5,235.2,1176.0,590.0,586.0
SO-2025-04492,2025-05-28,2025-05,Europe,France,Oliver Smith,Security Suite,Software,17,616.0,10472.0,1870.0,8602.0
SO-2025-00352,2025-05-28,2025-05,Europe,Germany,Oliver Smith,CRM Suite (annual),Software,10,738.0,7380.0,1400.0,5980.0
SO-2025-01441,2025-05-28,2025-05,APAC,Australia,Priya Nair,Security Suite,Software,17,644.0,10948.0,1870.0,9078.0
SO-2025-03124,2025-05-28,2025-05,Europe,Spain,Emma Laurent,Laptop Pro 15,Hardware,2,1348.5,2697.0,1960.0,737.0
SO-2025-00612,2025-05-28,2025-05,APAC,Australia,Priya Nair,Security Suite,Software,23,630.0,14490.0,2530.0,11960.0
SO-2025-05663,2025-05-29,2025-05,North America,United States,Ava Thompson,Security Suite,Software,18,679.0,12222.0,1980.0,10242.0
SO-2025-03614,2025-05-29,2025-05,LATAM,Brazil,Diego Fernandez,CRM Suite (annual),Software,14,783.0,10962.0,1960.0,9002.0
SO-2025-05077,2025-05-29,2025-05,North America,United States,Sofia Ramirez,Wireless Mouse,Accessories,2,62.4,124.8,48.0,76.8
SO-2025-00857,2025-05-29,2025-05,North America,Mexico,Sofia Ramirez,Laptop Air 13,Hardware,4,976.5,3906.0,2800.0,1106.0
SO-2025-02086,2025-05-29,2025-05,Europe,France,Emma Laurent,CRM Suite (annual),Software,5,891.0,4455.0,700.0,3755.0
SO-2025-05161,2025-05-29,2025-05,North America,Canada,Liam Chen,Wireless Mouse,Accessories,6,63.7,382.2,144.0,238.2
SO-2025-00087,2025-05-29,2025-05,Europe,France,Oliver Smith,Laptop Pro 15,Hardware,2,1421.0,2842.0,1960.0,882.0
SO-2025-02574,2025-05-29,2025-05,APAC,Australia,Haruto Sato,Laptop Air 13,Hardware,2,913.5,1827.0,1400.0,427.0
SO-2025-00075,2025-05-29,2025-05,North America,Canada,Liam Chen,Analytics Add-on,Software,16,450.0,7200.0,1120.0,6080.0
SO-2025-02782,2025-05-29,2025-05,North America,Mexico,Sofia Ramirez,Security Suite,Software,14,581.0,8134.0,1540.0,6594.0
SO-2025-02173,2025-05-29,2025-05,North America,Canada,Sofia Ramirez,Laptop Pro 15,Hardware,1,1203.5,1203.5,980.0,223.5
SO-2025-04501,2025-05-29,2025-05,North America,Canada,Liam Chen,Laptop Pro 15,Hardware,1,1174.5,1174.5,980.0,194.5
SO-2025-04204,2025-05-29,2025-05,Europe,United Kingdom,Noah Muller,USB-C Dock,Accessories,1,145.8,145.8,88.0,57.8
SO-2025-03095,2025-05-29,2025-05,Europe,Spain,Oliver Smith,Noise-Cancel Headset,Accessories,4,206.4,825.6,472.0,353.6
SO-2025-01559,2025-05-29,2025-05,North America,Mexico,Ava Thompson,Laptop Air 13,Hardware,2,882.0,1764.0,1400.0,364.0
SO-2025-00504,2025-05-29,2025-05,Europe,France,Oliver Smith,Laptop Air 13,Hardware,3,1008.0,3024.0,2100.0,924.0
SO-2025-01119,2025-05-29,2025-05,LATAM,Argentina,Diego Fernandez,Analytics Add-on,Software,10,414.0,4140.0,700.0,3440.0
SO-2025-01762,2025-05-30,2025-05,APAC,Singapore,Priya Nair,Noise-Cancel Headset,Accessories,3,204.0,612.0,354.0,258.0
SO-2025-03431,2025-05-30,2025-05,Europe,Spain,Noah Muller,Laptop Pro 15,Hardware,4,1203.5,4814.0,3920.0,894.0
SO-2025-04193,2025-05-30,2025-05,Europe,Germany,Oliver Smith,Analytics Add-on,Software,15,391.5,5872.5,1050.0,4822.5
SO-2025-05983,2025-05-30,2025-05,North America,Mexico,Ava Thompson,Laptop Air 13,Hardware,1,955.5,955.5,700.0,255.5
SO-2025-03368,2025-05-30,2025-05,North America,United States,Liam Chen,Noise-Cancel Headset,Accessories,3,213.6,640.8,354.0,286.8
SO-2025-05899,2025-05-30,2025-05,Europe,France,Oliver Smith,Security Suite,Software,20,665.0,13300.0,2200.0,11100.0
SO-2025-02456,2025-05-30,2025-05,North America,Mexico,Liam Chen,CRM Suite (annual),Software,12,810.0,9720.0,1680.0,8040.0
SO-2025-02971,2025-05-30,2025-05,Europe,United Kingdom,Oliver Smith,Laptop Air 13,Hardware,1,987.0,987.0,700.0,287.0
SO-2025-01432,2025-05-30,2025-05,North America,Canada,Sofia Ramirez,CRM Suite (annual),Software,4,891.0,3564.0,560.0,3004.0
SO-2025-05481,2025-05-30,2025-05,North America,Mexico,Sofia Ramirez,UltraWide Monitor 34,Hardware,2,607.6,1215.2,820.0,395.2
SO-2025-01054,2025-05-30,2025-05,APAC,Japan,Chloe Wong,Wireless Mouse,Accessories,1,56.55,56.55,24.0,32.55
SO-2025-04258,2025-05-30,2025-05,North America,United States,Liam Chen,Laptop Pro 15,Hardware,2,1334.0,2668.0,1960.0,708.0
SO-2025-05302,2025-05-30,2025-05,Europe,Spain,Emma Laurent,Noise-Cancel Headset,Accessories,7,228.0,1596.0,826.0,770.0
SO-2025-01523,2025-05-30,2025-05,North America,United States,Sofia Ramirez,Analytics Add-on,Software,11,432.0,4752.0,770.0,3982.0
SO-2025-04401,2025-05-30,2025-05,Europe,Germany,Noah Muller,Laptop Pro 15,Hardware,2,1363.0,2726.0,1960.0,766.0
SO-2025-02862,2025-05-31,2025-05,Europe,Spain,Emma Laurent,USB-C Dock,Accessories,3,145.8,437.4,264.0,173.4
SO-2025-05801,2025-05-31,2025-05,North America,Mexico,Ava Thompson,Laptop Pro 15,Hardware,1,1319.5,1319.5,980.0,339.5
SO-2025-03822,2025-05-31,2025-05,Europe,Spain,Oliver Smith,USB-C Dock,Accessories,4,167.4,669.6,352.0,317.6
SO-2025-03838,2025-05-31,2025-05,LATAM,Brazil,Mateo Silva,USB-C Dock,Accessories,10,162.0,1620.0,880.0,740.0
SO-2025-00440,2025-05-31,2025-05,North America,Canada,Ava Thompson,Analytics Add-on,Software,6,382.5,2295.0,420.0,1875.0
SO-2025-02452,2025-05-31,2025-05,North America,Canada,Liam Chen,Mechanical Keyboard,Accessories,2,113.1,226.2,124.0,102.2
SO-2025-05932,2025-05-31,2025-05,Europe,Spain,Noah Muller,Mechanical Keyboard,Accessories,1,111.8,111.8,62.0,49.8
SO-2025-04560,2025-05-31,2025-05,North America,Mexico,Ava Thompson,Security Suite,Software,19,616.0,11704.0,2090.0,9614.0
SO-2025-04744,2025-05-31,2025-05,LATAM,Brazil,Diego Fernandez,UltraWide Monitor 34,Hardware,4,564.2,2256.8,1640.0,616.8
SO-2025-02858,2025-05-31,2025-05,APAC,India,Priya Nair,Wireless Mouse,Accessories,1,52.65,52.65,24.0,28.65
SO-2025-03917,2025-05-31,2025-05,North America,United States,Sofia Ramirez,CRM Suite (annual),Software,16,882.0,14112.0,2240.0,11872.0
SO-2025-00319,2025-05-31,2025-05,North America,United States,Sofia Ramirez,Analytics Add-on,Software,3,423.0,1269.0,210.0,1059.0
SO-2025-00331,2025-05-31,2025-05,North America,Mexico,Liam Chen,USB-C Dock,Accessories,4,163.8,655.2,352.0,303.2
SO-2025-04789,2025-05-31,2025-05,North America,United States,Sofia Ramirez,CRM Suite (annual),Software,6,891.0,5346.0,840.0,4506.0
SO-2025-05625,2025-05-31,2025-05,Europe,Germany,Noah Muller,Wireless Mouse,Accessories,2,53.95,107.9,48.0,59.9
SO-2025-02493,2025-05-31,2025-05,North America,United States,Liam Chen,Laptop Pro 15,Hardware,3,1435.5,4306.5,2940.0,1366.5
SO-2025-03175,2025-05-31,2025-05,North America,Canada,Liam Chen,UltraWide Monitor 34,Hardware,1,613.8,613.8,410.0,203.8
SO-2025-03598,2025-05-31,2025-05,APAC,Japan,Priya Nair,Analytics Add-on,Software,3,373.5,1120.5,210.0,910.5
SO-2025-04125,2025-06-01,2025-06,North America,Canada,Ava Thompson,Noise-Cancel Headset,Accessories,7,237.6,1663.2,826.0,837.2
SO-2025-00311,2025-06-01,2025-06,Europe,France,Oliver Smith,Security Suite,Software,1,630.0,630.0,110.0,520.0
SO-2025-00377,2025-06-01,2025-06,APAC,Japan,Priya Nair,CRM Suite (annual),Software,16,891.0,14256.0,2240.0,12016.0
SO-2025-00941,2025-06-01,2025-06,APAC,Australia,Chloe Wong,Wireless Mouse,Accessories,3,65.0,195.0,72.0,123.0
SO-2025-01915,2025-06-01,2025-06,North America,United States,Ava Thompson,Mechanical Keyboard,Accessories,5,118.3,591.5,310.0,281.5
SO-2025-03029,2025-06-01,2025-06,LATAM,Chile,Mateo Silva,Laptop Pro 15,Hardware,3,1218.0,3654.0,2940.0,714.0
SO-2025-03030,2025-06-01,2025-06,North America,Mexico,Sofia Ramirez,Laptop Air 13,Hardware,3,997.5,2992.5,2100.0,892.5
SO-2025-04976,2025-06-01,2025-06,North America,United States,Sofia Ramirez,Laptop Air 13,Hardware,1,955.5,955.5,700.0,255.5
SO-2025-01922,2025-06-01,2025-06,LATAM,Brazil,Diego Fernandez,Analytics Add-on,Software,14,400.5,5607.0,980.0,4627.0
SO-2025-03747,2025-06-01,2025-06,North America,Mexico,Ava Thompson,Security Suite,Software,2,616.0,1232.0,220.0,1012.0
SO-2025-01219,2025-06-01,2025-06,LATAM,Brazil,Mateo Silva,UltraWide Monitor 34,Hardware,1,533.2,533.2,410.0,123.2
SO-2025-00342,2025-06-01,2025-06,North America,United States,Sofia Ramirez,CRM Suite (annual),Software,18,792.0,14256.0,2520.0,11736.0
SO-2025-05709,2025-06-01,2025-06,North America,Mexico,Ava Thompson,Security Suite,Software,8,637.0,5096.0,880.0,4216.0
SO-2025-01133,2025-06-01,2025-06,North America,United States,Sofia Ramirez,Noise-Cancel Headset,Accessories,4,194.4,777.6,472.0,305.6
SO-2025-02005,2025-06-01,2025-06,North America,Mexico,Liam Chen,Noise-Cancel Headset,Accessories,7,213.6,1495.2,826.0,669.2
SO-2025-05911,2025-06-01,2025-06,Europe,France,Oliver Smith,Mechanical Keyboard,Accessories,6,111.8,670.8,372.0,298.8
SO-2025-03489,2025-06-01,2025-06,Europe,Germany,Oliver Smith,Mechanical Keyboard,Accessories,9,130.0,1170.0,558.0,612.0
SO-2025-04847,2025-06-01,2025-06,North America,Canada,Sofia Ramirez,USB-C Dock,Accessories,4,158.4,633.6,352.0,281.6
SO-2025-00550,2025-06-01,2025-06,Europe,United Kingdom,Oliver Smith,Laptop Pro 15,Hardware,1,1232.5,1232.5,980.0,252.5
SO-2025-04798,2025-06-01,2025-06,Europe,France,Noah Muller,Wireless Mouse,Accessories,4,53.95,215.8,96.0,119.8
SO-2025-00086,2025-06-01,2025-06,Europe,France,Noah Muller,Wireless Mouse,Accessories,6,54.6,327.6,144.0,183.6
SO-2025-04660,2025-06-02,2025-06,LATAM,Chile,Camila Rojas,Analytics Add-on,Software,9,409.5,3685.5,630.0,3055.5
SO-2025-03272,2025-06-02,2025-06,North America,United States,Liam Chen,Mechanical Keyboard,Accessories,10,115.7,1157.0,620.0,537.0
SO-2025-05148,2025-06-02,2025-06,North America,Mexico,Ava Thompson,UltraWide Monitor 34,Hardware,1,595.2,595.2,410.0,185.2
SO-2025-02489,2025-06-02,2025-06,LATAM,Argentina,Mateo Silva,CRM Suite (annual),Software,23,864.0,19872.0,3220.0,16652.0
SO-2025-01011,2025-06-02,2025-06,Europe,Germany,Oliver Smith,Laptop Pro 15,Hardware,3,1334.0,4002.0,2940.0,1062.0
SO-2025-05786,2025-06-02,2025-06,Europe,United Kingdom,Emma Laurent,USB-C Dock,Accessories,7,171.0,1197.0,616.0,581.0
SO-2025-01254,2025-06-02,2025-06,North America,Canada,Liam Chen,Mechanical Keyboard,Accessories,6,111.8,670.8,372.0,298.8
SO-2025-01459,2025-06-02,2025-06,Europe,United Kingdom,Oliver Smith,Wireless Mouse,Accessories,5,56.55,282.75,120.0,162.75
SO-2025-05798,2025-06-02,2025-06,APAC,Australia,Priya Nair,Wireless Mouse,Accessories,5,53.95,269.75,120.0,149.75
SO-2025-05327,2025-06-02,2025-06,North America,Canada,Ava Thompson,USB-C Dock,Accessories,10,149.4,1494.0,880.0,614.0
SO-2025-02167,2025-06-02,2025-06,APAC,Japan,Chloe Wong,CRM Suite (annual),Software,16,765.0,12240.0,2240.0,10000.0
SO-2025-01698,2025-06-02,2025-06,LATAM,Argentina,Diego Fernandez,Wireless Mouse,Accessories,10,60.45,604.5,240.0,364.5
SO-2025-03697,2025-06-03,2025-06,Europe,United Kingdom,Noah Muller,Noise-Cancel Headset,Accessories,7,223.2,1562.4,826.0,736.4
SO-2025-05689,2025-06-03,2025-06,APAC,Australia,Haruto Sato,Security Suite,Software,22,574.0,12628.0,2420.0,10208.0
SO-2025-02303,2025-06-03,2025-06,APAC,India,Haruto Sato,Wireless Mouse,Accessories,6,53.95,323.7,144.0,179.7
SO-2025-03670,2025-06-03,2025-06,Europe,Spain,Emma Laurent,Security Suite,Software,3,623.0,1869.0,330.0,1539.0
SO-2025-02739,2025-06-03,2025-06,Europe,United Kingdom,Emma Laurent,Security Suite,Software,17,581.0,9877.0,1870.0,8007.0
SO-2025-05011,2025-06-03,2025-06,North America,Mexico,Sofia Ramirez,USB-C Dock,Accessories,3,167.4,502.2,264.0,238.2
SO-2025-00346,2025-06-03,2025-06,North America,Mexico,Ava Thompson,Laptop Pro 15,Hardware,3,1261.5,3784.5,2940.0,844.5
SO-2025-02440,2025-06-03,2025-06,North America,Mexico,Ava Thompson,Wireless Mouse,Accessories,7,59.8,418.6,168.0,250.6
SO-2025-00509,2025-06-03,2025-06,North America,Canada,Ava Thompson,CRM Suite (annual),Software,22,810.0,17820.0,3080.0,14740.0
SO-2025-02928,2025-06-03,2025-06,Europe,United Kingdom,Noah Muller,Analytics Add-on,Software,17,427.5,7267.5,1190.0,6077.5
SO-2025-04584,2025-06-04,2025-06,APAC,Australia,Priya Nair,Security Suite,Software,17,588.0,9996.0,1870.0,8126.0
SO-2025-00581,2025-06-04,2025-06,North America,Mexico,Sofia Ramirez,CRM Suite (annual),Software,5,792.0,3960.0,700.0,3260.0
SO-2025-03777,2025-06-04,2025-06,Europe,Germany,Oliver Smith,Analytics Add-on,Software,4,450.0,1800.0,280.0,1520.0
SO-2025-05906,2025-06-04,2025-06,North America,Mexico,Liam Chen,Security Suite,Software,8,679.0,5432.0,880.0,4552.0
SO-2025-03132,2025-06-04,2025-06,Europe,Germany,Emma Laurent,CRM Suite (annual),Software,16,855.0,13680.0,2240.0,11440.0
SO-2025-01930,2025-06-04,2025-06,LATAM,Chile,Mateo Silva,USB-C Dock,Accessories,10,180.0,1800.0,880.0,920.0
SO-2025-05845,2025-06-04,2025-06,APAC,Singapore,Priya Nair,Noise-Cancel Headset,Accessories,3,235.2,705.6,354.0,351.6
SO-2025-00472,2025-06-04,2025-06,North America,Mexico,Liam Chen,USB-C Dock,Accessories,10,158.4,1584.0,880.0,704.0
SO-2025-01354,2025-06-04,2025-06,APAC,Australia,Chloe Wong,Laptop Air 13,Hardware,4,871.5,3486.0,2800.0,686.0
SO-2025-05654,2025-06-04,2025-06,Europe,Germany,Emma Laurent,Wireless Mouse,Accessories,8,55.9,447.2,192.0,255.2
SO-2025-00628,2025-06-04,2025-06,North America,Canada,Sofia Ramirez,Laptop Pro 15,Hardware,4,1305.0,5220.0,3920.0,1300.0
SO-2025-05418,2025-06-04,2025-06,North America,Canada,Liam Chen,UltraWide Monitor 34,Hardware,4,601.4,2405.6,1640.0,765.6
SO-2025-01260,2025-06-04,2025-06,North America,Mexico,Sofia Ramirez,Mechanical Keyboard,Accessories,8,104.0,832.0,496.0,336.0
SO-2025-04000,2025-06-04,2025-06,LATAM,Chile,Diego Fernandez,Noise-Cancel Headset,Accessories,6,216.0,1296.0,708.0,588.0
SO-2025-03835,2025-06-04,2025-06,North America,United States,Liam Chen,Security Suite,Software,19,637.0,12103.0,2090.0,10013.0
SO-2025-05767,2025-06-04,2025-06,North America,Mexico,Sofia Ramirez,Noise-Cancel Headset,Accessories,7,199.2,1394.4,826.0,568.4
SO-2025-04761,2025-06-04,2025-06,APAC,Japan,Chloe Wong,Mechanical Keyboard,Accessories,10,115.7,1157.0,620.0,537.0
SO-2025-00547,2025-06-04,2025-06,North America,Mexico,Sofia Ramirez,Analytics Add-on,Software,21,378.0,7938.0,1470.0,6468.0
SO-2025-00520,2025-06-04,2025-06,North America,United States,Liam Chen,Laptop Air 13,Hardware,4,1029.0,4116.0,2800.0,1316.0
SO-2025-02045,2025-06-05,2025-06,APAC,India,Priya Nair,CRM Suite (annual),Software,19,855.0,16245.0,2660.0,13585.0
SO-2025-05176,2025-06-05,2025-06,North America,United States,Sofia Ramirez,Analytics Add-on,Software,2,405.0,810.0,140.0,670.0
SO-2025-03815,2025-06-05,2025-06,APAC,India,Haruto Sato,Wireless Mouse,Accessories,1,63.05,63.05,24.0,39.05
SO-2025-03568,2025-06-05,2025-06,APAC,Singapore,Priya Nair,USB-C Dock,Accessories,1,167.4,167.4,88.0,79.4
SO-2025-01450,2025-06-05,2025-06,LATAM,Chile,Diego Fernandez,Laptop Air 13,Hardware,3,945.0,2835.0,2100.0,735.0
SO-2025-05979,2025-06-05,2025-06,Europe,Germany,Emma Laurent,Noise-Cancel Headset,Accessories,1,194.4,194.4,118.0,76.4
SO-2025-05743,2025-06-05,2025-06,LATAM,Argentina,Mateo Silva,Mechanical Keyboard,Accessories,6,106.6,639.6,372.0,267.6
SO-2025-05220,2025-06-05,2025-06,APAC,Singapore,Priya Nair,USB-C Dock,Accessories,9,145.8,1312.2,792.0,520.2
SO-2025-01374,2025-06-05,2025-06,APAC,Japan,Haruto Sato,Mechanical Keyboard,Accessories,1,111.8,111.8,62.0,49.8
SO-2025-05261,2025-06-05,2025-06,APAC,India,Haruto Sato,Security Suite,Software,13,609.0,7917.0,1430.0,6487.0
SO-2025-00766,2025-06-05,2025-06,APAC,Japan,Priya Nair,Security Suite,Software,2,700.0,1400.0,220.0,1180.0
SO-2025-01898,2025-06-05,2025-06,Europe,United Kingdom,Noah Muller,Wireless Mouse,Accessories,2,55.25,110.5,48.0,62.5
SO-2025-02554,2025-06-05,2025-06,North America,Canada,Sofia Ramirez,Wireless Mouse,Accessories,5,53.95,269.75,120.0,149.75
SO-2025-04155,2025-06-05,2025-06,North America,Canada,Sofia Ramirez,Security Suite,Software,1,651.0,651.0,110.0,541.0
SO-2025-05722,2025-06-05,2025-06,North America,United States,Liam Chen,Laptop Air 13,Hardware,1,871.5,871.5,700.0,171.5
SO-2025-04334,2025-06-05,2025-06,North America,Canada,Sofia Ramirez,CRM Suite (annual),Software,8,738.0,5904.0,1120.0,4784.0
SO-2025-00161,2025-06-05,2025-06,Europe,France,Oliver Smith,Laptop Air 13,Hardware,3,871.5,2614.5,2100.0,514.5
SO-2025-03402,2025-06-05,2025-06,North America,Canada,Sofia Ramirez,Laptop Air 13,Hardware,4,976.5,3906.0,2800.0,1106.0
SO-2025-01562,2025-06-05,2025-06,Europe,United Kingdom,Emma Laurent,CRM Suite (annual),Software,7,774.0,5418.0,980.0,4438.0
SO-2025-02533,2025-06-06,2025-06,North America,United States,Ava Thompson,Security Suite,Software,14,630.0,8820.0,1540.0,7280.0
SO-2025-05811,2025-06-06,2025-06,Europe,France,Noah Muller,CRM Suite (annual),Software,18,801.0,14418.0,2520.0,11898.0
SO-2025-00846,2025-06-06,2025-06,North America,United States,Ava Thompson,Laptop Air 13,Hardware,1,903.0,903.0,700.0,203.0
SO-2025-00194,2025-06-06,2025-06,North America,Mexico,Sofia Ramirez,Analytics Add-on,Software,6,387.0,2322.0,420.0,1902.0
SO-2025-05603,2025-06-06,2025-06,LATAM,Chile,Diego Fernandez,Laptop Pro 15,Hardware,3,1305.0,3915.0,2940.0,975.0
SO-2025-02328,2025-06-06,2025-06,LATAM,Argentina,Camila Rojas,Analytics Add-on,Software,5,373.5,1867.5,350.0,1517.5
SO-2025-05618,2025-06-06,2025-06,APAC,India,Haruto Sato,USB-C Dock,Accessories,2,167.4,334.8,176.0,158.8
SO-2025-05487,2025-06-06,2025-06,North America,Canada,Liam Chen,Laptop Pro 15,Hardware,4,1435.5,5742.0,3920.0,1822.0
SO-2025-00818,2025-06-06,2025-06,Europe,United Kingdom,Oliver Smith,Laptop Air 13,Hardware,4,924.0,3696.0,2800.0,896.0
SO-2025-04494,2025-06-06,2025-06,APAC,Japan,Chloe Wong,Wireless Mouse,Accessories,9,59.15,532.35,216.0,316.35
SO-2025-00693,2025-06-06,2025-06,North America,Mexico,Liam Chen,Mechanical Keyboard,Accessories,5,123.5,617.5,310.0,307.5
SO-2025-02513,2025-06-06,2025-06,North America,Mexico,Sofia Ramirez,Noise-Cancel Headset,Accessories,2,223.2,446.4,236.0,210.4
SO-2025-05678,2025-06-06,2025-06,APAC,India,Haruto Sato,CRM Suite (annual),Software,16,864.0,13824.0,2240.0,11584.0
SO-2025-02210,2025-06-06,2025-06,APAC,Australia,Chloe Wong,Security Suite,Software,21,644.0,13524.0,2310.0,11214.0
SO-2025-01363,2025-06-06,2025-06,North America,United States,Ava Thompson,Noise-Cancel Headset,Accessories,10,199.2,1992.0,1180.0,812.0
SO-2025-02394,2025-06-06,2025-06,North America,Canada,Liam Chen,Wireless Mouse,Accessories,6,58.5,351.0,144.0,207.0
SO-2025-03023,2025-06-06,2025-06,Europe,United Kingdom,Emma Laurent,Laptop Air 13,Hardware,2,892.5,1785.0,1400.0,385.0
SO-2025-02751,2025-06-06,2025-06,Europe,Spain,Oliver Smith,Security Suite,Software,10,672.0,6720.0,1100.0,5620.0
SO-2025-01099,2025-06-06,2025-06,Europe,France,Oliver Smith,Laptop Pro 15,Hardware,1,1363.0,1363.0,980.0,383.0
SO-2025-03398,2025-06-06,2025-06,Europe,Germany,Emma Laurent,Laptop Pro 15,Hardware,2,1305.0,2610.0,1960.0,650.0
SO-2025-04483,2025-06-06,2025-06,APAC,India,Haruto Sato,Mechanical Keyboard,Accessories,1,109.2,109.2,62.0,47.2
SO-2025-05282,2025-06-06,2025-06,North America,Canada,Liam Chen,CRM Suite (annual),Software,13,846.0,10998.0,1820.0,9178.0
SO-2025-01557,2025-06-06,2025-06,Europe,Spain,Noah Muller,CRM Suite (annual),Software,18,828.0,14904.0,2520.0,12384.0
SO-2025-00723,2025-06-06,2025-06,North America,Canada,Sofia Ramirez,Noise-Cancel Headset,Accessories,10,213.6,2136.0,1180.0,956.0
SO-2025-05373,2025-06-06,2025-06,North America,Canada,Sofia Ramirez,Analytics Add-on,Software,10,441.0,4410.0,700.0,3710.0
SO-2025-01622,2025-06-06,2025-06,North America,United States,Ava Thompson,CRM Suite (annual),Software,21,810.0,17010.0,2940.0,14070.0
SO-2025-04465,2025-06-06,2025-06,APAC,India,Chloe Wong,Security Suite,Software,4,609.0,2436.0,440.0,1996.0
SO-2025-03300,2025-06-06,2025-06,North America,Canada,Ava Thompson,CRM Suite (annual),Software,21,873.0,18333.0,2940.0,15393.0
SO-2025-02990,2025-06-07,2025-06,APAC,India,Haruto Sato,Laptop Pro 15,Hardware,3,1377.5,4132.5,2940.0,1192.5
SO-2025-03725,2025-06-07,2025-06,Europe,France,Oliver Smith,UltraWide Monitor 34,Hardware,4,558.0,2232.0,1640.0,592.0
SO-2025-04335,2025-06-07,2025-06,Europe,Spain,Noah Muller,USB-C Dock,Accessories,5,158.4,792.0,440.0,352.0
SO-2025-02595,2025-06-07,2025-06,Europe,Spain,Oliver Smith,Wireless Mouse,Accessories,3,64.35,193.05,72.0,121.05
SO-2025-01798,2025-06-07,2025-06,North America,Mexico,Liam Chen,Wireless Mouse,Accessories,7,63.7,445.9,168.0,277.9
SO-2025-05558,2025-06-07,2025-06,APAC,Australia,Priya Nair,Laptop Pro 15,Hardware,1,1421.0,1421.0,980.0,441.0
SO-2025-02774,2025-06-07,2025-06,APAC,Singapore,Chloe Wong,UltraWide Monitor 34,Hardware,3,589.0,1767.0,1230.0,537.0
SO-2025-02920,2025-06-07,2025-06,North America,United States,Sofia Ramirez,UltraWide Monitor 34,Hardware,3,595.2,1785.6,1230.0,555.6
SO-2025-03957,2025-06-07,2025-06,Europe,France,Noah Muller,Wireless Mouse,Accessories,10,61.1,611.0,240.0,371.0
SO-2025-05834,2025-06-07,2025-06,North America,Canada,Ava Thompson,Security Suite,Software,23,609.0,14007.0,2530.0,11477.0
SO-2025-01113,2025-06-07,2025-06,North America,Mexico,Sofia Ramirez,Laptop Pro 15,Hardware,1,1348.5,1348.5,980.0,368.5
SO-2025-05532,2025-06-07,2025-06,Europe,United Kingdom,Noah Muller,Laptop Air 13,Hardware,2,955.5,1911.0,1400.0,511.0
SO-2025-03695,2025-06-07,2025-06,North America,Canada,Sofia Ramirez,Mechanical Keyboard,Accessories,4,107.9,431.6,248.0,183.6
SO-2025-00069,2025-06-07,2025-06,APAC,Singapore,Chloe Wong,Security Suite,Software,1,581.0,581.0,110.0,471.0
SO-2025-04905,2025-06-07,2025-06,North America,Mexico,Liam Chen,Analytics Add-on,Software,12,391.5,4698.0,840.0,3858.0
SO-2025-00649,2025-06-08,2025-06,North America,United States,Sofia Ramirez,Analytics Add-on,Software,16,387.0,6192.0,1120.0,5072.0
SO-2025-05757,2025-06-08,2025-06,APAC,Japan,Chloe Wong,Wireless Mouse,Accessories,9,57.2,514.8,216.0,298.8
SO-2025-05052,2025-06-08,2025-06,APAC,Australia,Haruto Sato,CRM Suite (annual),Software,7,783.0,5481.0,980.0,4501.0
SO-2025-05453,2025-06-08,2025-06,North America,Canada,Ava Thompson,Wireless Mouse,Accessories,3,59.15,177.45,72.0,105.45
SO-2025-01411,2025-06-08,2025-06,Europe,Germany,Emma Laurent,Wireless Mouse,Accessories,4,57.2,228.8,96.0,132.8
SO-2025-04554,2025-06-08,2025-06,APAC,India,Haruto Sato,CRM Suite (annual),Software,18,855.0,15390.0,2520.0,12870.0
SO-2025-04627,2025-06-08,2025-06,APAC,Singapore,Priya Nair,CRM Suite (annual),Software,22,792.0,17424.0,3080.0,14344.0
SO-2025-05416,2025-06-08,2025-06,APAC,Australia,Priya Nair,Mechanical Keyboard,Accessories,8,117.0,936.0,496.0,440.0
SO-2025-05568,2025-06-08,2025-06,APAC,India,Haruto Sato,Mechanical Keyboard,Accessories,9,118.3,1064.7,558.0,506.7
SO-2025-02602,2025-06-08,2025-06,APAC,Australia,Chloe Wong,CRM Suite (annual),Software,23,774.0,17802.0,3220.0,14582.0
SO-2025-02834,2025-06-08,2025-06,Europe,United Kingdom,Noah Muller,USB-C Dock,Accessories,10,153.0,1530.0,880.0,650.0
SO-2025-00409,2025-06-08,2025-06,North America,United States,Ava Thompson,Analytics Add-on,Software,19,441.0,8379.0,1330.0,7049.0
SO-2025-02148,2025-06-08,2025-06,Europe,Spain,Oliver Smith,Mechanical Keyboard,Accessories,1,110.5,110.5,62.0,48.5
SO-2025-05209,2025-06-08,2025-06,APAC,Japan,Chloe Wong,Mechanical Keyboard,Accessories,1,120.9,120.9,62.0,58.9
SO-2025-01525,2025-06-08,2025-06,Europe,France,Emma Laurent,Laptop Air 13,Hardware,2,892.5,1785.0,1400.0,385.0
SO-2025-05430,2025-06-08,2025-06,APAC,India,Priya Nair,Laptop Air 13,Hardware,1,987.0,987.0,700.0,287.0
SO-2025-01077,2025-06-08,2025-06,North America,United States,Ava Thompson,Laptop Air 13,Hardware,4,945.0,3780.0,2800.0,980.0
SO-2025-01707,2025-06-09,2025-06,North America,United States,Liam Chen,Laptop Pro 15,Hardware,4,1421.0,5684.0,3920.0,1764.0
SO-2025-00297,2025-06-09,2025-06,North America,Mexico,Ava Thompson,Security Suite,Software,12,686.0,8232.0,1320.0,6912.0
SO-2025-04049,2025-06-09,2025-06,Europe,United Kingdom,Noah Muller,CRM Suite (annual),Software,10,846.0,8460.0,1400.0,7060.0
SO-2025-04276,2025-06-09,2025-06,North America,Mexico,Sofia Ramirez,Analytics Add-on,Software,23,382.5,8797.5,1610.0,7187.5
SO-2025-04817,2025-06-09,2025-06,LATAM,Argentina,Diego Fernandez,Security Suite,Software,18,609.0,10962.0,1980.0,8982.0
SO-2025-01658,2025-06-09,2025-06,Europe,United Kingdom,Noah Muller,Laptop Air 13,Hardware,3,1039.5,3118.5,2100.0,1018.5
SO-2025-04850,2025-06-09,2025-06,Europe,Spain,Noah Muller,USB-C Dock,Accessories,3,180.0,540.0,264.0,276.0
SO-2025-03999,2025-06-09,2025-06,Europe,Spain,Noah Muller,Analytics Add-on,Software,18,387.0,6966.0,1260.0,5706.0
SO-2025-03194,2025-06-09,2025-06,LATAM,Chile,Diego Fernandez,CRM Suite (annual),Software,7,900.0,6300.0,980.0,5320.0
SO-2025-02999,2025-06-09,2025-06,APAC,Japan,Priya Nair,Laptop Air 13,Hardware,3,976.5,2929.5,2100.0,829.5
SO-2025-04914,2025-06-09,2025-06,North America,United States,Liam Chen,Mechanical Keyboard,Accessories,1,124.8,124.8,62.0,62.8
SO-2025-01676,2025-06-09,2025-06,Europe,Germany,Emma Laurent,Wireless Mouse,Accessories,9,61.1,549.9,216.0,333.9
SO-2025-03501,2025-06-09,2025-06,APAC,Singapore,Priya Nair,UltraWide Monitor 34,Hardware,3,496.0,1488.0,1230.0,258.0
SO-2025-01381,2025-06-10,2025-06,North America,Canada,Liam Chen,Laptop Pro 15,Hardware,3,1305.0,3915.0,2940.0,975.0
SO-2025-03252,2025-06-10,2025-06,North America,Canada,Ava Thompson,Laptop Air 13,Hardware,4,997.5,3990.0,2800.0,1190.0
SO-2025-01874,2025-06-10,2025-06,APAC,India,Haruto Sato,Laptop Air 13,Hardware,4,955.5,3822.0,2800.0,1022.0
SO-2025-03304,2025-06-10,2025-06,Europe,United Kingdom,Oliver Smith,Wireless Mouse,Accessories,1,59.8,59.8,24.0,35.8
SO-2025-02677,2025-06-10,2025-06,Europe,United Kingdom,Oliver Smith,Mechanical Keyboard,Accessories,3,107.9,323.7,186.0,137.7
SO-2025-01827,2025-06-10,2025-06,North America,Canada,Liam Chen,CRM Suite (annual),Software,18,747.0,13446.0,2520.0,10926.0
SO-2025-04415,2025-06-10,2025-06,APAC,India,Haruto Sato,Wireless Mouse,Accessories,5,58.5,292.5,120.0,172.5
SO-2025-05707,2025-06-10,2025-06,North America,United States,Liam Chen,CRM Suite (annual),Software,22,810.0,17820.0,3080.0,14740.0
SO-2025-05002,2025-06-10,2025-06,LATAM,Brazil,Diego Fernandez,Wireless Mouse,Accessories,7,52.65,368.55,168.0,200.55
SO-2025-05933,2025-06-10,2025-06,North America,United States,Liam Chen,Laptop Air 13,Hardware,1,903.0,903.0,700.0,203.0
SO-2025-02367,2025-06-10,2025-06,Europe,Spain,Oliver Smith,Noise-Cancel Headset,Accessories,10,220.8,2208.0,1180.0,1028.0
SO-2025-00181,2025-06-10,2025-06,APAC,Japan,Priya Nair,Wireless Mouse,Accessories,5,59.15,295.75,120.0,175.75
SO-2025-03809,2025-06-10,2025-06,North America,Mexico,Ava Thompson,Wireless Mouse,Accessories,6,55.9,335.4,144.0,191.4
SO-2025-02398,2025-06-11,2025-06,Europe,France,Noah Muller,Security Suite,Software,1,602.0,602.0,110.0,492.0
SO-2025-04654,2025-06-11,2025-06,North America,Canada,Sofia Ramirez,Analytics Add-on,Software,3,441.0,1323.0,210.0,1113.0
SO-2025-04106,2025-06-11,2025-06,Europe,Spain,Noah Muller,Wireless Mouse,Accessories,10,64.35,643.5,240.0,403.5
SO-2025-05283,2025-06-11,2025-06,North America,Mexico,Liam Chen,Analytics Add-on,Software,8,436.5,3492.0,560.0,2932.0
SO-2025-03270,2025-06-11,2025-06,LATAM,Chile,Camila Rojas,Security Suite,Software,1,602.0,602.0,110.0,492.0
SO-2025-04248,2025-06-11,2025-06,APAC,India,Priya Nair,Security Suite,Software,4,672.0,2688.0,440.0,2248.0
SO-2025-05957,2025-06-11,2025-06,LATAM,Brazil,Camila Rojas,Analytics Add-on,Software,19,427.5,8122.5,1330.0,6792.5
SO-2025-05725,2025-06-11,2025-06,Europe,United Kingdom,Emma Laurent,Laptop Air 13,Hardware,4,861.0,3444.0,2800.0,644.0
SO-2025-01220,2025-06-11,2025-06,Europe,France,Emma Laurent,Analytics Add-on,Software,5,373.5,1867.5,350.0,1517.5
SO-2025-01274,2025-06-11,2025-06,North America,Mexico,Sofia Ramirez,Analytics Add-on,Software,25,414.0,10350.0,1750.0,8600.0
SO-2025-02313,2025-06-11,2025-06,North America,United States,Sofia Ramirez,Laptop Air 13,Hardware,3,882.0,2646.0,2100.0,546.0
SO-2025-01693,2025-06-11,2025-06,Europe,France,Oliver Smith,USB-C Dock,Accessories,5,154.8,774.0,440.0,334.0
SO-2025-05202,2025-06-11,2025-06,LATAM,Argentina,Mateo Silva,Wireless Mouse,Accessories,4,52.0,208.0,96.0,112.0
SO-2025-00713,2025-06-11,2025-06,Europe,Germany,Emma Laurent,USB-C Dock,Accessories,4,147.6,590.4,352.0,238.4
SO-2025-01229,2025-06-11,2025-06,APAC,Japan,Haruto Sato,CRM Suite (annual),Software,3,873.0,2619.0,420.0,2199.0
SO-2025-02256,2025-06-12,2025-06,North America,Mexico,Liam Chen,USB-C Dock,Accessories,7,145.8,1020.6,616.0,404.6
SO-2025-02336,2025-06-12,2025-06,Europe,France,Emma Laurent,Wireless Mouse,Accessories,7,57.2,400.4,168.0,232.4
SO-2025-03173,2025-06-12,2025-06,LATAM,Chile,Camila Rojas,CRM Suite (annual),Software,14,729.0,10206.0,1960.0,8246.0
SO-2025-03432,2025-06-12,2025-06,Europe,Germany,Oliver Smith,Laptop Air 13,Hardware,4,1039.5,4158.0,2800.0,1358.0
SO-2025-04666,2025-06-12,2025-06,APAC,Japan,Haruto Sato,USB-C Dock,Accessories,10,151.2,1512.0,880.0,632.0
SO-2025-00715,2025-06-12,2025-06,North America,Mexico,Liam Chen,CRM Suite (annual),Software,17,792.0,13464.0,2380.0,11084.0
SO-2025-00845,2025-06-12,2025-06,APAC,Japan,Haruto Sato,Security Suite,Software,15,686.0,10290.0,1650.0,8640.0
SO-2025-02995,2025-06-12,2025-06,Europe,Spain,Noah Muller,Wireless Mouse,Accessories,4,54.6,218.4,96.0,122.4
SO-2025-00634,2025-06-12,2025-06,Europe,Germany,Emma Laurent,Laptop Pro 15,Hardware,2,1348.5,2697.0,1960.0,737.0
SO-2025-04423,2025-06-12,2025-06,Europe,United Kingdom,Emma Laurent,Analytics Add-on,Software,23,436.5,10039.5,1610.0,8429.5
SO-2025-02322,2025-06-12,2025-06,Europe,Spain,Noah Muller,USB-C Dock,Accessories,5,178.2,891.0,440.0,451.0
SO-2025-00772,2025-06-12,2025-06,North America,Canada,Sofia Ramirez,Laptop Pro 15,Hardware,4,1203.5,4814.0,3920.0,894.0
SO-2025-05279,2025-06-12,2025-06,North America,Mexico,Ava Thompson,Wireless Mouse,Accessories,9,61.75,555.75,216.0,339.75
SO-2025-04603,2025-06-12,2025-06,APAC,Australia,Priya Nair,UltraWide Monitor 34,Hardware,2,620.0,1240.0,820.0,420.0
SO-2025-02580,2025-06-12,2025-06,Europe,Germany,Oliver Smith,Noise-Cancel Headset,Accessories,3,206.4,619.2,354.0,265.2
SO-2025-00209,2025-06-12,2025-06,North America,United States,Liam Chen,Analytics Add-on,Software,12,427.5,5130.0,840.0,4290.0
SO-2025-03332,2025-06-12,2025-06,LATAM,Argentina,Mateo Silva,Mechanical Keyboard,Accessories,9,122.2,1099.8,558.0,541.8
SO-2025-05401,2025-06-13,2025-06,LATAM,Brazil,Diego Fernandez,Laptop Pro 15,Hardware,4,1348.5,5394.0,3920.0,1474.0
SO-2025-05404,2025-06-13,2025-06,North America,Canada,Liam Chen,Laptop Pro 15,Hardware,1,1290.5,1290.5,980.0,310.5
SO-2025-00971,2025-06-13,2025-06,North America,United States,Liam Chen,Laptop Pro 15,Hardware,2,1406.5,2813.0,1960.0,853.0
SO-2025-03620,2025-06-13,2025-06,Europe,Spain,Oliver Smith,Laptop Air 13,Hardware,2,934.5,1869.0,1400.0,469.0
SO-2025-03121,2025-06-13,2025-06,North America,United States,Sofia Ramirez,Analytics Add-on,Software,12,436.5,5238.0,840.0,4398.0
SO-2025-02787,2025-06-13,2025-06,North America,Mexico,Sofia Ramirez,Noise-Cancel Headset,Accessories,1,213.6,213.6,118.0,95.6
SO-2025-03575,2025-06-13,2025-06,Europe,Spain,Oliver Smith,USB-C Dock,Accessories,8,145.8,1166.4,704.0,462.4
SO-2025-02964,2025-06-13,2025-06,North America,United States,Sofia Ramirez,Laptop Pro 15,Hardware,4,1421.0,5684.0,3920.0,1764.0
SO-2025-01697,2025-06-13,2025-06,APAC,Japan,Chloe Wong,Laptop Pro 15,Hardware,3,1450.0,4350.0,2940.0,1410.0
SO-2025-01843,2025-06-13,2025-06,Europe,United Kingdom,Oliver Smith,CRM Suite (annual),Software,12,729.0,8748.0,1680.0,7068.0
SO-2025-01905,2025-06-13,2025-06,North America,United States,Sofia Ramirez,UltraWide Monitor 34,Hardware,2,576.6,1153.2,820.0,333.2
SO-2025-04339,2025-06-13,2025-06,North America,Mexico,Ava Thompson,Mechanical Keyboard,Accessories,7,113.1,791.7,434.0,357.7
SO-2025-01084,2025-06-13,2025-06,North America,United States,Liam Chen,Laptop Pro 15,Hardware,3,1435.5,4306.5,2940.0,1366.5
SO-2025-02397,2025-06-13,2025-06,APAC,Australia,Priya Nair,Mechanical Keyboard,Accessories,5,128.7,643.5,310.0,333.5
SO-2025-01414,2025-06-14,2025-06,LATAM,Argentina,Camila Rojas,Laptop Air 13,Hardware,3,871.5,2614.5,2100.0,514.5
SO-2025-00418,2025-06-14,2025-06,North America,United States,Ava Thompson,UltraWide Monitor 34,Hardware,4,508.4,2033.6,1640.0,393.6
SO-2025-05795,2025-06-14,2025-06,LATAM,Brazil,Mateo Silva,Mechanical Keyboard,Accessories,6,117.0,702.0,372.0,330.0
SO-2025-01717,2025-06-14,2025-06,APAC,Singapore,Haruto Sato,Laptop Air 13,Hardware,2,892.5,1785.0,1400.0,385.0
SO-2025-01159,2025-06-14,2025-06,APAC,Australia,Priya Nair,Laptop Pro 15,Hardware,3,1261.5,3784.5,2940.0,844.5
SO-2025-01448,2025-06-14,2025-06,LATAM,Brazil,Diego Fernandez,UltraWide Monitor 34,Hardware,1,514.6,514.6,410.0,104.6
SO-2025-03153,2025-06-14,2025-06,North America,Mexico,Ava Thompson,Analytics Add-on,Software,14,373.5,5229.0,980.0,4249.0
SO-2025-03955,2025-06-14,2025-06,North America,Mexico,Ava Thompson,Analytics Add-on,Software,7,396.0,2772.0,490.0,2282.0
SO-2025-01809,2025-06-14,2025-06,North America,United States,Liam Chen,UltraWide Monitor 34,Hardware,1,539.4,539.4,410.0,129.4
SO-2025-01278,2025-06-15,2025-06,LATAM,Argentina,Mateo Silva,CRM Suite (annual),Software,5,765.0,3825.0,700.0,3125.0
SO-2025-04064,2025-06-15,2025-06,Europe,United Kingdom,Noah Muller,CRM Suite (annual),Software,15,720.0,10800.0,2100.0,8700.0
SO-2025-02844,2025-06-15,2025-06,North America,Mexico,Sofia Ramirez,USB-C Dock,Accessories,5,158.4,792.0,440.0,352.0
SO-2025-00864,2025-06-15,2025-06,North America,Mexico,Liam Chen,CRM Suite (annual),Software,14,873.0,12222.0,1960.0,10262.0
SO-2025-01074,2025-06-15,2025-06,APAC,Japan,Priya Nair,Noise-Cancel Headset,Accessories,1,218.4,218.4,118.0,100.4
SO-2025-01987,2025-06-15,2025-06,Europe,Spain,Oliver Smith,CRM Suite (annual),Software,1,801.0,801.0,140.0,661.0
SO-2025-03165,2025-06-15,2025-06,APAC,Singapore,Haruto Sato,Analytics Add-on,Software,25,405.0,10125.0,1750.0,8375.0
SO-2025-00827,2025-06-15,2025-06,APAC,India,Priya Nair,UltraWide Monitor 34,Hardware,2,613.8,1227.6,820.0,407.6
SO-2025-01756,2025-06-15,2025-06,Europe,United Kingdom,Emma Laurent,Analytics Add-on,Software,21,382.5,8032.5,1470.0,6562.5
SO-2025-03995,2025-06-15,2025-06,Europe,France,Oliver Smith,Laptop Pro 15,Hardware,2,1377.5,2755.0,1960.0,795.0
SO-2025-00505,2025-06-15,2025-06,North America,Canada,Sofia Ramirez,Analytics Add-on,Software,14,391.5,5481.0,980.0,4501.0
SO-2025-00215,2025-06-15,2025-06,APAC,Singapore,Priya Nair,Security Suite,Software,16,602.0,9632.0,1760.0,7872.0
SO-2025-05522,2025-06-15,2025-06,North America,Mexico,Liam Chen,USB-C Dock,Accessories,6,163.8,982.8,528.0,454.8
SO-2025-04160,2025-06-15,2025-06,North America,Canada,Sofia Ramirez,Laptop Pro 15,Hardware,3,1348.5,4045.5,2940.0,1105.5
SO-2025-03953,2025-06-15,2025-06,Europe,United Kingdom,Noah Muller,Mechanical Keyboard,Accessories,6,117.0,702.0,372.0,330.0
SO-2025-04975,2025-06-15,2025-06,Europe,United Kingdom,Oliver Smith,Analytics Add-on,Software,5,427.5,2137.5,350.0,1787.5
SO-2025-02913,2025-06-15,2025-06,Europe,United Kingdom,Emma Laurent,Laptop Pro 15,Hardware,1,1435.5,1435.5,980.0,455.5
SO-2025-02939,2025-06-15,2025-06,North America,Canada,Liam Chen,USB-C Dock,Accessories,2,149.4,298.8,176.0,122.8
SO-2025-00856,2025-06-16,2025-06,APAC,Singapore,Priya Nair,Laptop Air 13,Hardware,3,913.5,2740.5,2100.0,640.5
SO-2025-00132,2025-06-16,2025-06,North America,Canada,Sofia Ramirez,Mechanical Keyboard,Accessories,5,104.0,520.0,310.0,210.0
SO-2025-04495,2025-06-16,2025-06,North America,United States,Sofia Ramirez,Analytics Add-on,Software,23,400.5,9211.5,1610.0,7601.5
SO-2025-01196,2025-06-16,2025-06,LATAM,Argentina,Camila Rojas,Laptop Pro 15,Hardware,3,1363.0,4089.0,2940.0,1149.0
SO-2025-02729,2025-06-16,2025-06,North America,Canada,Ava Thompson,Laptop Air 13,Hardware,2,1029.0,2058.0,1400.0,658.0
SO-2025-02051,2025-06-16,2025-06,APAC,India,Haruto Sato,Laptop Pro 15,Hardware,2,1377.5,2755.0,1960.0,795.0
SO-2025-02171,2025-06-16,2025-06,Europe,Spain,Emma Laurent,CRM Suite (annual),Software,20,882.0,17640.0,2800.0,14840.0
SO-2025-02936,2025-06-16,2025-06,APAC,Japan,Priya Nair,USB-C Dock,Accessories,2,163.8,327.6,176.0,151.6
SO-2025-00762,2025-06-16,2025-06,Europe,United Kingdom,Noah Muller,UltraWide Monitor 34,Hardware,2,508.4,1016.8,820.0,196.8
SO-2025-03438,2025-06-16,2025-06,Europe,Germany,Noah Muller,Analytics Add-on,Software,25,432.0,10800.0,1750.0,9050.0
SO-2025-04122,2025-06-16,2025-06,Europe,United Kingdom,Emma Laurent,Laptop Pro 15,Hardware,4,1174.5,4698.0,3920.0,778.0
SO-2025-01527,2025-06-16,2025-06,Europe,Germany,Oliver Smith,Laptop Air 13,Hardware,4,903.0,3612.0,2800.0,812.0
SO-2025-00907,2025-06-16,2025-06,Europe,Spain,Oliver Smith,Noise-Cancel Headset,Accessories,5,225.6,1128.0,590.0,538.0
SO-2025-05348,2025-06-16,2025-06,Europe,Germany,Emma Laurent,Security Suite,Software,5,644.0,3220.0,550.0,2670.0
SO-2025-03868,2025-06-16,2025-06,Europe,France,Emma Laurent,CRM Suite (annual),Software,7,864.0,6048.0,980.0,5068.0
SO-2025-02668,2025-06-16,2025-06,Europe,Germany,Noah Muller,Security Suite,Software,19,679.0,12901.0,2090.0,10811.0
SO-2025-02018,2025-06-16,2025-06,Europe,United Kingdom,Oliver Smith,Analytics Add-on,Software,24,382.5,9180.0,1680.0,7500.0
SO-2025-00989,2025-06-16,2025-06,Europe,Spain,Oliver Smith,UltraWide Monitor 34,Hardware,3,551.8,1655.4,1230.0,425.4
SO-2025-04235,2025-06-16,2025-06,North America,Mexico,Liam Chen,CRM Suite (annual),Software,12,891.0,10692.0,1680.0,9012.0
SO-2025-01141,2025-06-17,2025-06,Europe,Germany,Oliver Smith,USB-C Dock,Accessories,1,171.0,171.0,88.0,83.0
SO-2025-04396,2025-06-17,2025-06,North America,United States,Ava Thompson,Security Suite,Software,22,644.0,14168.0,2420.0,11748.0
SO-2025-05235,2025-06-17,2025-06,Europe,Germany,Emma Laurent,UltraWide Monitor 34,Hardware,1,607.6,607.6,410.0,197.6
SO-2025-05541,2025-06-17,2025-06,North America,United States,Ava Thompson,USB-C Dock,Accessories,10,151.2,1512.0,880.0,632.0
SO-2025-01613,2025-06-17,2025-06,APAC,Singapore,Haruto Sato,Mechanical Keyboard,Accessories,2,113.1,226.2,124.0,102.2
SO-2025-00339,2025-06-17,2025-06,LATAM,Chile,Camila Rojas,USB-C Dock,Accessories,6,154.8,928.8,528.0,400.8
SO-2025-05768,2025-06-17,2025-06,LATAM,Chile,Mateo Silva,Wireless Mouse,Accessories,2,53.3,106.6,48.0,58.6
SO-2025-00995,2025-06-17,2025-06,North America,Mexico,Liam Chen,Security Suite,Software,23,609.0,14007.0,2530.0,11477.0
SO-2025-03014,2025-06-17,2025-06,North America,United States,Liam Chen,Wireless Mouse,Accessories,8,56.55,452.4,192.0,260.4
SO-2025-05499,2025-06-17,2025-06,APAC,Australia,Haruto Sato,UltraWide Monitor 34,Hardware,4,589.0,2356.0,1640.0,716.0
SO-2025-04674,2025-06-17,2025-06,Europe,Spain,Emma Laurent,Mechanical Keyboard,Accessories,5,115.7,578.5,310.0,268.5
SO-2025-00895,2025-06-17,2025-06,Europe,United Kingdom,Noah Muller,Laptop Air 13,Hardware,4,903.0,3612.0,2800.0,812.0
SO-2025-04930,2025-06-17,2025-06,APAC,Singapore,Chloe Wong,CRM Suite (annual),Software,23,810.0,18630.0,3220.0,15410.0
SO-2025-02607,2025-06-18,2025-06,Europe,France,Emma Laurent,USB-C Dock,Accessories,7,162.0,1134.0,616.0,518.0
SO-2025-00590,2025-06-18,2025-06,Europe,France,Oliver Smith,Mechanical Keyboard,Accessories,7,110.5,773.5,434.0,339.5
SO-2025-01190,2025-06-18,2025-06,APAC,India,Haruto Sato,Analytics Add-on,Software,10,373.5,3735.0,700.0,3035.0
SO-2025-02395,2025-06-18,2025-06,APAC,Singapore,Priya Nair,CRM Suite (annual),Software,8,864.0,6912.0,1120.0,5792.0
SO-2025-00450,2025-06-18,2025-06,APAC,Singapore,Chloe Wong,Analytics Add-on,Software,16,423.0,6768.0,1120.0,5648.0
SO-2025-01294,2025-06-18,2025-06,Europe,Spain,Oliver Smith,USB-C Dock,Accessories,4,165.6,662.4,352.0,310.4
SO-2025-01453,2025-06-18,2025-06,APAC,India,Haruto Sato,CRM Suite (annual),Software,24,783.0,18792.0,3360.0,15432.0
SO-2025-05228,2025-06-18,2025-06,North America,Canada,Liam Chen,Analytics Add-on,Software,13,360.0,4680.0,910.0,3770.0
SO-2025-03008,2025-06-18,2025-06,APAC,India,Priya Nair,UltraWide Monitor 34,Hardware,4,514.6,2058.4,1640.0,418.4
SO-2025-02347,2025-06-18,2025-06,APAC,Japan,Priya Nair,Security Suite,Software,4,679.0,2716.0,440.0,2276.0
SO-2025-01841,2025-06-18,2025-06,Europe,Spain,Oliver Smith,Security Suite,Software,23,581.0,13363.0,2530.0,10833.0
SO-2025-03574,2025-06-18,2025-06,APAC,Australia,Priya Nair,UltraWide Monitor 34,Hardware,1,514.6,514.6,410.0,104.6
SO-2025-01216,2025-06-18,2025-06,North America,Canada,Sofia Ramirez,Security Suite,Software,13,637.0,8281.0,1430.0,6851.0
SO-2025-00444,2025-06-18,2025-06,APAC,Australia,Haruto Sato,Mechanical Keyboard,Accessories,7,127.4,891.8,434.0,457.8
SO-2025-00224,2025-06-18,2025-06,North America,Canada,Sofia Ramirez,Wireless Mouse,Accessories,10,61.1,611.0,240.0,371.0
SO-2025-02158,2025-06-18,2025-06,APAC,India,Haruto Sato,Security Suite,Software,24,700.0,16800.0,2640.0,14160.0
SO-2025-03082,2025-06-18,2025-06,Europe,France,Emma Laurent,Wireless Mouse,Accessories,8,55.25,442.0,192.0,250.0
SO-2025-03930,2025-06-18,2025-06,Europe,Germany,Emma Laurent,Wireless Mouse,Accessories,9,64.35,579.15,216.0,363.15
SO-2025-03743,2025-06-18,2025-06,North America,Mexico,Sofia Ramirez,CRM Suite (annual),Software,14,783.0,10962.0,1960.0,9002.0
SO-2025-00913,2025-06-19,2025-06,North America,Canada,Ava Thompson,CRM Suite (annual),Software,7,837.0,5859.0,980.0,4879.0
SO-2025-00572,2025-06-19,2025-06,Europe,United Kingdom,Oliver Smith,UltraWide Monitor 34,Hardware,2,558.0,1116.0,820.0,296.0
SO-2025-02276,2025-06-19,2025-06,Europe,Spain,Noah Muller,Wireless Mouse,Accessories,4,59.8,239.2,96.0,143.2
SO-2025-03813,2025-06-19,2025-06,North America,Canada,Sofia Ramirez,Laptop Air 13,Hardware,4,955.5,3822.0,2800.0,1022.0
SO-2025-01347,2025-06-19,2025-06,APAC,India,Priya Nair,UltraWide Monitor 34,Hardware,4,551.8,2207.2,1640.0,567.2
SO-2025-03792,2025-06-19,2025-06,North America,United States,Sofia Ramirez,Laptop Air 13,Hardware,2,882.0,1764.0,1400.0,364.0
SO-2025-05921,2025-06-19,2025-06,Europe,Spain,Noah Muller,USB-C Dock,Accessories,6,171.0,1026.0,528.0,498.0
SO-2025-00314,2025-06-19,2025-06,North America,Mexico,Ava Thompson,Mechanical Keyboard,Accessories,2,113.1,226.2,124.0,102.2
SO-2025-00524,2025-06-19,2025-06,Europe,Germany,Oliver Smith,USB-C Dock,Accessories,3,176.4,529.2,264.0,265.2
SO-2025-03484,2025-06-19,2025-06,North America,Canada,Liam Chen,Wireless Mouse,Accessories,9,53.95,485.55,216.0,269.55
SO-2025-00136,2025-06-19,2025-06,North America,United States,Ava Thompson,Security Suite,Software,11,595.0,6545.0,1210.0,5335.0
SO-2025-01776,2025-06-19,2025-06,Europe,Germany,Noah Muller,USB-C Dock,Accessories,9,156.6,1409.4,792.0,617.4
SO-2025-02940,2025-06-19,2025-06,North America,Canada,Liam Chen,Security Suite,Software,18,700.0,12600.0,1980.0,10620.0
SO-2025-05386,2025-06-19,2025-06,North America,Mexico,Sofia Ramirez,USB-C Dock,Accessories,7,165.6,1159.2,616.0,543.2
SO-2025-00578,2025-06-19,2025-06,Europe,France,Noah Muller,UltraWide Monitor 34,Hardware,4,514.6,2058.4,1640.0,418.4
SO-2025-01031,2025-06-19,2025-06,North America,Canada,Liam Chen,Analytics Add-on,Software,16,373.5,5976.0,1120.0,4856.0
SO-2025-01439,2025-06-19,2025-06,North America,Mexico,Sofia Ramirez,Security Suite,Software,20,637.0,12740.0,2200.0,10540.0
SO-2025-03268,2025-06-19,2025-06,Europe,Germany,Oliver Smith,Laptop Pro 15,Hardware,3,1392.0,4176.0,2940.0,1236.0
SO-2025-02030,2025-06-19,2025-06,North America,United States,Ava Thompson,Laptop Air 13,Hardware,4,850.5,3402.0,2800.0,602.0
SO-2025-03417,2025-06-19,2025-06,Europe,Germany,Oliver Smith,USB-C Dock,Accessories,7,162.0,1134.0,616.0,518.0
SO-2025-02651,2025-06-20,2025-06,APAC,Australia,Priya Nair,Laptop Pro 15,Hardware,3,1261.5,3784.5,2940.0,844.5
SO-2025-05552,2025-06-20,2025-06,Europe,United Kingdom,Oliver Smith,Wireless Mouse,Accessories,6,63.05,378.3,144.0,234.3
SO-2025-05089,2025-06-20,2025-06,APAC,Australia,Chloe Wong,USB-C Dock,Accessories,2,180.0,360.0,176.0,184.0
SO-2025-02128,2025-06-20,2025-06,APAC,Singapore,Priya Nair,Mechanical Keyboard,Accessories,10,124.8,1248.0,620.0,628.0
SO-2025-03584,2025-06-20,2025-06,North America,United States,Ava Thompson,Laptop Air 13,Hardware,1,1029.0,1029.0,700.0,329.0
SO-2025-03583,2025-06-20,2025-06,APAC,India,Chloe Wong,Wireless Mouse,Accessories,5,57.2,286.0,120.0,166.0
SO-2025-03058,2025-06-20,2025-06,North America,Canada,Liam Chen,Wireless Mouse,Accessories,8,52.65,421.2,192.0,229.2
SO-2025-01927,2025-06-20,2025-06,North America,United States,Liam Chen,Security Suite,Software,21,637.0,13377.0,2310.0,11067.0
SO-2025-05833,2025-06-20,2025-06,North America,Mexico,Sofia Ramirez,Laptop Pro 15,Hardware,4,1174.5,4698.0,3920.0,778.0
SO-2025-01271,2025-06-20,2025-06,North America,United States,Sofia Ramirez,Analytics Add-on,Software,12,432.0,5184.0,840.0,4344.0
SO-2025-01178,2025-06-20,2025-06,APAC,India,Priya Nair,Security Suite,Software,16,560.0,8960.0,1760.0,7200.0
SO-2025-04207,2025-06-20,2025-06,North America,Mexico,Sofia Ramirez,Noise-Cancel Headset,Accessories,5,223.2,1116.0,590.0,526.0
SO-2025-05379,2025-06-20,2025-06,Europe,France,Oliver Smith,Security Suite,Software,12,588.0,7056.0,1320.0,5736.0
SO-2025-01152,2025-06-20,2025-06,APAC,Australia,Priya Nair,Laptop Pro 15,Hardware,4,1319.5,5278.0,3920.0,1358.0
SO-2025-05474,2025-06-20,2025-06,North America,Mexico,Sofia Ramirez,Analytics Add-on,Software,19,391.5,7438.5,1330.0,6108.5
SO-2025-05505,2025-06-20,2025-06,APAC,Australia,Priya Nair,Analytics Add-on,Software,12,360.0,4320.0,840.0,3480.0
SO-2025-00241,2025-06-20,2025-06,Europe,Germany,Emma Laurent,Security Suite,Software,24,658.0,15792.0,2640.0,13152.0
SO-2025-04093,2025-06-20,2025-06,North America,United States,Sofia Ramirez,UltraWide Monitor 34,Hardware,3,582.8,1748.4,1230.0,518.4
SO-2025-03739,2025-06-20,2025-06,Europe,United Kingdom,Noah Muller,USB-C Dock,Accessories,4,167.4,669.6,352.0,317.6
SO-2025-02953,2025-06-21,2025-06,APAC,India,Haruto Sato,Laptop Air 13,Hardware,2,840.0,1680.0,1400.0,280.0
SO-2025-03033,2025-06-21,2025-06,North America,United States,Sofia Ramirez,Laptop Air 13,Hardware,1,1029.0,1029.0,700.0,329.0
SO-2025-05632,2025-06-21,2025-06,Europe,Spain,Emma Laurent,Analytics Add-on,Software,19,409.5,7780.5,1330.0,6450.5
SO-2025-02819,2025-06-21,2025-06,North America,United States,Ava Thompson,Security Suite,Software,16,644.0,10304.0,1760.0,8544.0
SO-2025-03045,2025-06-21,2025-06,North America,Canada,Liam Chen,Security Suite,Software,22,588.0,12936.0,2420.0,10516.0
SO-2025-01091,2025-06-21,2025-06,North America,United States,Sofia Ramirez,USB-C Dock,Accessories,9,169.2,1522.8,792.0,730.8
SO-2025-05864,2025-06-21,2025-06,APAC,Singapore,Priya Nair,CRM Suite (annual),Software,7,765.0,5355.0,980.0,4375.0
SO-2025-01644,2025-06-21,2025-06,North America,United States,Ava Thompson,Noise-Cancel Headset,Accessories,9,192.0,1728.0,1062.0,666.0
SO-2025-01675,2025-06-21,2025-06,North America,Mexico,Sofia Ramirez,CRM Suite (annual),Software,1,855.0,855.0,140.0,715.0
SO-2025-01686,2025-06-21,2025-06,APAC,Singapore,Priya Nair,Laptop Pro 15,Hardware,2,1392.0,2784.0,1960.0,824.0
SO-2025-00461,2025-06-21,2025-06,North America,Canada,Ava Thompson,Security Suite,Software,14,595.0,8330.0,1540.0,6790.0
SO-2025-00442,2025-06-21,2025-06,North America,Canada,Ava Thompson,Laptop Pro 15,Hardware,3,1392.0,4176.0,2940.0,1236.0
SO-2025-00390,2025-06-21,2025-06,APAC,Japan,Priya Nair,CRM Suite (annual),Software,24,729.0,17496.0,3360.0,14136.0
SO-2025-00384,2025-06-21,2025-06,North America,United States,Liam Chen,Wireless Mouse,Accessories,4,58.5,234.0,96.0,138.0
SO-2025-03336,2025-06-21,2025-06,LATAM,Argentina,Mateo Silva,UltraWide Monitor 34,Hardware,4,520.8,2083.2,1640.0,443.2
SO-2025-03356,2025-06-21,2025-06,North America,Canada,Liam Chen,Security Suite,Software,17,616.0,10472.0,1870.0,8602.0
SO-2025-00219,2025-06-21,2025-06,LATAM,Brazil,Mateo Silva,Noise-Cancel Headset,Accessories,7,223.2,1562.4,826.0,736.4
SO-2025-00593,2025-06-21,2025-06,North America,United States,Ava Thompson,Wireless Mouse,Accessories,10,59.15,591.5,240.0,351.5
SO-2025-05113,2025-06-21,2025-06,North America,Mexico,Ava Thompson,CRM Suite (annual),Software,19,747.0,14193.0,2660.0,11533.0
SO-2025-01494,2025-06-21,2025-06,North America,Canada,Sofia Ramirez,Laptop Pro 15,Hardware,3,1435.5,4306.5,2940.0,1366.5
SO-2025-03543,2025-06-22,2025-06,Europe,Spain,Oliver Smith,Laptop Air 13,Hardware,3,882.0,2646.0,2100.0,546.0
SO-2025-00037,2025-06-22,2025-06,Europe,Spain,Emma Laurent,Security Suite,Software,3,700.0,2100.0,330.0,1770.0
SO-2025-03044,2025-06-22,2025-06,LATAM,Argentina,Camila Rojas,UltraWide Monitor 34,Hardware,3,520.8,1562.4,1230.0,332.4
SO-2025-00048,2025-06-22,2025-06,APAC,Australia,Priya Nair,Laptop Air 13,Hardware,1,966.0,966.0,700.0,266.0
SO-2025-01064,2025-06-22,2025-06,LATAM,Brazil,Camila Rojas,Wireless Mouse,Accessories,7,61.75,432.25,168.0,264.25
SO-2025-04337,2025-06-22,2025-06,Europe,Germany,Noah Muller,Wireless Mouse,Accessories,9,58.5,526.5,216.0,310.5
SO-2025-05300,2025-06-22,2025-06,North America,Mexico,Ava Thompson,CRM Suite (annual),Software,13,837.0,10881.0,1820.0,9061.0
SO-2025-01108,2025-06-22,2025-06,APAC,India,Priya Nair,USB-C Dock,Accessories,10,151.2,1512.0,880.0,632.0
SO-2025-00072,2025-06-22,2025-06,Europe,Spain,Oliver Smith,Laptop Air 13,Hardware,4,861.0,3444.0,2800.0,644.0
SO-2025-04030,2025-06-22,2025-06,North America,United States,Liam Chen,Noise-Cancel Headset,Accessories,7,194.4,1360.8,826.0,534.8
SO-2025-01634,2025-06-22,2025-06,APAC,Japan,Chloe Wong,Wireless Mouse,Accessories,6,63.7,382.2,144.0,238.2
SO-2025-04129,2025-06-22,2025-06,North America,Canada,Ava Thompson,Laptop Pro 15,Hardware,1,1160.0,1160.0,980.0,180.0
SO-2025-04370,2025-06-22,2025-06,Europe,Spain,Noah Muller,USB-C Dock,Accessories,5,158.4,792.0,440.0,352.0
SO-2025-05656,2025-06-22,2025-06,Europe,France,Noah Muller,Analytics Add-on,Software,22,409.5,9009.0,1540.0,7469.0
SO-2025-05437,2025-06-22,2025-06,APAC,Japan,Priya Nair,Noise-Cancel Headset,Accessories,7,194.4,1360.8,826.0,534.8
SO-2025-03535,2025-06-22,2025-06,APAC,Australia,Haruto Sato,Mechanical Keyboard,Accessories,4,107.9,431.6,248.0,183.6
SO-2025-05178,2025-06-22,2025-06,APAC,Australia,Haruto Sato,Laptop Pro 15,Hardware,2,1203.5,2407.0,1960.0,447.0
SO-2025-01121,2025-06-22,2025-06,North America,Mexico,Ava Thompson,Wireless Mouse,Accessories,1,61.75,61.75,24.0,37.75
SO-2025-04305,2025-06-22,2025-06,North America,Mexico,Sofia Ramirez,Laptop Air 13,Hardware,1,955.5,955.5,700.0,255.5
SO-2025-04126,2025-06-23,2025-06,Europe,United Kingdom,Noah Muller,Laptop Pro 15,Hardware,4,1334.0,5336.0,3920.0,1416.0
SO-2025-05606,2025-06-23,2025-06,Europe,United Kingdom,Oliver Smith,Wireless Mouse,Accessories,5,52.0,260.0,120.0,140.0
SO-2025-03215,2025-06-23,2025-06,APAC,Japan,Haruto Sato,Laptop Pro 15,Hardware,2,1392.0,2784.0,1960.0,824.0
SO-2025-03870,2025-06-23,2025-06,Europe,Spain,Noah Muller,Analytics Add-on,Software,9,418.5,3766.5,630.0,3136.5
SO-2025-04054,2025-06-23,2025-06,North America,United States,Ava Thompson,Noise-Cancel Headset,Accessories,9,194.4,1749.6,1062.0,687.6
SO-2025-00691,2025-06-23,2025-06,North America,Canada,Liam Chen,Analytics Add-on,Software,18,441.0,7938.0,1260.0,6678.0
SO-2025-02548,2025-06-23,2025-06,Europe,France,Emma Laurent,Mechanical Keyboard,Accessories,8,119.6,956.8,496.0,460.8
SO-2025-03469,2025-06-23,2025-06,APAC,Australia,Haruto Sato,Laptop Pro 15,Hardware,1,1435.5,1435.5,980.0,455.5
SO-2025-01163,2025-06-23,2025-06,North America,Mexico,Sofia Ramirez,Analytics Add-on,Software,19,423.0,8037.0,1330.0,6707.0
SO-2025-01810,2025-06-23,2025-06,APAC,Australia,Chloe Wong,CRM Suite (annual),Software,3,783.0,2349.0,420.0,1929.0
SO-2025-01162,2025-06-23,2025-06,Europe,United Kingdom,Oliver Smith,Security Suite,Software,14,679.0,9506.0,1540.0,7966.0
SO-2025-01975,2025-06-23,2025-06,North America,Mexico,Liam Chen,USB-C Dock,Accessories,3,171.0,513.0,264.0,249.0
SO-2025-01784,2025-06-23,2025-06,LATAM,Argentina,Camila Rojas,Wireless Mouse,Accessories,8,63.05,504.4,192.0,312.4
SO-2025-02445,2025-06-24,2025-06,Europe,Spain,Noah Muller,Wireless Mouse,Accessories,8,54.6,436.8,192.0,244.8
SO-2025-00736,2025-06-24,2025-06,North America,Mexico,Liam Chen,USB-C Dock,Accessories,6,160.2,961.2,528.0,433.2
SO-2025-05004,2025-06-24,2025-06,APAC,Singapore,Haruto Sato,CRM Suite (annual),Software,13,756.0,9828.0,1820.0,8008.0
SO-2025-04197,2025-06-24,2025-06,North America,United States,Sofia Ramirez,Laptop Air 13,Hardware,1,850.5,850.5,700.0,150.5
SO-2025-01244,2025-06-24,2025-06,North America,United States,Ava Thompson,Noise-Cancel Headset,Accessories,8,194.4,1555.2,944.0,611.2
SO-2025-01744,2025-06-24,2025-06,APAC,Australia,Haruto Sato,Wireless Mouse,Accessories,5,55.25,276.25,120.0,156.25
SO-2025-04834,2025-06-24,2025-06,APAC,Japan,Chloe Wong,Wireless Mouse,Accessories,1,59.15,59.15,24.0,35.15
SO-2025-03022,2025-06-24,2025-06,Europe,Spain,Emma Laurent,UltraWide Monitor 34,Hardware,1,527.0,527.0,410.0,117.0
SO-2025-02065,2025-06-24,2025-06,North America,United States,Liam Chen,Mechanical Keyboard,Accessories,9,111.8,1006.2,558.0,448.2
SO-2025-01115,2025-06-24,2025-06,North America,United States,Ava Thompson,Analytics Add-on,Software,10,409.5,4095.0,700.0,3395.0
SO-2025-02670,2025-06-24,2025-06,LATAM,Brazil,Diego Fernandez,Mechanical Keyboard,Accessories,2,122.2,244.4,124.0,120.4
SO-2025-00438,2025-06-24,2025-06,Europe,Germany,Emma Laurent,Wireless Mouse,Accessories,7,60.45,423.15,168.0,255.15
SO-2025-01275,2025-06-24,2025-06,APAC,India,Haruto Sato,Security Suite,Software,3,630.0,1890.0,330.0,1560.0
SO-2025-05778,2025-06-24,2025-06,Europe,United Kingdom,Emma Laurent,Security Suite,Software,20,574.0,11480.0,2200.0,9280.0
SO-2025-04070,2025-06-24,2025-06,North America,Mexico,Sofia Ramirez,Noise-Cancel Headset,Accessories,9,211.2,1900.8,1062.0,838.8
SO-2025-03920,2025-06-24,2025-06,Europe,United Kingdom,Oliver Smith,Noise-Cancel Headset,Accessories,9,208.8,1879.2,1062.0,817.2
SO-2025-00378,2025-06-24,2025-06,APAC,Japan,Priya Nair,Mechanical Keyboard,Accessories,5,126.1,630.5,310.0,320.5
SO-2025-03805,2025-06-24,2025-06,Europe,United Kingdom,Emma Laurent,Wireless Mouse,Accessories,8,55.9,447.2,192.0,255.2
SO-2025-05703,2025-06-24,2025-06,Europe,France,Noah Muller,UltraWide Monitor 34,Hardware,3,607.6,1822.8,1230.0,592.8
SO-2025-05721,2025-06-24,2025-06,APAC,Japan,Haruto Sato,Laptop Air 13,Hardware,2,976.5,1953.0,1400.0,553.0
SO-2025-00707,2025-06-25,2025-06,North America,Mexico,Liam Chen,CRM Suite (annual),Software,13,792.0,10296.0,1820.0,8476.0
SO-2025-02644,2025-06-25,2025-06,Europe,France,Emma Laurent,UltraWide Monitor 34,Hardware,1,601.4,601.4,410.0,191.4
SO-2025-05902,2025-06-25,2025-06,Europe,Spain,Noah Muller,USB-C Dock,Accessories,10,169.2,1692.0,880.0,812.0
SO-2025-01911,2025-06-25,2025-06,North America,Canada,Liam Chen,USB-C Dock,Accessories,5,151.2,756.0,440.0,316.0
SO-2025-05246,2025-06-25,2025-06,North America,Mexico,Liam Chen,Laptop Air 13,Hardware,4,945.0,3780.0,2800.0,980.0
SO-2025-05756,2025-06-25,2025-06,North America,United States,Sofia Ramirez,USB-C Dock,Accessories,2,147.6,295.2,176.0,119.2
SO-2025-01897,2025-06-25,2025-06,North America,Canada,Sofia Ramirez,Laptop Pro 15,Hardware,4,1261.5,5046.0,3920.0,1126.0
SO-2025-05882,2025-06-25,2025-06,APAC,Japan,Priya Nair,Laptop Pro 15,Hardware,2,1189.0,2378.0,1960.0,418.0
SO-2025-02361,2025-06-25,2025-06,Europe,United Kingdom,Noah Muller,USB-C Dock,Accessories,8,156.6,1252.8,704.0,548.8
SO-2025-00685,2025-06-25,2025-06,APAC,Japan,Haruto Sato,CRM Suite (annual),Software,8,729.0,5832.0,1120.0,4712.0
SO-2025-02980,2025-06-25,2025-06,APAC,India,Priya Nair,Laptop Air 13,Hardware,4,1008.0,4032.0,2800.0,1232.0
SO-2025-04549,2025-06-25,2025-06,Europe,United Kingdom,Noah Muller,Laptop Air 13,Hardware,2,1018.5,2037.0,1400.0,637.0
SO-2025-00255,2025-06-25,2025-06,Europe,Spain,Oliver Smith,CRM Suite (annual),Software,23,873.0,20079.0,3220.0,16859.0
SO-2025-05254,2025-06-25,2025-06,Europe,Spain,Emma Laurent,Security Suite,Software,23,700.0,16100.0,2530.0,13570.0
SO-2025-00325,2025-06-26,2025-06,Europe,Spain,Emma Laurent,Mechanical Keyboard,Accessories,2,130.0,260.0,124.0,136.0
SO-2025-04558,2025-06-26,2025-06,Europe,United Kingdom,Oliver Smith,CRM Suite (annual),Software,16,819.0,13104.0,2240.0,10864.0
SO-2025-04351,2025-06-26,2025-06,APAC,Singapore,Priya Nair,Laptop Air 13,Hardware,2,840.0,1680.0,1400.0,280.0
SO-2025-05237,2025-06-26,2025-06,Europe,Germany,Oliver Smith,Analytics Add-on,Software,18,364.5,6561.0,1260.0,5301.0
SO-2025-02695,2025-06-26,2025-06,APAC,Australia,Haruto Sato,Analytics Add-on,Software,14,369.0,5166.0,980.0,4186.0
SO-2025-05287,2025-06-26,2025-06,LATAM,Chile,Diego Fernandez,CRM Suite (annual),Software,21,765.0,16065.0,2940.0,13125.0
SO-2025-03848,2025-06-26,2025-06,Europe,United Kingdom,Emma Laurent,USB-C Dock,Accessories,5,154.8,774.0,440.0,334.0
SO-2025-05166,2025-06-26,2025-06,North America,United States,Sofia Ramirez,Wireless Mouse,Accessories,4,55.9,223.6,96.0,127.6
SO-2025-05635,2025-06-26,2025-06,Europe,Spain,Oliver Smith,Security Suite,Software,25,693.0,17325.0,2750.0,14575.0
SO-2025-03123,2025-06-26,2025-06,Europe,Germany,Emma Laurent,USB-C Dock,Accessories,1,163.8,163.8,88.0,75.8
SO-2025-02072,2025-06-26,2025-06,Europe,Spain,Noah Muller,Laptop Air 13,Hardware,4,892.5,3570.0,2800.0,770.0
SO-2025-01614,2025-06-26,2025-06,North America,Canada,Ava Thompson,USB-C Dock,Accessories,7,154.8,1083.6,616.0,467.6
SO-2025-03637,2025-06-27,2025-06,North America,Canada,Sofia Ramirez,Mechanical Keyboard,Accessories,6,127.4,764.4,372.0,392.4
SO-2025-04460,2025-06-27,2025-06,LATAM,Argentina,Camila Rojas,CRM Suite (annual),Software,1,846.0,846.0,140.0,706.0
SO-2025-00514,2025-06-27,2025-06,North America,Canada,Liam Chen,Analytics Add-on,Software,15,441.0,6615.0,1050.0,5565.0
SO-2025-02092,2025-06-27,2025-06,Europe,France,Noah Muller,Wireless Mouse,Accessories,10,59.8,598.0,240.0,358.0
SO-2025-00322,2025-06-27,2025-06,North America,Mexico,Sofia Ramirez,Security Suite,Software,13,567.0,7371.0,1430.0,5941.0
SO-2025-02635,2025-06-27,2025-06,Europe,United Kingdom,Noah Muller,USB-C Dock,Accessories,6,154.8,928.8,528.0,400.8
SO-2025-00333,2025-06-27,2025-06,APAC,Australia,Priya Nair,Mechanical Keyboard,Accessories,4,117.0,468.0,248.0,220.0
SO-2025-04681,2025-06-27,2025-06,North America,United States,Ava Thompson,Laptop Pro 15,Hardware,2,1363.0,2726.0,1960.0,766.0
SO-2025-03495,2025-06-27,2025-06,APAC,India,Chloe Wong,Wireless Mouse,Accessories,1,56.55,56.55,24.0,32.55
SO-2025-01168,2025-06-27,2025-06,North America,United States,Ava Thompson,CRM Suite (annual),Software,25,864.0,21600.0,3500.0,18100.0
SO-2025-00439,2025-06-27,2025-06,Europe,Germany,Noah Muller,Wireless Mouse,Accessories,1,61.1,61.1,24.0,37.1
SO-2025-04874,2025-06-27,2025-06,North America,Mexico,Liam Chen,Wireless Mouse,Accessories,3,63.05,189.15,72.0,117.15
SO-2025-04400,2025-06-27,2025-06,Europe,Spain,Oliver Smith,Mechanical Keyboard,Accessories,3,128.7,386.1,186.0,200.1
SO-2025-03112,2025-06-27,2025-06,North America,Mexico,Sofia Ramirez,Laptop Air 13,Hardware,2,924.0,1848.0,1400.0,448.0
SO-2025-05154,2025-06-27,2025-06,LATAM,Chile,Mateo Silva,CRM Suite (annual),Software,17,837.0,14229.0,2380.0,11849.0
SO-2025-01377,2025-06-27,2025-06,North America,United States,Ava Thompson,Analytics Add-on,Software,16,445.5,7128.0,1120.0,6008.0
SO-2025-02295,2025-06-27,2025-06,APAC,Singapore,Haruto Sato,Laptop Air 13,Hardware,2,955.5,1911.0,1400.0,511.0
SO-2025-02586,2025-06-27,2025-06,APAC,India,Haruto Sato,Mechanical Keyboard,Accessories,1,106.6,106.6,62.0,44.6
SO-2025-00639,2025-06-28,2025-06,North America,United States,Liam Chen,Laptop Air 13,Hardware,4,924.0,3696.0,2800.0,896.0
SO-2025-00074,2025-06-28,2025-06,Europe,United Kingdom,Emma Laurent,Mechanical Keyboard,Accessories,4,118.3,473.2,248.0,225.2
SO-2025-00704,2025-06-28,2025-06,Europe,Spain,Noah Muller,Laptop Air 13,Hardware,2,1039.5,2079.0,1400.0,679.0
SO-2025-05727,2025-06-28,2025-06,APAC,Singapore,Haruto Sato,Laptop Air 13,Hardware,3,997.5,2992.5,2100.0,892.5
SO-2025-05361,2025-06-28,2025-06,LATAM,Argentina,Camila Rojas,Wireless Mouse,Accessories,5,61.75,308.75,120.0,188.75
SO-2025-05007,2025-06-28,2025-06,APAC,Singapore,Haruto Sato,Mechanical Keyboard,Accessories,1,127.4,127.4,62.0,65.4
SO-2025-03323,2025-06-28,2025-06,Europe,United Kingdom,Noah Muller,USB-C Dock,Accessories,2,178.2,356.4,176.0,180.4
SO-2025-03748,2025-06-28,2025-06,North America,Mexico,Liam Chen,Noise-Cancel Headset,Accessories,3,216.0,648.0,354.0,294.0
SO-2025-01791,2025-06-28,2025-06,APAC,Australia,Chloe Wong,Laptop Air 13,Hardware,4,1039.5,4158.0,2800.0,1358.0
SO-2025-04184,2025-06-28,2025-06,APAC,Singapore,Haruto Sato,Wireless Mouse,Accessories,9,55.9,503.1,216.0,287.1
SO-2025-02866,2025-06-28,2025-06,APAC,India,Priya Nair,Wireless Mouse,Accessories,2,56.55,113.1,48.0,65.1
SO-2025-01664,2025-06-28,2025-06,LATAM,Chile,Mateo Silva,Analytics Add-on,Software,16,432.0,6912.0,1120.0,5792.0
SO-2025-05677,2025-06-28,2025-06,APAC,Australia,Chloe Wong,Mechanical Keyboard,Accessories,10,105.3,1053.0,620.0,433.0
SO-2025-01997,2025-06-28,2025-06,LATAM,Brazil,Camila Rojas,Mechanical Keyboard,Accessories,9,128.7,1158.3,558.0,600.3
SO-2025-04616,2025-06-28,2025-06,North America,Mexico,Sofia Ramirez,Mechanical Keyboard,Accessories,3,113.1,339.3,186.0,153.3
SO-2025-01986,2025-06-28,2025-06,Europe,Spain,Emma Laurent,UltraWide Monitor 34,Hardware,1,514.6,514.6,410.0,104.6
SO-2025-00451,2025-06-28,2025-06,APAC,Australia,Haruto Sato,Security Suite,Software,15,679.0,10185.0,1650.0,8535.0
SO-2025-04438,2025-06-28,2025-06,LATAM,Argentina,Camila Rojas,Laptop Pro 15,Hardware,4,1334.0,5336.0,3920.0,1416.0
SO-2025-00626,2025-06-28,2025-06,LATAM,Chile,Diego Fernandez,USB-C Dock,Accessories,8,165.6,1324.8,704.0,620.8
SO-2025-01424,2025-06-29,2025-06,APAC,Japan,Haruto Sato,USB-C Dock,Accessories,6,162.0,972.0,528.0,444.0
SO-2025-03530,2025-06-29,2025-06,North America,Canada,Ava Thompson,USB-C Dock,Accessories,9,176.4,1587.6,792.0,795.6
SO-2025-02669,2025-06-29,2025-06,Europe,United Kingdom,Noah Muller,Analytics Add-on,Software,5,445.5,2227.5,350.0,1877.5
SO-2025-05652,2025-06-29,2025-06,North America,Mexico,Ava Thompson,Noise-Cancel Headset,Accessories,10,194.4,1944.0,1180.0,764.0
SO-2025-05017,2025-06-29,2025-06,APAC,Singapore,Chloe Wong,CRM Suite (annual),Software,17,873.0,14841.0,2380.0,12461.0
SO-2025-04590,2025-06-29,2025-06,Europe,France,Emma Laurent,USB-C Dock,Accessories,7,153.0,1071.0,616.0,455.0
SO-2025-05630,2025-06-29,2025-06,LATAM,Chile,Mateo Silva,Noise-Cancel Headset,Accessories,5,213.6,1068.0,590.0,478.0
SO-2025-02824,2025-06-29,2025-06,LATAM,Chile,Diego Fernandez,Wireless Mouse,Accessories,4,59.15,236.6,96.0,140.6
SO-2025-01055,2025-06-29,2025-06,APAC,Singapore,Priya Nair,USB-C Dock,Accessories,2,160.2,320.4,176.0,144.4
SO-2025-01695,2025-06-29,2025-06,North America,Canada,Liam Chen,UltraWide Monitor 34,Hardware,3,576.6,1729.8,1230.0,499.8
SO-2025-01501,2025-06-29,2025-06,Europe,United Kingdom,Emma Laurent,USB-C Dock,Accessories,2,147.6,295.2,176.0,119.2
SO-2025-01164,2025-06-29,2025-06,LATAM,Brazil,Mateo Silva,Noise-Cancel Headset,Accessories,6,201.6,1209.6,708.0,501.6
SO-2025-01173,2025-06-29,2025-06,North America,Canada,Ava Thompson,Security Suite,Software,22,644.0,14168.0,2420.0,11748.0
SO-2025-04245,2025-06-29,2025-06,Europe,Spain,Emma Laurent,Mechanical Keyboard,Accessories,9,111.8,1006.2,558.0,448.2
SO-2025-04086,2025-06-29,2025-06,LATAM,Chile,Mateo Silva,Mechanical Keyboard,Accessories,1,113.1,113.1,62.0,51.1
SO-2025-03016,2025-06-29,2025-06,APAC,India,Haruto Sato,Noise-Cancel Headset,Accessories,9,218.4,1965.6,1062.0,903.6
SO-2025-03819,2025-06-29,2025-06,APAC,Japan,Priya Nair,Mechanical Keyboard,Accessories,5,119.6,598.0,310.0,288.0
SO-2025-04535,2025-06-29,2025-06,North America,Mexico,Ava Thompson,Wireless Mouse,Accessories,3,62.4,187.2,72.0,115.2
SO-2025-00200,2025-06-30,2025-06,North America,Canada,Liam Chen,Security Suite,Software,14,693.0,9702.0,1540.0,8162.0
SO-2025-05399,2025-06-30,2025-06,Europe,France,Noah Muller,Mechanical Keyboard,Accessories,5,117.0,585.0,310.0,275.0
SO-2025-04297,2025-06-30,2025-06,APAC,Australia,Chloe Wong,Security Suite,Software,19,609.0,11571.0,2090.0,9481.0
SO-2025-03359,2025-06-30,2025-06,North America,Mexico,Sofia Ramirez,Laptop Pro 15,Hardware,1,1406.5,1406.5,980.0,426.5
SO-2025-04105,2025-06-30,2025-06,Europe,Germany,Oliver Smith,Laptop Air 13,Hardware,1,934.5,934.5,700.0,234.5
SO-2025-00878,2025-06-30,2025-06,LATAM,Brazil,Mateo Silva,Laptop Air 13,Hardware,2,871.5,1743.0,1400.0,343.0
SO-2025-01757,2025-06-30,2025-06,North America,Mexico,Ava Thompson,Laptop Pro 15,Hardware,3,1421.0,4263.0,2940.0,1323.0
SO-2025-05074,2025-06-30,2025-06,Europe,France,Emma Laurent,CRM Suite (annual),Software,4,774.0,3096.0,560.0,2536.0
SO-2025-00769,2025-06-30,2025-06,North America,Canada,Ava Thompson,Mechanical Keyboard,Accessories,3,126.1,378.3,186.0,192.3
SO-2025-00699,2025-06-30,2025-06,LATAM,Brazil,Diego Fernandez,Security Suite,Software,6,658.0,3948.0,660.0,3288.0
SO-2025-04171,2025-06-30,2025-06,North America,United States,Ava Thompson,UltraWide Monitor 34,Hardware,4,502.2,2008.8,1640.0,368.8
SO-2025-03290,2025-06-30,2025-06,Europe,France,Noah Muller,Mechanical Keyboard,Accessories,2,126.1,252.2,124.0,128.2
SO-2025-03661,2025-07-01,2025-07,North America,United States,Ava Thompson,Security Suite,Software,16,644.0,10304.0,1760.0,8544.0
SO-2025-01610,2025-07-01,2025-07,Europe,Spain,Noah Muller,Noise-Cancel Headset,Accessories,3,216.0,648.0,354.0,294.0
SO-2025-00635,2025-07-01,2025-07,APAC,Singapore,Priya Nair,Mechanical Keyboard,Accessories,7,109.2,764.4,434.0,330.4
SO-2025-02744,2025-07-01,2025-07,North America,United States,Sofia Ramirez,UltraWide Monitor 34,Hardware,1,514.6,514.6,410.0,104.6
SO-2025-02747,2025-07-01,2025-07,North America,Mexico,Liam Chen,Laptop Air 13,Hardware,1,987.0,987.0,700.0,287.0
SO-2025-03046,2025-07-01,2025-07,North America,United States,Sofia Ramirez,CRM Suite (annual),Software,22,729.0,16038.0,3080.0,12958.0
SO-2025-04467,2025-07-01,2025-07,North America,Mexico,Liam Chen,Mechanical Keyboard,Accessories,10,127.4,1274.0,620.0,654.0
SO-2025-04755,2025-07-01,2025-07,LATAM,Chile,Camila Rojas,UltraWide Monitor 34,Hardware,2,582.8,1165.6,820.0,345.6
SO-2025-01339,2025-07-01,2025-07,LATAM,Brazil,Diego Fernandez,Wireless Mouse,Accessories,10,63.7,637.0,240.0,397.0
SO-2025-03152,2025-07-01,2025-07,Europe,Spain,Emma Laurent,Analytics Add-on,Software,12,405.0,4860.0,840.0,4020.0
SO-2025-02032,2025-07-01,2025-07,North America,Canada,Ava Thompson,Mechanical Keyboard,Accessories,8,106.6,852.8,496.0,356.8
SO-2025-05827,2025-07-01,2025-07,Europe,Germany,Noah Muller,Security Suite,Software,8,616.0,4928.0,880.0,4048.0
SO-2025-05741,2025-07-01,2025-07,Europe,Germany,Emma Laurent,Mechanical Keyboard,Accessories,7,126.1,882.7,434.0,448.7
SO-2025-01577,2025-07-01,2025-07,Europe,United Kingdom,Oliver Smith,UltraWide Monitor 34,Hardware,4,570.4,2281.6,1640.0,641.6
SO-2025-00816,2025-07-01,2025-07,North America,United States,Sofia Ramirez,Noise-Cancel Headset,Accessories,5,220.8,1104.0,590.0,514.0
SO-2025-03266,2025-07-02,2025-07,Europe,Spain,Oliver Smith,USB-C Dock,Accessories,7,169.2,1184.4,616.0,568.4
SO-2025-04927,2025-07-02,2025-07,APAC,India,Priya Nair,Laptop Air 13,Hardware,2,997.5,1995.0,1400.0,595.0
SO-2025-02391,2025-07-02,2025-07,North America,Mexico,Sofia Ramirez,USB-C Dock,Accessories,3,169.2,507.6,264.0,243.6
SO-2025-05383,2025-07-02,2025-07,LATAM,Argentina,Camila Rojas,Wireless Mouse,Accessories,5,54.6,273.0,120.0,153.0
SO-2025-02599,2025-07-02,2025-07,Europe,Spain,Noah Muller,Laptop Pro 15,Hardware,4,1305.0,5220.0,3920.0,1300.0
SO-2025-02330,2025-07-02,2025-07,North America,Mexico,Liam Chen,USB-C Dock,Accessories,2,163.8,327.6,176.0,151.6
SO-2025-05100,2025-07-02,2025-07,APAC,India,Haruto Sato,Analytics Add-on,Software,16,418.5,6696.0,1120.0,5576.0
SO-2025-04888,2025-07-02,2025-07,APAC,Japan,Priya Nair,Laptop Pro 15,Hardware,1,1392.0,1392.0,980.0,412.0
SO-2025-04581,2025-07-02,2025-07,North America,United States,Sofia Ramirez,Laptop Pro 15,Hardware,3,1348.5,4045.5,2940.0,1105.5
SO-2025-01814,2025-07-02,2025-07,Europe,United Kingdom,Noah Muller,UltraWide Monitor 34,Hardware,4,595.2,2380.8,1640.0,740.8
SO-2025-04646,2025-07-02,2025-07,Europe,United Kingdom,Oliver Smith,Analytics Add-on,Software,13,396.0,5148.0,910.0,4238.0
SO-2025-01595,2025-07-02,2025-07,LATAM,Chile,Diego Fernandez,Noise-Cancel Headset,Accessories,8,232.8,1862.4,944.0,918.4
SO-2025-05083,2025-07-02,2025-07,North America,United States,Liam Chen,USB-C Dock,Accessories,3,172.8,518.4,264.0,254.4
SO-2025-01619,2025-07-02,2025-07,North America,Canada,Liam Chen,Mechanical Keyboard,Accessories,10,111.8,1118.0,620.0,498.0
SO-2025-04489,2025-07-02,2025-07,Europe,United Kingdom,Oliver Smith,Analytics Add-on,Software,11,441.0,4851.0,770.0,4081.0
SO-2025-02101,2025-07-02,2025-07,APAC,Japan,Chloe Wong,Wireless Mouse,Accessories,5,62.4,312.0,120.0,192.0
SO-2025-02360,2025-07-03,2025-07,APAC,Australia,Haruto Sato,Wireless Mouse,Accessories,2,61.1,122.2,48.0,74.2
SO-2025-03607,2025-07-03,2025-07,APAC,Australia,Chloe Wong,Wireless Mouse,Accessories,7,59.15,414.05,168.0,246.05
SO-2025-01007,2025-07-03,2025-07,North America,Mexico,Liam Chen,Mechanical Keyboard,Accessories,4,126.1,504.4,248.0,256.4
SO-2025-00977,2025-07-03,2025-07,LATAM,Argentina,Camila Rojas,Laptop Air 13,Hardware,2,903.0,1806.0,1400.0,406.0
SO-2025-01010,2025-07-03,2025-07,North America,Canada,Liam Chen,Security Suite,Software,6,637.0,3822.0,660.0,3162.0
SO-2025-03590,2025-07-03,2025-07,Europe,Germany,Oliver Smith,Analytics Add-on,Software,23,396.0,9108.0,1610.0,7498.0
SO-2025-01240,2025-07-03,2025-07,Europe,Germany,Emma Laurent,Laptop Air 13,Hardware,4,1050.0,4200.0,2800.0,1400.0
SO-2025-05315,2025-07-03,2025-07,Europe,United Kingdom,Emma Laurent,Laptop Air 13,Hardware,3,976.5,2929.5,2100.0,829.5
SO-2025-02024,2025-07-03,2025-07,Europe,France,Oliver Smith,CRM Suite (annual),Software,12,747.0,8964.0,1680.0,7284.0
SO-2025-04357,2025-07-03,2025-07,North America,Mexico,Ava Thompson,UltraWide Monitor 34,Hardware,3,570.4,1711.2,1230.0,481.2
SO-2025-00021,2025-07-03,2025-07,LATAM,Chile,Mateo Silva,Laptop Air 13,Hardware,4,850.5,3402.0,2800.0,602.0
SO-2025-02600,2025-07-03,2025-07,APAC,Australia,Haruto Sato,Wireless Mouse,Accessories,7,56.55,395.85,168.0,227.85
SO-2025-05374,2025-07-03,2025-07,APAC,Japan,Chloe Wong,UltraWide Monitor 34,Hardware,3,613.8,1841.4,1230.0,611.4
SO-2025-01646,2025-07-03,2025-07,LATAM,Brazil,Diego Fernandez,Noise-Cancel Headset,Accessories,7,213.6,1495.2,826.0,669.2
SO-2025-04555,2025-07-03,2025-07,North America,United States,Sofia Ramirez,CRM Suite (annual),Software,14,846.0,11844.0,1960.0,9884.0
SO-2025-01862,2025-07-03,2025-07,North America,United States,Liam Chen,Laptop Air 13,Hardware,2,903.0,1806.0,1400.0,406.0
SO-2025-03391,2025-07-03,2025-07,North America,United States,Sofia Ramirez,Mechanical Keyboard,Accessories,1,128.7,128.7,62.0,66.7
SO-2025-05450,2025-07-04,2025-07,APAC,Singapore,Chloe Wong,Security Suite,Software,4,672.0,2688.0,440.0,2248.0
SO-2025-04639,2025-07-04,2025-07,North America,United States,Liam Chen,USB-C Dock,Accessories,10,172.8,1728.0,880.0,848.0
SO-2025-03937,2025-07-04,2025-07,North America,Canada,Liam Chen,Wireless Mouse,Accessories,6,56.55,339.3,144.0,195.3
SO-2025-00144,2025-07-04,2025-07,North America,Mexico,Ava Thompson,Wireless Mouse,Accessories,6,56.55,339.3,144.0,195.3
SO-2025-01471,2025-07-04,2025-07,Europe,United Kingdom,Emma Laurent,Security Suite,Software,7,630.0,4410.0,770.0,3640.0
SO-2025-03992,2025-07-04,2025-07,LATAM,Brazil,Diego Fernandez,Analytics Add-on,Software,25,409.5,10237.5,1750.0,8487.5
SO-2025-00463,2025-07-05,2025-07,APAC,Japan,Haruto Sato,Laptop Air 13,Hardware,2,871.5,1743.0,1400.0,343.0
SO-2025-01338,2025-07-05,2025-07,Europe,France,Noah Muller,Analytics Add-on,Software,22,414.0,9108.0,1540.0,7568.0
SO-2025-05954,2025-07-05,2025-07,APAC,Australia,Haruto Sato,Noise-Cancel Headset,Accessories,5,223.2,1116.0,590.0,526.0
SO-2025-04722,2025-07-05,2025-07,APAC,Australia,Chloe Wong,UltraWide Monitor 34,Hardware,3,570.4,1711.2,1230.0,481.2
SO-2025-03608,2025-07-05,2025-07,North America,Mexico,Ava Thompson,CRM Suite (annual),Software,1,774.0,774.0,140.0,634.0
SO-2025-03364,2025-07-05,2025-07,North America,Mexico,Liam Chen,Mechanical Keyboard,Accessories,7,114.4,800.8,434.0,366.8
SO-2025-00163,2025-07-05,2025-07,Europe,Germany,Noah Muller,Mechanical Keyboard,Accessories,9,120.9,1088.1,558.0,530.1
SO-2025-02809,2025-07-05,2025-07,North America,Mexico,Ava Thompson,Laptop Pro 15,Hardware,4,1392.0,5568.0,3920.0,1648.0
SO-2025-03694,2025-07-05,2025-07,Europe,Germany,Emma Laurent,Laptop Air 13,Hardware,1,987.0,987.0,700.0,287.0
SO-2025-02969,2025-07-05,2025-07,North America,Mexico,Ava Thompson,Mechanical Keyboard,Accessories,5,107.9,539.5,310.0,229.5
SO-2025-03931,2025-07-05,2025-07,APAC,Australia,Haruto Sato,CRM Suite (annual),Software,18,882.0,15876.0,2520.0,13356.0
SO-2025-04853,2025-07-05,2025-07,Europe,Spain,Noah Muller,Wireless Mouse,Accessories,5,55.25,276.25,120.0,156.25
SO-2025-00231,2025-07-05,2025-07,APAC,Australia,Haruto Sato,Wireless Mouse,Accessories,1,53.95,53.95,24.0,29.95
SO-2025-04311,2025-07-05,2025-07,Europe,France,Emma Laurent,Wireless Mouse,Accessories,8,60.45,483.6,192.0,291.6
SO-2025-05134,2025-07-05,2025-07,North America,United States,Liam Chen,Mechanical Keyboard,Accessories,9,113.1,1017.9,558.0,459.9
SO-2025-02298,2025-07-05,2025-07,North America,Mexico,Ava Thompson,Laptop Air 13,Hardware,3,966.0,2898.0,2100.0,798.0
SO-2025-01094,2025-07-06,2025-07,North America,Canada,Sofia Ramirez,CRM Suite (annual),Software,23,729.0,16767.0,3220.0,13547.0
SO-2025-02648,2025-07-06,2025-07,LATAM,Chile,Mateo Silva,Mechanical Keyboard,Accessories,6,128.7,772.2,372.0,400.2
SO-2025-01985,2025-07-06,2025-07,APAC,Australia,Priya Nair,Laptop Air 13,Hardware,2,913.5,1827.0,1400.0,427.0
SO-2025-02812,2025-07-06,2025-07,North America,Canada,Liam Chen,Analytics Add-on,Software,23,382.5,8797.5,1610.0,7187.5
SO-2025-00580,2025-07-06,2025-07,APAC,India,Priya Nair,USB-C Dock,Accessories,2,171.0,342.0,176.0,166.0
SO-2025-03740,2025-07-06,2025-07,North America,United States,Liam Chen,Analytics Add-on,Software,2,441.0,882.0,140.0,742.0
SO-2025-04979,2025-07-06,2025-07,Europe,Germany,Emma Laurent,Analytics Add-on,Software,24,436.5,10476.0,1680.0,8796.0
SO-2025-00234,2025-07-06,2025-07,Europe,Germany,Noah Muller,Noise-Cancel Headset,Accessories,10,223.2,2232.0,1180.0,1052.0
SO-2025-02779,2025-07-06,2025-07,Europe,Germany,Oliver Smith,USB-C Dock,Accessories,7,165.6,1159.2,616.0,543.2
SO-2025-01920,2025-07-06,2025-07,LATAM,Chile,Mateo Silva,Noise-Cancel Headset,Accessories,5,206.4,1032.0,590.0,442.0
SO-2025-01803,2025-07-06,2025-07,Europe,United Kingdom,Noah Muller,Laptop Air 13,Hardware,2,861.0,1722.0,1400.0,322.0
SO-2025-02661,2025-07-06,2025-07,North America,Canada,Ava Thompson,Laptop Air 13,Hardware,4,1008.0,4032.0,2800.0,1232.0
SO-2025-00018,2025-07-06,2025-07,Europe,United Kingdom,Oliver Smith,Mechanical Keyboard,Accessories,9,114.4,1029.6,558.0,471.6
SO-2025-00457,2025-07-06,2025-07,North America,United States,Sofia Ramirez,Noise-Cancel Headset,Accessories,7,237.6,1663.2,826.0,837.2
SO-2025-04031,2025-07-07,2025-07,APAC,Singapore,Haruto Sato,Security Suite,Software,13,567.0,7371.0,1430.0,5941.0
SO-2025-03236,2025-07-07,2025-07,North America,Canada,Liam Chen,CRM Suite (annual),Software,13,864.0,11232.0,1820.0,9412.0
SO-2025-00033,2025-07-07,2025-07,North America,United States,Sofia Ramirez,CRM Suite (annual),Software,2,765.0,1530.0,280.0,1250.0
SO-2025-04891,2025-07-07,2025-07,APAC,Japan,Haruto Sato,Noise-Cancel Headset,Accessories,10,199.2,1992.0,1180.0,812.0
SO-2025-02624,2025-07-07,2025-07,North America,Mexico,Liam Chen,Mechanical Keyboard,Accessories,8,109.2,873.6,496.0,377.6
SO-2025-02810,2025-07-07,2025-07,APAC,Japan,Chloe Wong,Wireless Mouse,Accessories,3,63.7,191.1,72.0,119.1
SO-2025-00517,2025-07-07,2025-07,Europe,Spain,Emma Laurent,Mechanical Keyboard,Accessories,1,109.2,109.2,62.0,47.2
SO-2025-01117,2025-07-07,2025-07,North America,United States,Liam Chen,Laptop Pro 15,Hardware,4,1276.0,5104.0,3920.0,1184.0
SO-2025-02335,2025-07-07,2025-07,APAC,Australia,Haruto Sato,CRM Suite (annual),Software,1,900.0,900.0,140.0,760.0
SO-2025-02337,2025-07-07,2025-07,North America,United States,Liam Chen,Laptop Air 13,Hardware,2,924.0,1848.0,1400.0,448.0
SO-2025-03663,2025-07-07,2025-07,Europe,Germany,Noah Muller,Noise-Cancel Headset,Accessories,1,201.6,201.6,118.0,83.6
SO-2025-02688,2025-07-07,2025-07,North America,Mexico,Ava Thompson,Laptop Pro 15,Hardware,4,1334.0,5336.0,3920.0,1416.0
SO-2025-03616,2025-07-07,2025-07,Europe,United Kingdom,Noah Muller,Wireless Mouse,Accessories,6,61.1,366.6,144.0,222.6
SO-2025-02784,2025-07-07,2025-07,North America,United States,Liam Chen,Wireless Mouse,Accessories,7,63.05,441.35,168.0,273.35
SO-2025-05523,2025-07-07,2025-07,North America,Mexico,Liam Chen,Analytics Add-on,Software,20,364.5,7290.0,1400.0,5890.0
SO-2025-05832,2025-07-07,2025-07,APAC,Singapore,Haruto Sato,Wireless Mouse,Accessories,6,53.95,323.7,144.0,179.7
SO-2025-00681,2025-07-07,2025-07,Europe,Germany,Oliver Smith,Noise-Cancel Headset,Accessories,9,228.0,2052.0,1062.0,990.0
SO-2025-03081,2025-07-07,2025-07,North America,United States,Liam Chen,Analytics Add-on,Software,10,423.0,4230.0,700.0,3530.0
SO-2025-02793,2025-07-07,2025-07,Europe,Spain,Oliver Smith,CRM Suite (annual),Software,17,864.0,14688.0,2380.0,12308.0
SO-2025-03453,2025-07-07,2025-07,LATAM,Brazil,Mateo Silva,Analytics Add-on,Software,19,441.0,8379.0,1330.0,7049.0
SO-2025-04568,2025-07-08,2025-07,North America,Canada,Liam Chen,Mechanical Keyboard,Accessories,7,111.8,782.6,434.0,348.6
SO-2025-05120,2025-07-08,2025-07,Europe,United Kingdom,Noah Muller,Noise-Cancel Headset,Accessories,4,225.6,902.4,472.0,430.4
SO-2025-03220,2025-07-08,2025-07,APAC,Australia,Chloe Wong,Security Suite,Software,7,686.0,4802.0,770.0,4032.0
SO-2025-03880,2025-07-08,2025-07,Europe,Germany,Emma Laurent,Laptop Air 13,Hardware,1,945.0,945.0,700.0,245.0
SO-2025-00448,2025-07-08,2025-07,APAC,Japan,Haruto Sato,CRM Suite (annual),Software,22,882.0,19404.0,3080.0,16324.0
SO-2025-02120,2025-07-08,2025-07,LATAM,Argentina,Mateo Silva,Wireless Mouse,Accessories,6,52.65,315.9,144.0,171.9
SO-2025-00201,2025-07-08,2025-07,Europe,United Kingdom,Emma Laurent,UltraWide Monitor 34,Hardware,3,502.2,1506.6,1230.0,276.6
SO-2025-05444,2025-07-08,2025-07,North America,United States,Liam Chen,Analytics Add-on,Software,22,432.0,9504.0,1540.0,7964.0
SO-2025-05400,2025-07-08,2025-07,Europe,Germany,Noah Muller,Laptop Air 13,Hardware,3,945.0,2835.0,2100.0,735.0
SO-2025-03509,2025-07-08,2025-07,North America,Mexico,Liam Chen,Wireless Mouse,Accessories,9,59.15,532.35,216.0,316.35
SO-2025-01551,2025-07-08,2025-07,North America,Canada,Sofia Ramirez,Analytics Add-on,Software,17,387.0,6579.0,1190.0,5389.0
SO-2025-01954,2025-07-08,2025-07,LATAM,Brazil,Mateo Silva,Laptop Pro 15,Hardware,1,1290.5,1290.5,980.0,310.5
SO-2025-00679,2025-07-08,2025-07,Europe,Spain,Noah Muller,Laptop Air 13,Hardware,1,945.0,945.0,700.0,245.0
SO-2025-02334,2025-07-08,2025-07,North America,United States,Liam Chen,Mechanical Keyboard,Accessories,9,105.3,947.7,558.0,389.7
SO-2025-01649,2025-07-08,2025-07,APAC,Singapore,Haruto Sato,Analytics Add-on,Software,15,405.0,6075.0,1050.0,5025.0
SO-2025-05802,2025-07-09,2025-07,APAC,Australia,Chloe Wong,CRM Suite (annual),Software,16,765.0,12240.0,2240.0,10000.0
SO-2025-03660,2025-07-09,2025-07,APAC,Japan,Haruto Sato,Wireless Mouse,Accessories,8,59.8,478.4,192.0,286.4
SO-2025-00066,2025-07-09,2025-07,APAC,India,Chloe Wong,Wireless Mouse,Accessories,4,61.75,247.0,96.0,151.0
SO-2025-02378,2025-07-09,2025-07,North America,United States,Liam Chen,Mechanical Keyboard,Accessories,1,107.9,107.9,62.0,45.9
SO-2025-04341,2025-07-09,2025-07,Europe,United Kingdom,Emma Laurent,Noise-Cancel Headset,Accessories,1,201.6,201.6,118.0,83.6
SO-2025-05676,2025-07-09,2025-07,Europe,Spain,Oliver Smith,Laptop Pro 15,Hardware,3,1450.0,4350.0,2940.0,1410.0
SO-2025-05470,2025-07-09,2025-07,Europe,Germany,Oliver Smith,Laptop Pro 15,Hardware,2,1319.5,2639.0,1960.0,679.0
SO-2025-05842,2025-07-10,2025-07,Europe,Spain,Noah Muller,Mechanical Keyboard,Accessories,6,110.5,663.0,372.0,291.0
SO-2025-04084,2025-07-10,2025-07,LATAM,Brazil,Camila Rojas,Noise-Cancel Headset,Accessories,8,199.2,1593.6,944.0,649.6
SO-2025-00197,2025-07-10,2025-07,APAC,Singapore,Haruto Sato,Analytics Add-on,Software,20,436.5,8730.0,1400.0,7330.0
SO-2025-00232,2025-07-10,2025-07,North America,Canada,Sofia Ramirez,UltraWide Monitor 34,Hardware,3,514.6,1543.8,1230.0,313.8
SO-2025-03436,2025-07-10,2025-07,North America,Canada,Sofia Ramirez,Laptop Air 13,Hardware,4,861.0,3444.0,2800.0,644.0
SO-2025-05434,2025-07-10,2025-07,APAC,Singapore,Chloe Wong,Laptop Air 13,Hardware,1,1018.5,1018.5,700.0,318.5
SO-2025-01864,2025-07-10,2025-07,North America,Canada,Liam Chen,CRM Suite (annual),Software,17,900.0,15300.0,2380.0,12920.0
SO-2025-01570,2025-07-10,2025-07,Europe,United Kingdom,Noah Muller,USB-C Dock,Accessories,7,153.0,1071.0,616.0,455.0
SO-2025-01475,2025-07-10,2025-07,APAC,Australia,Haruto Sato,Mechanical Keyboard,Accessories,3,128.7,386.1,186.0,200.1
SO-2025-04840,2025-07-10,2025-07,APAC,Singapore,Priya Nair,Laptop Pro 15,Hardware,2,1305.0,2610.0,1960.0,650.0
SO-2025-02803,2025-07-10,2025-07,APAC,Australia,Priya Nair,Laptop Pro 15,Hardware,2,1406.5,2813.0,1960.0,853.0
SO-2025-05072,2025-07-10,2025-07,Europe,Germany,Noah Muller,CRM Suite (annual),Software,25,828.0,20700.0,3500.0,17200.0
SO-2025-04856,2025-07-10,2025-07,Europe,Spain,Noah Muller,USB-C Dock,Accessories,4,174.6,698.4,352.0,346.4
SO-2025-02271,2025-07-10,2025-07,LATAM,Brazil,Mateo Silva,Analytics Add-on,Software,14,360.0,5040.0,980.0,4060.0
SO-2025-00371,2025-07-11,2025-07,APAC,India,Chloe Wong,USB-C Dock,Accessories,10,149.4,1494.0,880.0,614.0
SO-2025-03863,2025-07-11,2025-07,APAC,Australia,Haruto Sato,Laptop Air 13,Hardware,2,892.5,1785.0,1400.0,385.0
SO-2025-03084,2025-07-11,2025-07,North America,Mexico,Ava Thompson,Analytics Add-on,Software,21,445.5,9355.5,1470.0,7885.5
SO-2025-04810,2025-07-11,2025-07,APAC,India,Haruto Sato,USB-C Dock,Accessories,10,153.0,1530.0,880.0,650.0
SO-2025-04965,2025-07-11,2025-07,North America,United States,Ava Thompson,Wireless Mouse,Accessories,3,59.15,177.45,72.0,105.45
SO-2025-00515,2025-07-11,2025-07,North America,Canada,Sofia Ramirez,Noise-Cancel Headset,Accessories,2,220.8,441.6,236.0,205.6
SO-2025-04220,2025-07-11,2025-07,Europe,United Kingdom,Oliver Smith,Laptop Pro 15,Hardware,4,1276.0,5104.0,3920.0,1184.0
SO-2025-00687,2025-07-11,2025-07,North America,Mexico,Ava Thompson,UltraWide Monitor 34,Hardware,3,551.8,1655.4,1230.0,425.4
SO-2025-03396,2025-07-11,2025-07,Europe,France,Noah Muller,Security Suite,Software,5,693.0,3465.0,550.0,2915.0
SO-2025-03428,2025-07-11,2025-07,Europe,Spain,Noah Muller,Wireless Mouse,Accessories,8,57.85,462.8,192.0,270.8
SO-2025-02917,2025-07-11,2025-07,APAC,Australia,Priya Nair,Laptop Pro 15,Hardware,2,1348.5,2697.0,1960.0,737.0
SO-2025-03176,2025-07-11,2025-07,Europe,Spain,Oliver Smith,Analytics Add-on,Software,10,387.0,3870.0,700.0,3170.0
SO-2025-04015,2025-07-11,2025-07,LATAM,Chile,Diego Fernandez,Laptop Pro 15,Hardware,4,1319.5,5278.0,3920.0,1358.0
SO-2025-01098,2025-07-11,2025-07,Europe,Spain,Emma Laurent,Wireless Mouse,Accessories,8,61.1,488.8,192.0,296.8
SO-2025-00642,2025-07-11,2025-07,Europe,Spain,Emma Laurent,Wireless Mouse,Accessories,1,60.45,60.45,24.0,36.45
SO-2025-00095,2025-07-11,2025-07,North America,United States,Liam Chen,Security Suite,Software,16,686.0,10976.0,1760.0,9216.0
SO-2025-04390,2025-07-11,2025-07,Europe,Germany,Oliver Smith,Noise-Cancel Headset,Accessories,9,196.8,1771.2,1062.0,709.2
SO-2025-02757,2025-07-12,2025-07,Europe,France,Emma Laurent,Mechanical Keyboard,Accessories,10,120.9,1209.0,620.0,589.0
SO-2025-03923,2025-07-12,2025-07,Europe,Spain,Oliver Smith,Wireless Mouse,Accessories,2,61.1,122.2,48.0,74.2
SO-2025-00393,2025-07-12,2025-07,Europe,France,Noah Muller,Mechanical Keyboard,Accessories,5,110.5,552.5,310.0,242.5
SO-2025-04860,2025-07-12,2025-07,North America,Canada,Liam Chen,Laptop Air 13,Hardware,4,1029.0,4116.0,2800.0,1316.0
SO-2025-05573,2025-07-12,2025-07,Europe,Germany,Oliver Smith,CRM Suite (annual),Software,4,828.0,3312.0,560.0,2752.0
SO-2025-01409,2025-07-12,2025-07,Europe,France,Emma Laurent,CRM Suite (annual),Software,17,765.0,13005.0,2380.0,10625.0
SO-2025-03760,2025-07-12,2025-07,North America,Mexico,Sofia Ramirez,UltraWide Monitor 34,Hardware,2,539.4,1078.8,820.0,258.8
SO-2025-05079,2025-07-12,2025-07,Europe,Spain,Noah Muller,USB-C Dock,Accessories,2,145.8,291.6,176.0,115.6
SO-2025-02534,2025-07-12,2025-07,Europe,France,Emma Laurent,Analytics Add-on,Software,13,409.5,5323.5,910.0,4413.5
SO-2025-05812,2025-07-12,2025-07,Europe,Spain,Emma Laurent,USB-C Dock,Accessories,3,178.2,534.6,264.0,270.6
SO-2025-00562,2025-07-12,2025-07,APAC,Singapore,Chloe Wong,Laptop Air 13,Hardware,1,871.5,871.5,700.0,171.5
SO-2025-01730,2025-07-12,2025-07,North America,Mexico,Liam Chen,Wireless Mouse,Accessories,4,59.15,236.6,96.0,140.6
SO-2025-01323,2025-07-12,2025-07,APAC,Singapore,Priya Nair,Analytics Add-on,Software,22,436.5,9603.0,1540.0,8063.0
SO-2025-00155,2025-07-13,2025-07,Europe,United Kingdom,Emma Laurent,CRM Suite (annual),Software,15,891.0,13365.0,2100.0,11265.0
SO-2025-01195,2025-07-13,2025-07,North America,Mexico,Ava Thompson,Security Suite,Software,18,644.0,11592.0,1980.0,9612.0
SO-2025-04251,2025-07-13,2025-07,APAC,Australia,Haruto Sato,Security Suite,Software,18,700.0,12600.0,1980.0,10620.0
SO-2025-05440,2025-07-13,2025-07,APAC,Japan,Chloe Wong,Wireless Mouse,Accessories,10,54.6,546.0,240.0,306.0
SO-2025-04570,2025-07-13,2025-07,Europe,United Kingdom,Noah Muller,Analytics Add-on,Software,11,445.5,4900.5,770.0,4130.5
SO-2025-01434,2025-07-13,2025-07,North America,United States,Liam Chen,Wireless Mouse,Accessories,3,54.6,163.8,72.0,91.8
SO-2025-02536,2025-07-13,2025-07,North America,United States,Liam Chen,USB-C Dock,Accessories,5,169.2,846.0,440.0,406.0
SO-2025-01600,2025-07-13,2025-07,North America,United States,Sofia Ramirez,Laptop Air 13,Hardware,4,892.5,3570.0,2800.0,770.0
SO-2025-02046,2025-07-14,2025-07,North America,Mexico,Sofia Ramirez,Security Suite,Software,18,595.0,10710.0,1980.0,8730.0
SO-2025-04032,2025-07-14,2025-07,North America,United States,Liam Chen,Security Suite,Software,10,595.0,5950.0,1100.0,4850.0
SO-2025-00711,2025-07-14,2025-07,North America,United States,Sofia Ramirez,USB-C Dock,Accessories,3,163.8,491.4,264.0,227.4
SO-2025-00848,2025-07-14,2025-07,Europe,United Kingdom,Emma Laurent,Laptop Air 13,Hardware,1,871.5,871.5,700.0,171.5
SO-2025-05337,2025-07-14,2025-07,North America,Mexico,Ava Thompson,Wireless Mouse,Accessories,10,59.8,598.0,240.0,358.0
SO-2025-04842,2025-07-14,2025-07,North America,Canada,Sofia Ramirez,USB-C Dock,Accessories,2,156.6,313.2,176.0,137.2
SO-2025-02007,2025-07-14,2025-07,North America,Canada,Ava Thompson,Analytics Add-on,Software,7,445.5,3118.5,490.0,2628.5
SO-2025-05270,2025-07-14,2025-07,LATAM,Argentina,Diego Fernandez,Noise-Cancel Headset,Accessories,6,213.6,1281.6,708.0,573.6
SO-2025-05381,2025-07-14,2025-07,North America,Canada,Liam Chen,Laptop Pro 15,Hardware,2,1189.0,2378.0,1960.0,418.0
SO-2025-03265,2025-07-14,2025-07,North America,United States,Ava Thompson,Wireless Mouse,Accessories,9,63.7,573.3,216.0,357.3
SO-2025-03562,2025-07-14,2025-07,North America,Mexico,Liam Chen,Analytics Add-on,Software,1,378.0,378.0,70.0,308.0
SO-2025-04523,2025-07-14,2025-07,APAC,Japan,Priya Nair,Security Suite,Software,19,693.0,13167.0,2090.0,11077.0
SO-2025-01722,2025-07-14,2025-07,APAC,Singapore,Haruto Sato,Analytics Add-on,Software,21,450.0,9450.0,1470.0,7980.0
SO-2025-01490,2025-07-15,2025-07,Europe,United Kingdom,Oliver Smith,CRM Suite (annual),Software,2,729.0,1458.0,280.0,1178.0
SO-2025-04903,2025-07-15,2025-07,APAC,India,Priya Nair,Mechanical Keyboard,Accessories,7,127.4,891.8,434.0,457.8
SO-2025-00183,2025-07-15,2025-07,Europe,United Kingdom,Emma Laurent,Security Suite,Software,19,609.0,11571.0,2090.0,9481.0
SO-2025-00112,2025-07-15,2025-07,APAC,Australia,Priya Nair,USB-C Dock,Accessories,5,163.8,819.0,440.0,379.0
SO-2025-03679,2025-07-15,2025-07,APAC,Australia,Chloe Wong,USB-C Dock,Accessories,2,171.0,342.0,176.0,166.0
SO-2025-03759,2025-07-15,2025-07,Europe,France,Emma Laurent,Analytics Add-on,Software,19,369.0,7011.0,1330.0,5681.0
SO-2025-05927,2025-07-15,2025-07,North America,Mexico,Liam Chen,Laptop Pro 15,Hardware,4,1290.5,5162.0,3920.0,1242.0
SO-2025-01191,2025-07-15,2025-07,North America,Canada,Ava Thompson,CRM Suite (annual),Software,23,891.0,20493.0,3220.0,17273.0
SO-2025-05792,2025-07-15,2025-07,APAC,Australia,Chloe Wong,Wireless Mouse,Accessories,9,57.85,520.65,216.0,304.65
SO-2025-03569,2025-07-15,2025-07,North America,Mexico,Sofia Ramirez,Wireless Mouse,Accessories,5,54.6,273.0,120.0,153.0
SO-2025-05028,2025-07-15,2025-07,APAC,India,Haruto Sato,Analytics Add-on,Software,24,369.0,8856.0,1680.0,7176.0
SO-2025-00276,2025-07-15,2025-07,APAC,India,Priya Nair,CRM Suite (annual),Software,16,765.0,12240.0,2240.0,10000.0
SO-2025-04806,2025-07-15,2025-07,LATAM,Brazil,Camila Rojas,Mechanical Keyboard,Accessories,10,128.7,1287.0,620.0,667.0
SO-2025-03980,2025-07-15,2025-07,Europe,Spain,Oliver Smith,Noise-Cancel Headset,Accessories,9,211.2,1900.8,1062.0,838.8
SO-2025-01829,2025-07-15,2025-07,Europe,Spain,Emma Laurent,Mechanical Keyboard,Accessories,6,113.1,678.6,372.0,306.6
SO-2025-02855,2025-07-15,2025-07,North America,United States,Sofia Ramirez,Analytics Add-on,Software,6,432.0,2592.0,420.0,2172.0
SO-2025-03203,2025-07-15,2025-07,Europe,United Kingdom,Noah Muller,Analytics Add-on,Software,8,409.5,3276.0,560.0,2716.0
SO-2025-04725,2025-07-15,2025-07,LATAM,Brazil,Mateo Silva,Wireless Mouse,Accessories,8,56.55,452.4,192.0,260.4
SO-2025-03255,2025-07-15,2025-07,North America,Canada,Ava Thompson,Mechanical Keyboard,Accessories,1,128.7,128.7,62.0,66.7
SO-2025-01771,2025-07-15,2025-07,Europe,Germany,Emma Laurent,Laptop Air 13,Hardware,4,913.5,3654.0,2800.0,854.0
SO-2025-03242,2025-07-15,2025-07,North America,Mexico,Ava Thompson,USB-C Dock,Accessories,3,160.2,480.6,264.0,216.6
SO-2025-01968,2025-07-16,2025-07,Europe,Germany,Emma Laurent,Mechanical Keyboard,Accessories,8,104.0,832.0,496.0,336.0
SO-2025-05107,2025-07-16,2025-07,Europe,United Kingdom,Noah Muller,Wireless Mouse,Accessories,2,59.8,119.6,48.0,71.6
SO-2025-00545,2025-07-16,2025-07,North America,Mexico,Ava Thompson,Mechanical Keyboard,Accessories,2,105.3,210.6,124.0,86.6
SO-2025-00719,2025-07-16,2025-07,Europe,United Kingdom,Oliver Smith,Analytics Add-on,Software,8,432.0,3456.0,560.0,2896.0
SO-2025-04452,2025-07-16,2025-07,Europe,Spain,Oliver Smith,Wireless Mouse,Accessories,8,60.45,483.6,192.0,291.6
SO-2025-01959,2025-07-16,2025-07,North America,United States,Liam Chen,USB-C Dock,Accessories,9,149.4,1344.6,792.0,552.6
SO-2025-01322,2025-07-16,2025-07,LATAM,Argentina,Diego Fernandez,Security Suite,Software,4,567.0,2268.0,440.0,1828.0
SO-2025-01965,2025-07-16,2025-07,APAC,Singapore,Chloe Wong,Laptop Pro 15,Hardware,1,1290.5,1290.5,980.0,310.5
SO-2025-02404,2025-07-16,2025-07,LATAM,Brazil,Mateo Silva,Analytics Add-on,Software,6,396.0,2376.0,420.0,1956.0
SO-2025-05669,2025-07-16,2025-07,North America,Mexico,Sofia Ramirez,Noise-Cancel Headset,Accessories,6,237.6,1425.6,708.0,717.6
SO-2025-03122,2025-07-16,2025-07,North America,Mexico,Liam Chen,Mechanical Keyboard,Accessories,4,105.3,421.2,248.0,173.2
SO-2025-01924,2025-07-16,2025-07,Europe,France,Oliver Smith,Security Suite,Software,24,623.0,14952.0,2640.0,12312.0
SO-2025-02578,2025-07-17,2025-07,North America,Mexico,Liam Chen,Analytics Add-on,Software,4,382.5,1530.0,280.0,1250.0
SO-2025-01104,2025-07-17,2025-07,LATAM,Brazil,Camila Rojas,UltraWide Monitor 34,Hardware,2,564.2,1128.4,820.0,308.4
SO-2025-02482,2025-07-17,2025-07,LATAM,Brazil,Diego Fernandez,Security Suite,Software,1,679.0,679.0,110.0,569.0
SO-2025-05614,2025-07-17,2025-07,APAC,India,Chloe Wong,Security Suite,Software,15,651.0,9765.0,1650.0,8115.0
SO-2025-02656,2025-07-17,2025-07,North America,Mexico,Liam Chen,Security Suite,Software,18,644.0,11592.0,1980.0,9612.0
SO-2025-05763,2025-07-17,2025-07,Europe,Spain,Noah Muller,Wireless Mouse,Accessories,1,60.45,60.45,24.0,36.45
SO-2025-04075,2025-07-17,2025-07,Europe,France,Noah Muller,Security Suite,Software,15,644.0,9660.0,1650.0,8010.0
SO-2025-00979,2025-07-17,2025-07,Europe,United Kingdom,Emma Laurent,Noise-Cancel Headset,Accessories,10,201.6,2016.0,1180.0,836.0
SO-2025-04743,2025-07-17,2025-07,Europe,France,Noah Muller,Security Suite,Software,5,595.0,2975.0,550.0,2425.0
SO-2025-04613,2025-07-17,2025-07,Europe,France,Oliver Smith,Mechanical Keyboard,Accessories,7,120.9,846.3,434.0,412.3
SO-2025-03981,2025-07-17,2025-07,North America,United States,Sofia Ramirez,UltraWide Monitor 34,Hardware,1,613.8,613.8,410.0,203.8
SO-2025-05159,2025-07-17,2025-07,LATAM,Brazil,Mateo Silva,Security Suite,Software,10,595.0,5950.0,1100.0,4850.0
SO-2025-01044,2025-07-17,2025-07,Europe,United Kingdom,Emma Laurent,Laptop Pro 15,Hardware,4,1290.5,5162.0,3920.0,1242.0
SO-2025-03767,2025-07-17,2025-07,North America,Canada,Ava Thompson,UltraWide Monitor 34,Hardware,3,539.4,1618.2,1230.0,388.2
SO-2025-03054,2025-07-17,2025-07,North America,Mexico,Liam Chen,Wireless Mouse,Accessories,4,52.65,210.6,96.0,114.6
SO-2025-02974,2025-07-18,2025-07,Europe,Spain,Emma Laurent,Laptop Pro 15,Hardware,3,1261.5,3784.5,2940.0,844.5
SO-2025-02710,2025-07-18,2025-07,North America,Mexico,Liam Chen,Mechanical Keyboard,Accessories,8,123.5,988.0,496.0,492.0
SO-2025-02266,2025-07-18,2025-07,APAC,India,Priya Nair,Laptop Air 13,Hardware,2,850.5,1701.0,1400.0,301.0
SO-2025-01431,2025-07-18,2025-07,APAC,Singapore,Haruto Sato,UltraWide Monitor 34,Hardware,2,582.8,1165.6,820.0,345.6
SO-2025-02365,2025-07-18,2025-07,Europe,Germany,Emma Laurent,Mechanical Keyboard,Accessories,9,115.7,1041.3,558.0,483.3
SO-2025-05886,2025-07-18,2025-07,North America,United States,Ava Thompson,Analytics Add-on,Software,20,445.5,8910.0,1400.0,7510.0
SO-2025-02220,2025-07-18,2025-07,Europe,France,Emma Laurent,Laptop Air 13,Hardware,2,955.5,1911.0,1400.0,511.0
SO-2025-05047,2025-07-18,2025-07,Europe,Germany,Oliver Smith,Security Suite,Software,2,616.0,1232.0,220.0,1012.0
SO-2025-05251,2025-07-18,2025-07,APAC,Australia,Chloe Wong,Wireless Mouse,Accessories,2,53.3,106.6,48.0,58.6
SO-2025-05591,2025-07-18,2025-07,APAC,India,Chloe Wong,Wireless Mouse,Accessories,6,62.4,374.4,144.0,230.4
SO-2025-01330,2025-07-18,2025-07,North America,Canada,Ava Thompson,Noise-Cancel Headset,Accessories,6,213.6,1281.6,708.0,573.6
SO-2025-00026,2025-07-18,2025-07,North America,Mexico,Sofia Ramirez,Wireless Mouse,Accessories,8,54.6,436.8,192.0,244.8
SO-2025-03956,2025-07-18,2025-07,North America,Canada,Liam Chen,Noise-Cancel Headset,Accessories,1,211.2,211.2,118.0,93.2
SO-2025-02382,2025-07-18,2025-07,North America,Canada,Ava Thompson,Wireless Mouse,Accessories,7,58.5,409.5,168.0,241.5
SO-2025-00906,2025-07-18,2025-07,APAC,Singapore,Priya Nair,USB-C Dock,Accessories,3,162.0,486.0,264.0,222.0
SO-2025-02127,2025-07-18,2025-07,APAC,India,Priya Nair,Laptop Air 13,Hardware,2,850.5,1701.0,1400.0,301.0
SO-2025-01100,2025-07-18,2025-07,Europe,France,Noah Muller,Laptop Air 13,Hardware,1,976.5,976.5,700.0,276.5
SO-2025-03550,2025-07-18,2025-07,Europe,United Kingdom,Noah Muller,CRM Suite (annual),Software,10,783.0,7830.0,1400.0,6430.0
SO-2025-01727,2025-07-19,2025-07,LATAM,Argentina,Mateo Silva,Mechanical Keyboard,Accessories,6,113.1,678.6,372.0,306.6
SO-2025-04768,2025-07-19,2025-07,APAC,Singapore,Haruto Sato,Mechanical Keyboard,Accessories,5,106.6,533.0,310.0,223.0
SO-2025-04208,2025-07-19,2025-07,North America,Mexico,Liam Chen,Security Suite,Software,1,574.0,574.0,110.0,464.0
SO-2025-04296,2025-07-19,2025-07,North America,Canada,Sofia Ramirez,Wireless Mouse,Accessories,1,63.05,63.05,24.0,39.05
SO-2025-04350,2025-07-19,2025-07,North America,Canada,Liam Chen,Wireless Mouse,Accessories,2,57.85,115.7,48.0,67.7
SO-2025-03075,2025-07-19,2025-07,North America,Canada,Ava Thompson,CRM Suite (annual),Software,21,738.0,15498.0,2940.0,12558.0
SO-2025-03260,2025-07-19,2025-07,APAC,Australia,Priya Nair,Laptop Air 13,Hardware,3,903.0,2709.0,2100.0,609.0
SO-2025-02519,2025-07-19,2025-07,Europe,Germany,Oliver Smith,UltraWide Monitor 34,Hardware,3,514.6,1543.8,1230.0,313.8
SO-2025-04869,2025-07-19,2025-07,Europe,Spain,Emma Laurent,USB-C Dock,Accessories,10,147.6,1476.0,880.0,596.0
SO-2025-05000,2025-07-19,2025-07,North America,Mexico,Ava Thompson,Laptop Pro 15,Hardware,4,1218.0,4872.0,3920.0,952.0
SO-2025-05413,2025-07-19,2025-07,LATAM,Chile,Camila Rojas,Security Suite,Software,1,588.0,588.0,110.0,478.0
SO-2025-01282,2025-07-19,2025-07,APAC,Australia,Priya Nair,Mechanical Keyboard,Accessories,3,123.5,370.5,186.0,184.5
SO-2025-04579,2025-07-19,2025-07,APAC,Japan,Priya Nair,Laptop Air 13,Hardware,2,934.5,1869.0,1400.0,469.0
SO-2025-01095,2025-07-19,2025-07,Europe,United Kingdom,Noah Muller,UltraWide Monitor 34,Hardware,2,564.2,1128.4,820.0,308.4
SO-2025-03485,2025-07-19,2025-07,APAC,Australia,Priya Nair,Noise-Cancel Headset,Accessories,2,194.4,388.8,236.0,152.8
SO-2025-04414,2025-07-20,2025-07,APAC,Singapore,Haruto Sato,Noise-Cancel Headset,Accessories,6,216.0,1296.0,708.0,588.0
SO-2025-02542,2025-07-20,2025-07,LATAM,Chile,Mateo Silva,CRM Suite (annual),Software,14,873.0,12222.0,1960.0,10262.0
SO-2025-02017,2025-07-20,2025-07,North America,Canada,Ava Thompson,Analytics Add-on,Software,19,441.0,8379.0,1330.0,7049.0
SO-2025-03024,2025-07-20,2025-07,North America,Mexico,Sofia Ramirez,Security Suite,Software,16,686.0,10976.0,1760.0,9216.0
SO-2025-05866,2025-07-20,2025-07,North America,Mexico,Ava Thompson,UltraWide Monitor 34,Hardware,1,545.6,545.6,410.0,135.6
SO-2025-05943,2025-07-20,2025-07,North America,Mexico,Ava Thompson,Laptop Air 13,Hardware,2,850.5,1701.0,1400.0,301.0
SO-2025-04082,2025-07-20,2025-07,APAC,Singapore,Priya Nair,Wireless Mouse,Accessories,6,59.15,354.9,144.0,210.9
SO-2025-01939,2025-07-20,2025-07,Europe,Spain,Noah Muller,Wireless Mouse,Accessories,6,64.35,386.1,144.0,242.1
SO-2025-00142,2025-07-20,2025-07,APAC,India,Chloe Wong,UltraWide Monitor 34,Hardware,1,539.4,539.4,410.0,129.4
SO-2025-02396,2025-07-20,2025-07,North America,United States,Ava Thompson,Analytics Add-on,Software,12,427.5,5130.0,840.0,4290.0
SO-2025-04931,2025-07-20,2025-07,LATAM,Argentina,Camila Rojas,Noise-Cancel Headset,Accessories,5,196.8,984.0,590.0,394.0
SO-2025-03778,2025-07-20,2025-07,Europe,United Kingdom,Noah Muller,Wireless Mouse,Accessories,1,52.65,52.65,24.0,28.65
SO-2025-04477,2025-07-20,2025-07,Europe,France,Oliver Smith,Analytics Add-on,Software,17,396.0,6732.0,1190.0,5542.0
SO-2025-05664,2025-07-20,2025-07,LATAM,Argentina,Camila Rojas,Security Suite,Software,19,651.0,12369.0,2090.0,10279.0
SO-2025-04966,2025-07-20,2025-07,LATAM,Brazil,Diego Fernandez,Laptop Air 13,Hardware,2,934.5,1869.0,1400.0,469.0
SO-2025-05042,2025-07-21,2025-07,Europe,France,Oliver Smith,Security Suite,Software,7,609.0,4263.0,770.0,3493.0
SO-2025-04692,2025-07-21,2025-07,Europe,United Kingdom,Emma Laurent,Analytics Add-on,Software,24,369.0,8856.0,1680.0,7176.0
SO-2025-00465,2025-07-21,2025-07,LATAM,Chile,Mateo Silva,UltraWide Monitor 34,Hardware,4,545.6,2182.4,1640.0,542.4
SO-2025-04884,2025-07-21,2025-07,Europe,Spain,Emma Laurent,Mechanical Keyboard,Accessories,5,118.3,591.5,310.0,281.5
SO-2025-01362,2025-07-21,2025-07,North America,Mexico,Liam Chen,Mechanical Keyboard,Accessories,6,113.1,678.6,372.0,306.6
SO-2025-01464,2025-07-21,2025-07,North America,Canada,Liam Chen,Analytics Add-on,Software,8,450.0,3600.0,560.0,3040.0
SO-2025-02681,2025-07-21,2025-07,Europe,Germany,Emma Laurent,USB-C Dock,Accessories,7,156.6,1096.2,616.0,480.2
SO-2025-01700,2025-07-21,2025-07,LATAM,Brazil,Diego Fernandez,Wireless Mouse,Accessories,5,59.15,295.75,120.0,175.75
SO-2025-02915,2025-07-21,2025-07,APAC,Singapore,Chloe Wong,CRM Suite (annual),Software,7,882.0,6174.0,980.0,5194.0
SO-2025-02306,2025-07-21,2025-07,APAC,Australia,Haruto Sato,Noise-Cancel Headset,Accessories,4,196.8,787.2,472.0,315.2
SO-2025-03829,2025-07-21,2025-07,Europe,Germany,Noah Muller,Noise-Cancel Headset,Accessories,8,204.0,1632.0,944.0,688.0
SO-2025-04474,2025-07-21,2025-07,APAC,Singapore,Chloe Wong,UltraWide Monitor 34,Hardware,3,502.2,1506.6,1230.0,276.6
SO-2025-05477,2025-07-21,2025-07,APAC,Australia,Chloe Wong,CRM Suite (annual),Software,13,828.0,10764.0,1820.0,8944.0
SO-2025-03294,2025-07-21,2025-07,North America,Mexico,Sofia Ramirez,Analytics Add-on,Software,3,414.0,1242.0,210.0,1032.0
SO-2025-00407,2025-07-21,2025-07,APAC,Japan,Chloe Wong,USB-C Dock,Accessories,7,156.6,1096.2,616.0,480.2
SO-2025-04162,2025-07-21,2025-07,Europe,Spain,Emma Laurent,Mechanical Keyboard,Accessories,5,120.9,604.5,310.0,294.5
SO-2025-02214,2025-07-21,2025-07,APAC,Singapore,Haruto Sato,Security Suite,Software,19,602.0,11438.0,2090.0,9348.0
SO-2025-03291,2025-07-21,2025-07,APAC,Singapore,Haruto Sato,CRM Suite (annual),Software,18,729.0,13122.0,2520.0,10602.0
SO-2025-05234,2025-07-22,2025-07,Europe,United Kingdom,Oliver Smith,CRM Suite (annual),Software,19,792.0,15048.0,2660.0,12388.0
SO-2025-05779,2025-07-22,2025-07,North America,Mexico,Ava Thompson,USB-C Dock,Accessories,9,180.0,1620.0,792.0,828.0
SO-2025-01444,2025-07-22,2025-07,North America,Mexico,Sofia Ramirez,Analytics Add-on,Software,17,427.5,7267.5,1190.0,6077.5
SO-2025-04859,2025-07-22,2025-07,North America,Canada,Liam Chen,Wireless Mouse,Accessories,6,60.45,362.7,144.0,218.7
SO-2025-00370,2025-07-22,2025-07,APAC,Japan,Chloe Wong,Wireless Mouse,Accessories,7,54.6,382.2,168.0,214.2
SO-2025-01861,2025-07-23,2025-07,North America,Canada,Sofia Ramirez,Noise-Cancel Headset,Accessories,1,218.4,218.4,118.0,100.4
SO-2025-01305,2025-07-23,2025-07,North America,United States,Liam Chen,Security Suite,Software,17,644.0,10948.0,1870.0,9078.0
SO-2025-02499,2025-07-23,2025-07,APAC,Australia,Chloe Wong,Laptop Air 13,Hardware,3,987.0,2961.0,2100.0,861.0
SO-2025-01403,2025-07-23,2025-07,Europe,France,Oliver Smith,UltraWide Monitor 34,Hardware,3,533.2,1599.6,1230.0,369.6
SO-2025-00744,2025-07-23,2025-07,APAC,Japan,Haruto Sato,Mechanical Keyboard,Accessories,1,111.8,111.8,62.0,49.8
SO-2025-00872,2025-07-23,2025-07,APAC,India,Chloe Wong,CRM Suite (annual),Software,1,747.0,747.0,140.0,607.0
SO-2025-00870,2025-07-23,2025-07,Europe,United Kingdom,Noah Muller,CRM Suite (annual),Software,16,720.0,11520.0,2240.0,9280.0
SO-2025-00661,2025-07-23,2025-07,Europe,United Kingdom,Emma Laurent,UltraWide Monitor 34,Hardware,1,620.0,620.0,410.0,210.0
SO-2025-01214,2025-07-23,2025-07,North America,United States,Ava Thompson,Laptop Pro 15,Hardware,2,1363.0,2726.0,1960.0,766.0
SO-2025-00143,2025-07-23,2025-07,North America,Canada,Ava Thompson,Laptop Air 13,Hardware,1,987.0,987.0,700.0,287.0
SO-2025-01228,2025-07-23,2025-07,APAC,Australia,Priya Nair,Noise-Cancel Headset,Accessories,2,194.4,388.8,236.0,152.8
SO-2025-00595,2025-07-23,2025-07,LATAM,Brazil,Mateo Silva,Noise-Cancel Headset,Accessories,8,240.0,1920.0,944.0,976.0
SO-2025-04104,2025-07-23,2025-07,APAC,Australia,Priya Nair,USB-C Dock,Accessories,3,145.8,437.4,264.0,173.4
SO-2025-03708,2025-07-23,2025-07,North America,United States,Ava Thompson,Laptop Pro 15,Hardware,4,1189.0,4756.0,3920.0,836.0
SO-2025-01253,2025-07-23,2025-07,Europe,Germany,Noah Muller,Mechanical Keyboard,Accessories,8,128.7,1029.6,496.0,533.6
SO-2025-03949,2025-07-23,2025-07,North America,Canada,Sofia Ramirez,USB-C Dock,Accessories,7,169.2,1184.4,616.0,568.4
SO-2025-03928,2025-07-23,2025-07,Europe,France,Noah Muller,USB-C Dock,Accessories,6,145.8,874.8,528.0,346.8
SO-2025-04766,2025-07-23,2025-07,North America,Mexico,Sofia Ramirez,Security Suite,Software,11,574.0,6314.0,1210.0,5104.0
SO-2025-03219,2025-07-24,2025-07,APAC,Australia,Priya Nair,Mechanical Keyboard,Accessories,8,130.0,1040.0,496.0,544.0
SO-2025-01720,2025-07-24,2025-07,APAC,Singapore,Haruto Sato,USB-C Dock,Accessories,10,154.8,1548.0,880.0,668.0
SO-2025-03302,2025-07-24,2025-07,LATAM,Chile,Diego Fernandez,Security Suite,Software,1,672.0,672.0,110.0,562.0
SO-2025-03195,2025-07-24,2025-07,North America,Mexico,Liam Chen,Analytics Add-on,Software,17,373.5,6349.5,1190.0,5159.5
SO-2025-01653,2025-07-24,2025-07,North America,Canada,Sofia Ramirez,CRM Suite (annual),Software,12,828.0,9936.0,1680.0,8256.0
SO-2025-03238,2025-07-24,2025-07,LATAM,Chile,Mateo Silva,Wireless Mouse,Accessories,8,65.0,520.0,192.0,328.0
SO-2025-00479,2025-07-24,2025-07,North America,Mexico,Ava Thompson,Security Suite,Software,11,609.0,6699.0,1210.0,5489.0
SO-2025-05130,2025-07-24,2025-07,North America,United States,Ava Thompson,Security Suite,Software,22,693.0,15246.0,2420.0,12826.0
SO-2025-01895,2025-07-24,2025-07,APAC,Australia,Priya Nair,Laptop Pro 15,Hardware,1,1406.5,1406.5,980.0,426.5
SO-2025-00776,2025-07-24,2025-07,Europe,United Kingdom,Oliver Smith,Noise-Cancel Headset,Accessories,10,225.6,2256.0,1180.0,1076.0
SO-2025-02724,2025-07-24,2025-07,LATAM,Chile,Mateo Silva,USB-C Dock,Accessories,3,165.6,496.8,264.0,232.8
SO-2025-03558,2025-07-24,2025-07,APAC,Singapore,Haruto Sato,Wireless Mouse,Accessories,1,61.75,61.75,24.0,37.75
SO-2025-04340,2025-07-24,2025-07,APAC,Australia,Haruto Sato,Security Suite,Software,7,658.0,4606.0,770.0,3836.0
SO-2025-04604,2025-07-25,2025-07,North America,Canada,Ava Thompson,Wireless Mouse,Accessories,1,65.0,65.0,24.0,41.0
SO-2025-04310,2025-07-25,2025-07,APAC,Japan,Chloe Wong,Wireless Mouse,Accessories,6,63.7,382.2,144.0,238.2
SO-2025-04175,2025-07-25,2025-07,APAC,Singapore,Priya Nair,Laptop Pro 15,Hardware,3,1348.5,4045.5,2940.0,1105.5
SO-2025-00914,2025-07-25,2025-07,Europe,Germany,Oliver Smith,Mechanical Keyboard,Accessories,7,124.8,873.6,434.0,439.6
SO-2025-05215,2025-07-25,2025-07,North America,Canada,Liam Chen,Mechanical Keyboard,Accessories,1,118.3,118.3,62.0,56.3
SO-2025-00804,2025-07-25,2025-07,North America,United States,Ava Thompson,USB-C Dock,Accessories,7,156.6,1096.2,616.0,480.2
SO-2025-00948,2025-07-25,2025-07,LATAM,Argentina,Diego Fernandez,Wireless Mouse,Accessories,4,55.9,223.6,96.0,127.6
SO-2025-05745,2025-07-25,2025-07,LATAM,Argentina,Mateo Silva,CRM Suite (annual),Software,4,864.0,3456.0,560.0,2896.0
SO-2025-05823,2025-07-25,2025-07,North America,United States,Liam Chen,USB-C Dock,Accessories,2,180.0,360.0,176.0,184.0
SO-2025-04020,2025-07-25,2025-07,LATAM,Chile,Diego Fernandez,Wireless Mouse,Accessories,9,59.15,532.35,216.0,316.35
SO-2025-01029,2025-07-26,2025-07,North America,Mexico,Liam Chen,Laptop Pro 15,Hardware,3,1189.0,3567.0,2940.0,627.0
SO-2025-00592,2025-07-26,2025-07,North America,Mexico,Sofia Ramirez,CRM Suite (annual),Software,23,891.0,20493.0,3220.0,17273.0
SO-2025-02749,2025-07-26,2025-07,APAC,Japan,Haruto Sato,USB-C Dock,Accessories,2,167.4,334.8,176.0,158.8
SO-2025-05940,2025-07-26,2025-07,North America,Mexico,Liam Chen,CRM Suite (annual),Software,2,765.0,1530.0,280.0,1250.0
SO-2025-01105,2025-07-26,2025-07,Europe,Spain,Oliver Smith,Analytics Add-on,Software,11,378.0,4158.0,770.0,3388.0
SO-2025-03775,2025-07-26,2025-07,APAC,Australia,Priya Nair,Laptop Air 13,Hardware,3,903.0,2709.0,2100.0,609.0
SO-2025-01082,2025-07-26,2025-07,LATAM,Argentina,Mateo Silva,Security Suite,Software,21,672.0,14112.0,2310.0,11802.0
SO-2025-05333,2025-07-26,2025-07,North America,Mexico,Sofia Ramirez,Analytics Add-on,Software,7,387.0,2709.0,490.0,2219.0
SO-2025-01573,2025-07-26,2025-07,North America,United States,Sofia Ramirez,Security Suite,Software,21,651.0,13671.0,2310.0,11361.0
SO-2025-03779,2025-07-26,2025-07,Europe,United Kingdom,Emma Laurent,USB-C Dock,Accessories,10,172.8,1728.0,880.0,848.0
SO-2025-05572,2025-07-26,2025-07,LATAM,Chile,Mateo Silva,Wireless Mouse,Accessories,3,58.5,175.5,72.0,103.5
SO-2025-03366,2025-07-26,2025-07,North America,United States,Liam Chen,Laptop Air 13,Hardware,4,1039.5,4158.0,2800.0,1358.0
SO-2025-04506,2025-07-26,2025-07,Europe,Spain,Emma Laurent,UltraWide Monitor 34,Hardware,1,564.2,564.2,410.0,154.2
SO-2025-03837,2025-07-26,2025-07,Europe,Germany,Emma Laurent,CRM Suite (annual),Software,7,846.0,5922.0,980.0,4942.0
SO-2025-04151,2025-07-26,2025-07,APAC,Japan,Chloe Wong,UltraWide Monitor 34,Hardware,4,508.4,2033.6,1640.0,393.6
SO-2025-04473,2025-07-27,2025-07,Europe,Spain,Emma Laurent,USB-C Dock,Accessories,5,153.0,765.0,440.0,325.0
SO-2025-02040,2025-07-27,2025-07,Europe,Germany,Noah Muller,Wireless Mouse,Accessories,5,63.05,315.25,120.0,195.25
SO-2025-02892,2025-07-27,2025-07,North America,Canada,Liam Chen,USB-C Dock,Accessories,2,147.6,295.2,176.0,119.2
SO-2025-04135,2025-07-27,2025-07,North America,Mexico,Sofia Ramirez,Mechanical Keyboard,Accessories,3,130.0,390.0,186.0,204.0
SO-2025-00844,2025-07-27,2025-07,North America,Mexico,Sofia Ramirez,Noise-Cancel Headset,Accessories,9,196.8,1771.2,1062.0,709.2
SO-2025-04286,2025-07-27,2025-07,North America,Mexico,Sofia Ramirez,Laptop Air 13,Hardware,1,871.5,871.5,700.0,171.5
SO-2025-00868,2025-07-27,2025-07,APAC,India,Priya Nair,USB-C Dock,Accessories,8,172.8,1382.4,704.0,678.4
SO-2025-01276,2025-07-27,2025-07,APAC,Australia,Chloe Wong,Wireless Mouse,Accessories,3,56.55,169.65,72.0,97.65
SO-2025-01454,2025-07-27,2025-07,North America,Canada,Sofia Ramirez,Mechanical Keyboard,Accessories,10,106.6,1066.0,620.0,446.0
SO-2025-01592,2025-07-27,2025-07,Europe,Germany,Noah Muller,Security Suite,Software,19,644.0,12236.0,2090.0,10146.0
SO-2025-02837,2025-07-27,2025-07,Europe,Spain,Oliver Smith,CRM Suite (annual),Software,2,828.0,1656.0,280.0,1376.0
SO-2025-03873,2025-07-28,2025-07,LATAM,Chile,Mateo Silva,Laptop Pro 15,Hardware,2,1348.5,2697.0,1960.0,737.0
SO-2025-03341,2025-07-28,2025-07,North America,United States,Liam Chen,Security Suite,Software,19,616.0,11704.0,2090.0,9614.0
SO-2025-00963,2025-07-28,2025-07,APAC,Australia,Haruto Sato,Mechanical Keyboard,Accessories,4,107.9,431.6,248.0,183.6
SO-2025-04799,2025-07-28,2025-07,APAC,Australia,Haruto Sato,Security Suite,Software,20,630.0,12600.0,2200.0,10400.0
SO-2025-05365,2025-07-28,2025-07,APAC,Japan,Priya Nair,Analytics Add-on,Software,17,441.0,7497.0,1190.0,6307.0
SO-2025-00847,2025-07-28,2025-07,North America,Mexico,Ava Thompson,Mechanical Keyboard,Accessories,9,105.3,947.7,558.0,389.7
SO-2025-04659,2025-07-28,2025-07,North America,Canada,Ava Thompson,Noise-Cancel Headset,Accessories,4,225.6,902.4,472.0,430.4
SO-2025-03482,2025-07-28,2025-07,APAC,Australia,Priya Nair,Security Suite,Software,14,623.0,8722.0,1540.0,7182.0
SO-2025-05024,2025-07-28,2025-07,North America,United States,Ava Thompson,Laptop Pro 15,Hardware,3,1406.5,4219.5,2940.0,1279.5
SO-2025-02886,2025-07-28,2025-07,North America,United States,Sofia Ramirez,Laptop Air 13,Hardware,2,850.5,1701.0,1400.0,301.0
SO-2025-05402,2025-07-28,2025-07,Europe,Germany,Noah Muller,CRM Suite (annual),Software,20,891.0,17820.0,2800.0,15020.0
SO-2025-00411,2025-07-28,2025-07,North America,United States,Sofia Ramirez,Mechanical Keyboard,Accessories,10,128.7,1287.0,620.0,667.0
SO-2025-04900,2025-07-29,2025-07,LATAM,Chile,Camila Rojas,Noise-Cancel Headset,Accessories,2,237.6,475.2,236.0,239.2
SO-2025-00577,2025-07-29,2025-07,Europe,United Kingdom,Noah Muller,UltraWide Monitor 34,Hardware,2,558.0,1116.0,820.0,296.0
SO-2025-05069,2025-07-29,2025-07,APAC,Singapore,Haruto Sato,UltraWide Monitor 34,Hardware,4,613.8,2455.2,1640.0,815.2
SO-2025-01723,2025-07-29,2025-07,LATAM,Brazil,Camila Rojas,Noise-Cancel Headset,Accessories,6,194.4,1166.4,708.0,458.4
SO-2025-00671,2025-07-29,2025-07,North America,Canada,Ava Thompson,UltraWide Monitor 34,Hardware,3,620.0,1860.0,1230.0,630.0
SO-2025-01947,2025-07-29,2025-07,Europe,Germany,Noah Muller,Mechanical Keyboard,Accessories,6,118.3,709.8,372.0,337.8
SO-2025-00974,2025-07-29,2025-07,Europe,France,Oliver Smith,Noise-Cancel Headset,Accessories,2,204.0,408.0,236.0,172.0
SO-2025-00244,2025-07-29,2025-07,APAC,Singapore,Priya Nair,USB-C Dock,Accessories,2,163.8,327.6,176.0,151.6
SO-2025-05408,2025-07-30,2025-07,LATAM,Chile,Diego Fernandez,USB-C Dock,Accessories,10,165.6,1656.0,880.0,776.0
SO-2025-04540,2025-07-30,2025-07,Europe,United Kingdom,Noah Muller,Mechanical Keyboard,Accessories,6,120.9,725.4,372.0,353.4
SO-2025-01039,2025-07-30,2025-07,North America,Canada,Ava Thompson,Wireless Mouse,Accessories,9,61.1,549.9,216.0,333.9
SO-2025-05393,2025-07-30,2025-07,Europe,Spain,Noah Muller,USB-C Dock,Accessories,5,167.4,837.0,440.0,397.0
SO-2025-04328,2025-07-30,2025-07,Europe,Germany,Oliver Smith,UltraWide Monitor 34,Hardware,3,620.0,1860.0,1230.0,630.0
SO-2025-02923,2025-07-30,2025-07,Europe,Spain,Oliver Smith,Noise-Cancel Headset,Accessories,3,237.6,712.8,354.0,358.8
SO-2025-05770,2025-07-30,2025-07,Europe,Germany,Emma Laurent,USB-C Dock,Accessories,5,153.0,765.0,440.0,325.0
SO-2025-01256,2025-07-30,2025-07,Europe,Spain,Noah Muller,UltraWide Monitor 34,Hardware,4,576.6,2306.4,1640.0,666.4
SO-2025-05642,2025-07-30,2025-07,North America,Canada,Sofia Ramirez,Laptop Pro 15,Hardware,1,1348.5,1348.5,980.0,368.5
SO-2025-05525,2025-07-30,2025-07,Europe,United Kingdom,Emma Laurent,Analytics Add-on,Software,18,373.5,6723.0,1260.0,5463.0
SO-2025-01890,2025-07-30,2025-07,LATAM,Argentina,Diego Fernandez,Wireless Mouse,Accessories,3,57.2,171.6,72.0,99.6
SO-2025-03330,2025-07-30,2025-07,North America,Canada,Sofia Ramirez,Mechanical Keyboard,Accessories,10,104.0,1040.0,620.0,420.0
SO-2025-01393,2025-07-30,2025-07,North America,Canada,Liam Chen,Security Suite,Software,20,630.0,12600.0,2200.0,10400.0
SO-2025-02497,2025-07-31,2025-07,Europe,United Kingdom,Emma Laurent,USB-C Dock,Accessories,9,178.2,1603.8,792.0,811.8
SO-2025-02033,2025-07-31,2025-07,Europe,Germany,Emma Laurent,Wireless Mouse,Accessories,4,61.1,244.4,96.0,148.4
SO-2025-02758,2025-07-31,2025-07,Europe,United Kingdom,Oliver Smith,Laptop Pro 15,Hardware,2,1435.5,2871.0,1960.0,911.0
SO-2025-03007,2025-07-31,2025-07,LATAM,Argentina,Camila Rojas,UltraWide Monitor 34,Hardware,1,570.4,570.4,410.0,160.4
SO-2025-03852,2025-07-31,2025-07,North America,United States,Ava Thompson,Security Suite,Software,21,595.0,12495.0,2310.0,10185.0
SO-2025-02019,2025-07-31,2025-07,North America,Canada,Liam Chen,Noise-Cancel Headset,Accessories,8,204.0,1632.0,944.0,688.0
SO-2025-01172,2025-07-31,2025-07,APAC,Singapore,Priya Nair,CRM Suite (annual),Software,20,819.0,16380.0,2800.0,13580.0
SO-2025-01712,2025-07-31,2025-07,Europe,United Kingdom,Emma Laurent,Analytics Add-on,Software,13,364.5,4738.5,910.0,3828.5
SO-2025-02348,2025-07-31,2025-07,North America,Canada,Sofia Ramirez,UltraWide Monitor 34,Hardware,2,514.6,1029.2,820.0,209.2
SO-2025-02248,2025-08-01,2025-08,Europe,Germany,Emma Laurent,Security Suite,Software,6,588.0,3528.0,660.0,2868.0
SO-2025-02808,2025-08-01,2025-08,North America,Canada,Liam Chen,Noise-Cancel Headset,Accessories,1,237.6,237.6,118.0,119.6
SO-2025-02110,2025-08-01,2025-08,Europe,Germany,Noah Muller,CRM Suite (annual),Software,24,765.0,18360.0,3360.0,15000.0
SO-2025-03357,2025-08-01,2025-08,North America,Mexico,Ava Thompson,Wireless Mouse,Accessories,7,59.15,414.05,168.0,246.05
SO-2025-01903,2025-08-01,2025-08,North America,United States,Sofia Ramirez,Analytics Add-on,Software,17,369.0,6273.0,1190.0,5083.0
SO-2025-01019,2025-08-01,2025-08,Europe,Germany,Oliver Smith,Security Suite,Software,19,602.0,11438.0,2090.0,9348.0
SO-2025-00387,2025-08-01,2025-08,North America,United States,Ava Thompson,Security Suite,Software,13,630.0,8190.0,1430.0,6760.0
SO-2025-02257,2025-08-01,2025-08,Europe,Spain,Oliver Smith,Mechanical Keyboard,Accessories,5,124.8,624.0,310.0,314.0
SO-2025-03720,2025-08-01,2025-08,LATAM,Argentina,Diego Fernandez,UltraWide Monitor 34,Hardware,4,508.4,2033.6,1640.0,393.6
SO-2025-05760,2025-08-01,2025-08,APAC,India,Haruto Sato,Noise-Cancel Headset,Accessories,3,216.0,648.0,354.0,294.0
SO-2025-03854,2025-08-01,2025-08,North America,Canada,Liam Chen,CRM Suite (annual),Software,10,729.0,7290.0,1400.0,5890.0
SO-2025-05433,2025-08-01,2025-08,Europe,France,Emma Laurent,USB-C Dock,Accessories,3,172.8,518.4,264.0,254.4
SO-2025-04844,2025-08-01,2025-08,North America,Mexico,Ava Thompson,UltraWide Monitor 34,Hardware,2,539.4,1078.8,820.0,258.8
SO-2025-05738,2025-08-01,2025-08,North America,Canada,Liam Chen,UltraWide Monitor 34,Hardware,1,496.0,496.0,410.0,86.0
SO-2025-02947,2025-08-01,2025-08,Europe,United Kingdom,Oliver Smith,Analytics Add-on,Software,14,423.0,5922.0,980.0,4942.0
SO-2025-01385,2025-08-01,2025-08,LATAM,Brazil,Camila Rojas,Analytics Add-on,Software,2,441.0,882.0,140.0,742.0
SO-2025-04459,2025-08-01,2025-08,North America,Mexico,Sofia Ramirez,Security Suite,Software,4,588.0,2352.0,440.0,1912.0
SO-2025-05951,2025-08-01,2025-08,North America,Mexico,Liam Chen,Security Suite,Software,6,693.0,4158.0,660.0,3498.0
SO-2025-02701,2025-08-01,2025-08,Europe,United Kingdom,Oliver Smith,Analytics Add-on,Software,8,382.5,3060.0,560.0,2500.0
SO-2025-03969,2025-08-01,2025-08,North America,Canada,Ava Thompson,Wireless Mouse,Accessories,7,65.0,455.0,168.0,287.0
SO-2025-01048,2025-08-02,2025-08,North America,Canada,Sofia Ramirez,Mechanical Keyboard,Accessories,3,130.0,390.0,186.0,204.0
SO-2025-00779,2025-08-02,2025-08,Europe,Germany,Oliver Smith,Laptop Pro 15,Hardware,3,1218.0,3654.0,2940.0,714.0
SO-2025-04342,2025-08-02,2025-08,Europe,France,Oliver Smith,USB-C Dock,Accessories,7,154.8,1083.6,616.0,467.6
SO-2025-03346,2025-08-02,2025-08,Europe,Spain,Oliver Smith,UltraWide Monitor 34,Hardware,2,502.2,1004.4,820.0,184.4
SO-2025-05035,2025-08-02,2025-08,North America,United States,Sofia Ramirez,USB-C Dock,Accessories,5,178.2,891.0,440.0,451.0
SO-2025-01028,2025-08-02,2025-08,Europe,United Kingdom,Emma Laurent,Mechanical Keyboard,Accessories,6,122.2,733.2,372.0,361.2
SO-2025-03776,2025-08-02,2025-08,Europe,Germany,Emma Laurent,Security Suite,Software,12,602.0,7224.0,1320.0,5904.0
SO-2025-03783,2025-08-02,2025-08,Europe,Spain,Noah Muller,Laptop Air 13,Hardware,2,997.5,1995.0,1400.0,595.0
SO-2025-04117,2025-08-02,2025-08,LATAM,Argentina,Camila Rojas,CRM Suite (annual),Software,12,810.0,9720.0,1680.0,8040.0
SO-2025-00892,2025-08-02,2025-08,North America,Canada,Ava Thompson,Wireless Mouse,Accessories,8,57.2,457.6,192.0,265.6
SO-2025-03248,2025-08-02,2025-08,North America,United States,Sofia Ramirez,Wireless Mouse,Accessories,7,57.85,404.95,168.0,236.95
SO-2025-04594,2025-08-02,2025-08,Europe,United Kingdom,Emma Laurent,Wireless Mouse,Accessories,2,55.25,110.5,48.0,62.5
SO-2025-03874,2025-08-02,2025-08,North America,Mexico,Ava Thompson,USB-C Dock,Accessories,6,174.6,1047.6,528.0,519.6
SO-2025-00865,2025-08-03,2025-08,North America,Canada,Liam Chen,Security Suite,Software,17,560.0,9520.0,1870.0,7650.0
SO-2025-02873,2025-08-03,2025-08,Europe,Spain,Noah Muller,Laptop Pro 15,Hardware,4,1377.5,5510.0,3920.0,1590.0
SO-2025-02218,2025-08-03,2025-08,Europe,Germany,Noah Muller,Noise-Cancel Headset,Accessories,2,211.2,422.4,236.0,186.4
SO-2025-00745,2025-08-03,2025-08,North America,United States,Ava Thompson,USB-C Dock,Accessories,5,180.0,900.0,440.0,460.0
SO-2025-00395,2025-08-03,2025-08,Europe,France,Noah Muller,Wireless Mouse,Accessories,10,63.05,630.5,240.0,390.5
SO-2025-02835,2025-08-03,2025-08,North America,United States,Liam Chen,Analytics Add-on,Software,1,396.0,396.0,70.0,326.0
SO-2025-00168,2025-08-03,2025-08,APAC,Australia,Haruto Sato,CRM Suite (annual),Software,2,783.0,1566.0,280.0,1286.0
SO-2025-05038,2025-08-03,2025-08,APAC,Australia,Chloe Wong,Security Suite,Software,16,644.0,10304.0,1760.0,8544.0
SO-2025-05312,2025-08-03,2025-08,APAC,Singapore,Priya Nair,UltraWide Monitor 34,Hardware,3,607.6,1822.8,1230.0,592.8
SO-2025-00541,2025-08-03,2025-08,North America,United States,Sofia Ramirez,Mechanical Keyboard,Accessories,6,122.2,733.2,372.0,361.2
SO-2025-01586,2025-08-04,2025-08,North America,Mexico,Sofia Ramirez,Laptop Pro 15,Hardware,4,1421.0,5684.0,3920.0,1764.0
SO-2025-00748,2025-08-04,2025-08,North America,Canada,Sofia Ramirez,Mechanical Keyboard,Accessories,3,105.3,315.9,186.0,129.9
SO-2025-00647,2025-08-04,2025-08,North America,Mexico,Liam Chen,Laptop Air 13,Hardware,1,871.5,871.5,700.0,171.5
SO-2025-05472,2025-08-04,2025-08,APAC,Australia,Haruto Sato,Wireless Mouse,Accessories,3,59.15,177.45,72.0,105.45
SO-2025-01774,2025-08-04,2025-08,LATAM,Chile,Diego Fernandez,Wireless Mouse,Accessories,6,63.7,382.2,144.0,238.2
SO-2025-00044,2025-08-04,2025-08,North America,Mexico,Ava Thompson,USB-C Dock,Accessories,6,158.4,950.4,528.0,422.4
SO-2025-00414,2025-08-04,2025-08,Europe,Germany,Noah Muller,Laptop Pro 15,Hardware,2,1406.5,2813.0,1960.0,853.0
SO-2025-00456,2025-08-04,2025-08,APAC,India,Priya Nair,UltraWide Monitor 34,Hardware,4,551.8,2207.2,1640.0,567.2
SO-2025-03586,2025-08-04,2025-08,LATAM,Brazil,Camila Rojas,Laptop Pro 15,Hardware,2,1261.5,2523.0,1960.0,563.0
SO-2025-01467,2025-08-04,2025-08,Europe,France,Emma Laurent,Laptop Air 13,Hardware,4,861.0,3444.0,2800.0,644.0
SO-2025-01681,2025-08-04,2025-08,APAC,Australia,Chloe Wong,Noise-Cancel Headset,Accessories,6,232.8,1396.8,708.0,688.8
SO-2025-03186,2025-08-04,2025-08,North America,Canada,Sofia Ramirez,UltraWide Monitor 34,Hardware,1,582.8,582.8,410.0,172.8
SO-2025-01376,2025-08-04,2025-08,Europe,United Kingdom,Oliver Smith,Security Suite,Software,14,602.0,8428.0,1540.0,6888.0
SO-2025-05589,2025-08-04,2025-08,Europe,United Kingdom,Oliver Smith,USB-C Dock,Accessories,3,160.2,480.6,264.0,216.6
SO-2025-04634,2025-08-05,2025-08,Europe,Spain,Noah Muller,USB-C Dock,Accessories,10,165.6,1656.0,880.0,776.0
SO-2025-05710,2025-08-05,2025-08,Europe,Germany,Oliver Smith,CRM Suite (annual),Software,15,828.0,12420.0,2100.0,10320.0
SO-2025-01980,2025-08-05,2025-08,APAC,Singapore,Haruto Sato,Laptop Pro 15,Hardware,1,1450.0,1450.0,980.0,470.0
SO-2025-01820,2025-08-05,2025-08,Europe,France,Noah Muller,Laptop Air 13,Hardware,1,966.0,966.0,700.0,266.0
SO-2025-05723,2025-08-05,2025-08,North America,Mexico,Ava Thompson,Analytics Add-on,Software,13,373.5,4855.5,910.0,3945.5
SO-2025-04012,2025-08-05,2025-08,APAC,Japan,Priya Nair,UltraWide Monitor 34,Hardware,1,551.8,551.8,410.0,141.8
SO-2025-00632,2025-08-05,2025-08,LATAM,Chile,Diego Fernandez,Laptop Air 13,Hardware,4,913.5,3654.0,2800.0,854.0
SO-2025-00832,2025-08-05,2025-08,LATAM,Brazil,Camila Rojas,Security Suite,Software,2,560.0,1120.0,220.0,900.0
SO-2025-04601,2025-08-05,2025-08,APAC,India,Haruto Sato,Analytics Add-on,Software,21,369.0,7749.0,1470.0,6279.0
SO-2025-03056,2025-08-05,2025-08,North America,Canada,Sofia Ramirez,Analytics Add-on,Software,22,369.0,8118.0,1540.0,6578.0
SO-2025-03118,2025-08-05,2025-08,North America,Canada,Sofia Ramirez,USB-C Dock,Accessories,10,169.2,1692.0,880.0,812.0
SO-2025-01203,2025-08-06,2025-08,Europe,Spain,Oliver Smith,Security Suite,Software,22,609.0,13398.0,2420.0,10978.0
SO-2025-01268,2025-08-06,2025-08,North America,Mexico,Ava Thompson,Mechanical Keyboard,Accessories,3,105.3,315.9,186.0,129.9
SO-2025-01844,2025-08-06,2025-08,Europe,United Kingdom,Emma Laurent,Security Suite,Software,19,651.0,12369.0,2090.0,10279.0
SO-2025-02998,2025-08-06,2025-08,North America,United States,Ava Thompson,Analytics Add-on,Software,10,400.5,4005.0,700.0,3305.0
SO-2025-00207,2025-08-06,2025-08,Europe,United Kingdom,Oliver Smith,Security Suite,Software,3,567.0,1701.0,330.0,1371.0
SO-2025-00447,2025-08-06,2025-08,North America,Canada,Liam Chen,Laptop Air 13,Hardware,1,997.5,997.5,700.0,297.5
SO-2025-03942,2025-08-06,2025-08,APAC,Japan,Priya Nair,Mechanical Keyboard,Accessories,8,113.1,904.8,496.0,408.8
SO-2025-05179,2025-08-06,2025-08,Europe,France,Emma Laurent,Wireless Mouse,Accessories,4,59.8,239.2,96.0,143.2
SO-2025-03578,2025-08-06,2025-08,APAC,Australia,Chloe Wong,Security Suite,Software,20,686.0,13720.0,2200.0,11520.0
SO-2025-00493,2025-08-06,2025-08,North America,Mexico,Sofia Ramirez,Analytics Add-on,Software,13,369.0,4797.0,910.0,3887.0
SO-2025-03113,2025-08-06,2025-08,North America,Mexico,Ava Thompson,Noise-Cancel Headset,Accessories,3,223.2,669.6,354.0,315.6
SO-2025-03401,2025-08-06,2025-08,North America,Mexico,Liam Chen,CRM Suite (annual),Software,4,900.0,3600.0,560.0,3040.0
SO-2025-04679,2025-08-06,2025-08,APAC,Australia,Priya Nair,Laptop Air 13,Hardware,3,850.5,2551.5,2100.0,451.5
SO-2025-02690,2025-08-07,2025-08,Europe,Germany,Noah Muller,Laptop Pro 15,Hardware,1,1348.5,1348.5,980.0,368.5
SO-2025-01688,2025-08-07,2025-08,APAC,Singapore,Priya Nair,Laptop Air 13,Hardware,2,1018.5,2037.0,1400.0,637.0
SO-2025-02432,2025-08-07,2025-08,North America,United States,Ava Thompson,Analytics Add-on,Software,1,432.0,432.0,70.0,362.0
SO-2025-00674,2025-08-07,2025-08,APAC,India,Priya Nair,Laptop Air 13,Hardware,1,924.0,924.0,700.0,224.0
SO-2025-00764,2025-08-07,2025-08,North America,Canada,Liam Chen,USB-C Dock,Accessories,5,147.6,738.0,440.0,298.0
SO-2025-05776,2025-08-07,2025-08,North America,Canada,Sofia Ramirez,Mechanical Keyboard,Accessories,8,106.6,852.8,496.0,356.8
SO-2025-00920,2025-08-07,2025-08,Europe,Spain,Emma Laurent,Security Suite,Software,18,588.0,10584.0,1980.0,8604.0
SO-2025-01016,2025-08-07,2025-08,North America,Mexico,Liam Chen,USB-C Dock,Accessories,3,180.0,540.0,264.0,276.0
SO-2025-01593,2025-08-07,2025-08,LATAM,Argentina,Camila Rojas,Noise-Cancel Headset,Accessories,5,230.4,1152.0,590.0,562.0
SO-2025-04635,2025-08-07,2025-08,North America,United States,Sofia Ramirez,Laptop Pro 15,Hardware,1,1377.5,1377.5,980.0,397.5
SO-2025-01973,2025-08-07,2025-08,APAC,Australia,Haruto Sato,CRM Suite (annual),Software,10,783.0,7830.0,1400.0,6430.0
SO-2025-05949,2025-08-08,2025-08,North America,United States,Ava Thompson,Security Suite,Software,3,637.0,1911.0,330.0,1581.0
SO-2025-01182,2025-08-08,2025-08,North America,Mexico,Sofia Ramirez,Laptop Pro 15,Hardware,4,1160.0,4640.0,3920.0,720.0
SO-2025-04277,2025-08-08,2025-08,North America,United States,Liam Chen,CRM Suite (annual),Software,18,855.0,15390.0,2520.0,12870.0
SO-2025-04444,2025-08-08,2025-08,North America,United States,Liam Chen,Noise-Cancel Headset,Accessories,5,230.4,1152.0,590.0,562.0
SO-2025-02407,2025-08-08,2025-08,APAC,Singapore,Priya Nair,UltraWide Monitor 34,Hardware,3,533.2,1599.6,1230.0,369.6
SO-2025-01564,2025-08-08,2025-08,North America,United States,Ava Thompson,UltraWide Monitor 34,Hardware,4,545.6,2182.4,1640.0,542.4
SO-2025-04099,2025-08-08,2025-08,Europe,United Kingdom,Emma Laurent,Wireless Mouse,Accessories,5,59.8,299.0,120.0,179.0
SO-2025-00533,2025-08-08,2025-08,Europe,France,Oliver Smith,Noise-Cancel Headset,Accessories,7,220.8,1545.6,826.0,719.6
SO-2025-01552,2025-08-08,2025-08,North America,Canada,Liam Chen,Wireless Mouse,Accessories,6,53.95,323.7,144.0,179.7
SO-2025-01743,2025-08-08,2025-08,APAC,Japan,Haruto Sato,Security Suite,Software,9,679.0,6111.0,990.0,5121.0
SO-2025-01856,2025-08-08,2025-08,APAC,Japan,Haruto Sato,CRM Suite (annual),Software,24,756.0,18144.0,3360.0,14784.0
SO-2025-04060,2025-08-08,2025-08,North America,Canada,Sofia Ramirez,Security Suite,Software,17,700.0,11900.0,1870.0,10030.0
SO-2025-01970,2025-08-08,2025-08,North America,Canada,Ava Thompson,USB-C Dock,Accessories,6,145.8,874.8,528.0,346.8
SO-2025-05057,2025-08-08,2025-08,APAC,India,Chloe Wong,Laptop Air 13,Hardware,4,997.5,3990.0,2800.0,1190.0
SO-2025-05875,2025-08-09,2025-08,Europe,United Kingdom,Noah Muller,Laptop Air 13,Hardware,2,1050.0,2100.0,1400.0,700.0
SO-2025-05286,2025-08-09,2025-08,North America,Mexico,Sofia Ramirez,Analytics Add-on,Software,22,427.5,9405.0,1540.0,7865.0
SO-2025-04651,2025-08-09,2025-08,Europe,France,Emma Laurent,Analytics Add-on,Software,5,441.0,2205.0,350.0,1855.0
SO-2025-05510,2025-08-09,2025-08,North America,United States,Ava Thompson,Mechanical Keyboard,Accessories,1,127.4,127.4,62.0,65.4
SO-2025-05774,2025-08-09,2025-08,Europe,United Kingdom,Oliver Smith,USB-C Dock,Accessories,6,147.6,885.6,528.0,357.6
SO-2025-01662,2025-08-09,2025-08,North America,Mexico,Sofia Ramirez,Analytics Add-on,Software,17,414.0,7038.0,1190.0,5848.0
SO-2025-01982,2025-08-09,2025-08,LATAM,Argentina,Mateo Silva,Laptop Air 13,Hardware,3,892.5,2677.5,2100.0,577.5
SO-2025-00828,2025-08-09,2025-08,North America,Canada,Liam Chen,Wireless Mouse,Accessories,6,62.4,374.4,144.0,230.4
SO-2025-01242,2025-08-09,2025-08,North America,Canada,Sofia Ramirez,Analytics Add-on,Software,6,436.5,2619.0,420.0,2199.0
SO-2025-04734,2025-08-09,2025-08,North America,Canada,Ava Thompson,USB-C Dock,Accessories,7,147.6,1033.2,616.0,417.2
SO-2025-05001,2025-08-09,2025-08,North America,United States,Ava Thompson,Laptop Pro 15,Hardware,1,1406.5,1406.5,980.0,426.5
SO-2025-03156,2025-08-09,2025-08,North America,Canada,Sofia Ramirez,USB-C Dock,Accessories,2,162.0,324.0,176.0,148.0
SO-2025-05699,2025-08-09,2025-08,Europe,Spain,Noah Muller,Analytics Add-on,Software,25,405.0,10125.0,1750.0,8375.0
SO-2025-02093,2025-08-09,2025-08,North America,United States,Sofia Ramirez,Wireless Mouse,Accessories,10,58.5,585.0,240.0,345.0
SO-2025-03002,2025-08-09,2025-08,APAC,Australia,Haruto Sato,USB-C Dock,Accessories,5,178.2,891.0,440.0,451.0
SO-2025-01283,2025-08-09,2025-08,Europe,United Kingdom,Noah Muller,Analytics Add-on,Software,4,400.5,1602.0,280.0,1322.0
SO-2025-04166,2025-08-09,2025-08,North America,United States,Sofia Ramirez,Noise-Cancel Headset,Accessories,2,232.8,465.6,236.0,229.6
SO-2025-04441,2025-08-09,2025-08,APAC,Australia,Priya Nair,UltraWide Monitor 34,Hardware,2,545.6,1091.2,820.0,271.2
SO-2025-00538,2025-08-09,2025-08,North America,Canada,Sofia Ramirez,Security Suite,Software,2,679.0,1358.0,220.0,1138.0
SO-2025-04750,2025-08-09,2025-08,Europe,Germany,Emma Laurent,Wireless Mouse,Accessories,5,53.95,269.75,120.0,149.75
SO-2025-04130,2025-08-09,2025-08,Europe,Spain,Noah Muller,Security Suite,Software,4,637.0,2548.0,440.0,2108.0
SO-2025-03262,2025-08-10,2025-08,North America,Canada,Sofia Ramirez,Wireless Mouse,Accessories,2,58.5,117.0,48.0,69.0
SO-2025-01423,2025-08-10,2025-08,North America,Canada,Sofia Ramirez,Security Suite,Software,15,623.0,9345.0,1650.0,7695.0
SO-2025-03948,2025-08-10,2025-08,North America,United States,Sofia Ramirez,Mechanical Keyboard,Accessories,4,104.0,416.0,248.0,168.0
SO-2025-02385,2025-08-10,2025-08,LATAM,Argentina,Diego Fernandez,Mechanical Keyboard,Accessories,2,120.9,241.8,124.0,117.8
SO-2025-03723,2025-08-10,2025-08,North America,Mexico,Ava Thompson,UltraWide Monitor 34,Hardware,1,502.2,502.2,410.0,92.2
SO-2025-04672,2025-08-10,2025-08,APAC,Singapore,Priya Nair,Laptop Air 13,Hardware,1,871.5,871.5,700.0,171.5
SO-2025-02292,2025-08-10,2025-08,North America,United States,Liam Chen,CRM Suite (annual),Software,15,765.0,11475.0,2100.0,9375.0
SO-2025-01530,2025-08-10,2025-08,North America,United States,Liam Chen,Wireless Mouse,Accessories,8,60.45,483.6,192.0,291.6
SO-2025-01477,2025-08-10,2025-08,APAC,Japan,Haruto Sato,UltraWide Monitor 34,Hardware,4,558.0,2232.0,1640.0,592.0
SO-2025-05874,2025-08-10,2025-08,Europe,United Kingdom,Oliver Smith,Security Suite,Software,13,609.0,7917.0,1430.0,6487.0
SO-2025-04994,2025-08-10,2025-08,North America,Mexico,Liam Chen,Mechanical Keyboard,Accessories,9,127.4,1146.6,558.0,588.6
SO-2025-00527,2025-08-11,2025-08,APAC,Australia,Haruto Sato,UltraWide Monitor 34,Hardware,3,533.2,1599.6,1230.0,369.6
SO-2025-03403,2025-08-11,2025-08,APAC,Australia,Chloe Wong,Laptop Pro 15,Hardware,4,1232.5,4930.0,3920.0,1010.0
SO-2025-01563,2025-08-11,2025-08,North America,Mexico,Liam Chen,USB-C Dock,Accessories,2,167.4,334.8,176.0,158.8
SO-2025-02386,2025-08-11,2025-08,APAC,Japan,Haruto Sato,Laptop Air 13,Hardware,2,903.0,1806.0,1400.0,406.0
SO-2025-05241,2025-08-11,2025-08,APAC,Australia,Priya Nair,CRM Suite (annual),Software,2,774.0,1548.0,280.0,1268.0
SO-2025-04985,2025-08-11,2025-08,APAC,Singapore,Chloe Wong,Mechanical Keyboard,Accessories,4,114.4,457.6,248.0,209.6
SO-2025-05186,2025-08-11,2025-08,Europe,Spain,Noah Muller,Laptop Air 13,Hardware,3,1029.0,3087.0,2100.0,987.0
SO-2025-01101,2025-08-11,2025-08,North America,Canada,Liam Chen,Mechanical Keyboard,Accessories,5,124.8,624.0,310.0,314.0
SO-2025-03101,2025-08-11,2025-08,North America,Canada,Ava Thompson,Laptop Air 13,Hardware,1,1029.0,1029.0,700.0,329.0
SO-2025-03780,2025-08-11,2025-08,Europe,Spain,Oliver Smith,Laptop Air 13,Hardware,3,924.0,2772.0,2100.0,672.0
SO-2025-05103,2025-08-11,2025-08,North America,Mexico,Ava Thompson,Laptop Pro 15,Hardware,4,1305.0,5220.0,3920.0,1300.0
SO-2025-01066,2025-08-11,2025-08,North America,United States,Liam Chen,Laptop Pro 15,Hardware,1,1160.0,1160.0,980.0,180.0
SO-2025-01892,2025-08-11,2025-08,LATAM,Brazil,Mateo Silva,Analytics Add-on,Software,18,405.0,7290.0,1260.0,6030.0
SO-2025-05556,2025-08-11,2025-08,APAC,India,Haruto Sato,USB-C Dock,Accessories,8,147.6,1180.8,704.0,476.8
SO-2025-05156,2025-08-12,2025-08,North America,Canada,Liam Chen,Mechanical Keyboard,Accessories,7,117.0,819.0,434.0,385.0
SO-2025-02282,2025-08-12,2025-08,North America,United States,Liam Chen,Wireless Mouse,Accessories,2,56.55,113.1,48.0,65.1
SO-2025-05239,2025-08-12,2025-08,LATAM,Brazil,Camila Rojas,USB-C Dock,Accessories,10,178.2,1782.0,880.0,902.0
SO-2025-00767,2025-08-12,2025-08,North America,Canada,Ava Thompson,UltraWide Monitor 34,Hardware,4,539.4,2157.6,1640.0,517.6
SO-2025-00278,2025-08-12,2025-08,North America,Mexico,Ava Thompson,Laptop Pro 15,Hardware,2,1290.5,2581.0,1960.0,621.0
SO-2025-03869,2025-08-12,2025-08,Europe,Spain,Noah Muller,Security Suite,Software,23,623.0,14329.0,2530.0,11799.0
SO-2025-00090,2025-08-12,2025-08,Europe,France,Emma Laurent,CRM Suite (annual),Software,9,846.0,7614.0,1260.0,6354.0
SO-2025-02538,2025-08-12,2025-08,North America,Mexico,Sofia Ramirez,Mechanical Keyboard,Accessories,8,124.8,998.4,496.0,502.4
SO-2025-04913,2025-08-12,2025-08,APAC,Australia,Priya Nair,Noise-Cancel Headset,Accessories,4,216.0,864.0,472.0,392.0
SO-2025-01596,2025-08-12,2025-08,Europe,United Kingdom,Emma Laurent,CRM Suite (annual),Software,21,837.0,17577.0,2940.0,14637.0
SO-2025-00877,2025-08-12,2025-08,APAC,Japan,Haruto Sato,USB-C Dock,Accessories,6,151.2,907.2,528.0,379.2
SO-2025-04829,2025-08-12,2025-08,North America,Mexico,Liam Chen,Laptop Air 13,Hardware,4,966.0,3864.0,2800.0,1064.0
SO-2025-00302,2025-08-12,2025-08,North America,Canada,Sofia Ramirez,Analytics Add-on,Software,15,441.0,6615.0,1050.0,5565.0
SO-2025-04315,2025-08-12,2025-08,APAC,Australia,Chloe Wong,UltraWide Monitor 34,Hardware,2,508.4,1016.8,820.0,196.8
SO-2025-00897,2025-08-13,2025-08,North America,Canada,Sofia Ramirez,Wireless Mouse,Accessories,10,57.2,572.0,240.0,332.0
SO-2025-04367,2025-08-13,2025-08,APAC,Japan,Chloe Wong,Mechanical Keyboard,Accessories,10,110.5,1105.0,620.0,485.0
SO-2025-01110,2025-08-13,2025-08,LATAM,Brazil,Camila Rojas,Laptop Pro 15,Hardware,4,1392.0,5568.0,3920.0,1648.0
SO-2025-01606,2025-08-13,2025-08,APAC,Singapore,Chloe Wong,Mechanical Keyboard,Accessories,8,111.8,894.4,496.0,398.4
SO-2025-00116,2025-08-13,2025-08,North America,Mexico,Sofia Ramirez,CRM Suite (annual),Software,5,747.0,3735.0,700.0,3035.0
SO-2025-03120,2025-08-13,2025-08,North America,Canada,Sofia Ramirez,UltraWide Monitor 34,Hardware,3,527.0,1581.0,1230.0,351.0
SO-2025-02547,2025-08-13,2025-08,North America,Mexico,Liam Chen,Mechanical Keyboard,Accessories,8,109.2,873.6,496.0,377.6
SO-2025-01767,2025-08-13,2025-08,North America,Canada,Ava Thompson,Analytics Add-on,Software,24,378.0,9072.0,1680.0,7392.0
SO-2025-00167,2025-08-13,2025-08,Europe,France,Noah Muller,Mechanical Keyboard,Accessories,6,109.2,655.2,372.0,283.2
SO-2025-03705,2025-08-13,2025-08,LATAM,Brazil,Diego Fernandez,Laptop Air 13,Hardware,3,945.0,2835.0,2100.0,735.0
SO-2025-02244,2025-08-13,2025-08,Europe,Spain,Oliver Smith,Wireless Mouse,Accessories,3,53.95,161.85,72.0,89.85
SO-2025-05175,2025-08-13,2025-08,North America,United States,Liam Chen,Analytics Add-on,Software,17,396.0,6732.0,1190.0,5542.0
SO-2025-04911,2025-08-13,2025-08,APAC,India,Chloe Wong,Laptop Air 13,Hardware,1,934.5,934.5,700.0,234.5
SO-2025-03988,2025-08-14,2025-08,LATAM,Argentina,Camila Rojas,Security Suite,Software,8,623.0,4984.0,880.0,4104.0
SO-2025-03804,2025-08-14,2025-08,Europe,Spain,Emma Laurent,Laptop Air 13,Hardware,2,882.0,1764.0,1400.0,364.0
SO-2025-00327,2025-08-14,2025-08,North America,United States,Liam Chen,USB-C Dock,Accessories,10,158.4,1584.0,880.0,704.0
SO-2025-03059,2025-08-14,2025-08,North America,Canada,Liam Chen,Noise-Cancel Headset,Accessories,10,196.8,1968.0,1180.0,788.0
SO-2025-01352,2025-08-14,2025-08,North America,Canada,Ava Thompson,Noise-Cancel Headset,Accessories,7,199.2,1394.4,826.0,568.4
SO-2025-04431,2025-08-14,2025-08,Europe,United Kingdom,Emma Laurent,USB-C Dock,Accessories,1,145.8,145.8,88.0,57.8
SO-2025-01599,2025-08-14,2025-08,APAC,Singapore,Haruto Sato,UltraWide Monitor 34,Hardware,3,545.6,1636.8,1230.0,406.8
SO-2025-01295,2025-08-14,2025-08,Europe,Germany,Oliver Smith,Laptop Pro 15,Hardware,3,1450.0,4350.0,2940.0,1410.0
SO-2025-02268,2025-08-14,2025-08,APAC,Singapore,Chloe Wong,Wireless Mouse,Accessories,5,53.95,269.75,120.0,149.75
SO-2025-05838,2025-08-14,2025-08,APAC,Australia,Priya Nair,USB-C Dock,Accessories,2,151.2,302.4,176.0,126.4
SO-2025-03585,2025-08-14,2025-08,APAC,Singapore,Priya Nair,USB-C Dock,Accessories,2,160.2,320.4,176.0,144.4
SO-2025-03887,2025-08-14,2025-08,LATAM,Chile,Mateo Silva,CRM Suite (annual),Software,19,846.0,16074.0,2660.0,13414.0
SO-2025-05078,2025-08-14,2025-08,LATAM,Brazil,Mateo Silva,UltraWide Monitor 34,Hardware,3,502.2,1506.6,1230.0,276.6
SO-2025-04648,2025-08-14,2025-08,Europe,Spain,Noah Muller,Analytics Add-on,Software,18,423.0,7614.0,1260.0,6354.0
SO-2025-03280,2025-08-14,2025-08,Europe,France,Noah Muller,CRM Suite (annual),Software,24,756.0,18144.0,3360.0,14784.0
SO-2025-05005,2025-08-14,2025-08,North America,Canada,Liam Chen,Noise-Cancel Headset,Accessories,3,201.6,604.8,354.0,250.8
SO-2025-03131,2025-08-14,2025-08,LATAM,Argentina,Diego Fernandez,Wireless Mouse,Accessories,4,59.15,236.6,96.0,140.6
SO-2025-03799,2025-08-15,2025-08,APAC,Singapore,Chloe Wong,Mechanical Keyboard,Accessories,2,115.7,231.4,124.0,107.4
SO-2025-05785,2025-08-15,2025-08,North America,United States,Liam Chen,Noise-Cancel Headset,Accessories,10,216.0,2160.0,1180.0,980.0
SO-2025-05986,2025-08-15,2025-08,North America,United States,Ava Thompson,CRM Suite (annual),Software,20,765.0,15300.0,2800.0,12500.0
SO-2025-04609,2025-08-15,2025-08,North America,Canada,Liam Chen,Laptop Pro 15,Hardware,1,1305.0,1305.0,980.0,325.0
SO-2025-00343,2025-08-15,2025-08,North America,Canada,Sofia Ramirez,USB-C Dock,Accessories,9,174.6,1571.4,792.0,779.4
SO-2025-03987,2025-08-15,2025-08,North America,United States,Ava Thompson,Noise-Cancel Headset,Accessories,9,225.6,2030.4,1062.0,968.4
SO-2025-02883,2025-08-15,2025-08,APAC,Singapore,Haruto Sato,Analytics Add-on,Software,4,369.0,1476.0,280.0,1196.0
SO-2025-05454,2025-08-15,2025-08,Europe,Germany,Oliver Smith,Mechanical Keyboard,Accessories,8,109.2,873.6,496.0,377.6
SO-2025-00110,2025-08-15,2025-08,North America,Canada,Liam Chen,Laptop Air 13,Hardware,4,871.5,3486.0,2800.0,686.0
SO-2025-05394,2025-08-15,2025-08,North America,Canada,Liam Chen,Laptop Pro 15,Hardware,3,1276.0,3828.0,2940.0,888.0
SO-2025-05104,2025-08-15,2025-08,APAC,Australia,Chloe Wong,Analytics Add-on,Software,13,418.5,5440.5,910.0,4530.5
SO-2025-00481,2025-08-15,2025-08,APAC,Singapore,Haruto Sato,Analytics Add-on,Software,19,396.0,7524.0,1330.0,6194.0
SO-2025-00854,2025-08-15,2025-08,North America,United States,Ava Thompson,USB-C Dock,Accessories,1,156.6,156.6,88.0,68.6
SO-2025-04587,2025-08-15,2025-08,North America,United States,Liam Chen,Laptop Air 13,Hardware,4,997.5,3990.0,2800.0,1190.0
SO-2025-04158,2025-08-15,2025-08,North America,United States,Liam Chen,Laptop Air 13,Hardware,2,850.5,1701.0,1400.0,301.0
SO-2025-02647,2025-08-15,2025-08,North America,Mexico,Sofia Ramirez,Analytics Add-on,Software,25,450.0,11250.0,1750.0,9500.0
SO-2025-03764,2025-08-15,2025-08,North America,United States,Sofia Ramirez,Laptop Pro 15,Hardware,1,1174.5,1174.5,980.0,194.5
SO-2025-00656,2025-08-15,2025-08,North America,Mexico,Sofia Ramirez,Mechanical Keyboard,Accessories,3,106.6,319.8,186.0,133.8
SO-2025-02307,2025-08-16,2025-08,North America,Mexico,Sofia Ramirez,Wireless Mouse,Accessories,10,52.65,526.5,240.0,286.5
SO-2025-04421,2025-08-16,2025-08,North America,Mexico,Sofia Ramirez,Analytics Add-on,Software,15,441.0,6615.0,1050.0,5565.0
SO-2025-02972,2025-08-16,2025-08,North America,Canada,Sofia Ramirez,Wireless Mouse,Accessories,10,62.4,624.0,240.0,384.0
SO-2025-04255,2025-08-16,2025-08,Europe,United Kingdom,Emma Laurent,Mechanical Keyboard,Accessories,5,130.0,650.0,310.0,340.0
SO-2025-01001,2025-08-16,2025-08,North America,Canada,Liam Chen,CRM Suite (annual),Software,25,738.0,18450.0,3500.0,14950.0
SO-2025-03258,2025-08-16,2025-08,North America,Mexico,Sofia Ramirez,UltraWide Monitor 34,Hardware,1,582.8,582.8,410.0,172.8
SO-2025-02754,2025-08-16,2025-08,North America,United States,Sofia Ramirez,Security Suite,Software,22,602.0,13244.0,2420.0,10824.0
SO-2025-04010,2025-08-16,2025-08,Europe,Spain,Oliver Smith,UltraWide Monitor 34,Hardware,4,514.6,2058.4,1640.0,418.4
SO-2025-04306,2025-08-16,2025-08,Europe,France,Noah Muller,Analytics Add-on,Software,2,432.0,864.0,140.0,724.0
SO-2025-05865,2025-08-16,2025-08,Europe,France,Noah Muller,CRM Suite (annual),Software,11,900.0,9900.0,1540.0,8360.0
SO-2025-01399,2025-08-16,2025-08,Europe,United Kingdom,Oliver Smith,Laptop Pro 15,Hardware,2,1174.5,2349.0,1960.0,389.0
SO-2025-03261,2025-08-17,2025-08,Europe,France,Noah Muller,Laptop Pro 15,Hardware,1,1363.0,1363.0,980.0,383.0
SO-2025-00601,2025-08-17,2025-08,North America,United States,Sofia Ramirez,Security Suite,Software,18,588.0,10584.0,1980.0,8604.0
SO-2025-00523,2025-08-17,2025-08,North America,Canada,Ava Thompson,USB-C Dock,Accessories,1,160.2,160.2,88.0,72.2
SO-2025-03862,2025-08-17,2025-08,North America,United States,Ava Thompson,Mechanical Keyboard,Accessories,1,124.8,124.8,62.0,62.8
SO-2025-05321,2025-08-17,2025-08,North America,Mexico,Liam Chen,Analytics Add-on,Software,6,414.0,2484.0,420.0,2064.0
SO-2025-05509,2025-08-17,2025-08,North America,United States,Ava Thompson,UltraWide Monitor 34,Hardware,3,539.4,1618.2,1230.0,388.2
SO-2025-01380,2025-08-17,2025-08,North America,Mexico,Ava Thompson,Laptop Pro 15,Hardware,1,1203.5,1203.5,980.0,223.5
SO-2025-00385,2025-08-17,2025-08,APAC,Japan,Priya Nair,Security Suite,Software,5,644.0,3220.0,550.0,2670.0
SO-2025-01737,2025-08-17,2025-08,Europe,France,Oliver Smith,UltraWide Monitor 34,Hardware,2,576.6,1153.2,820.0,333.2
SO-2025-05929,2025-08-17,2025-08,APAC,Australia,Haruto Sato,Wireless Mouse,Accessories,10,58.5,585.0,240.0,345.0
SO-2025-00993,2025-08-18,2025-08,North America,Mexico,Liam Chen,Analytics Add-on,Software,4,405.0,1620.0,280.0,1340.0
SO-2025-04636,2025-08-18,2025-08,North America,Canada,Sofia Ramirez,Wireless Mouse,Accessories,3,58.5,175.5,72.0,103.5
SO-2025-00257,2025-08-18,2025-08,North America,Mexico,Sofia Ramirez,Noise-Cancel Headset,Accessories,5,211.2,1056.0,590.0,466.0
SO-2025-02955,2025-08-18,2025-08,North America,United States,Sofia Ramirez,Laptop Air 13,Hardware,2,1008.0,2016.0,1400.0,616.0
SO-2025-02446,2025-08-18,2025-08,Europe,United Kingdom,Emma Laurent,USB-C Dock,Accessories,8,151.2,1209.6,704.0,505.6
SO-2025-04455,2025-08-18,2025-08,APAC,Australia,Priya Nair,Analytics Add-on,Software,5,432.0,2160.0,350.0,1810.0
SO-2025-04121,2025-08-18,2025-08,North America,Canada,Ava Thompson,Analytics Add-on,Software,23,396.0,9108.0,1610.0,7498.0
SO-2025-05942,2025-08-18,2025-08,APAC,Japan,Haruto Sato,Analytics Add-on,Software,24,409.5,9828.0,1680.0,8148.0
SO-2025-00454,2025-08-18,2025-08,North America,Canada,Sofia Ramirez,Wireless Mouse,Accessories,1,54.6,54.6,24.0,30.6
SO-2025-00260,2025-08-18,2025-08,North America,Canada,Liam Chen,Security Suite,Software,5,658.0,3290.0,550.0,2740.0
SO-2025-03536,2025-08-18,2025-08,Europe,United Kingdom,Emma Laurent,Wireless Mouse,Accessories,2,56.55,113.1,48.0,65.1
SO-2025-00114,2025-08-18,2025-08,Europe,Germany,Noah Muller,Wireless Mouse,Accessories,2,56.55,113.1,48.0,65.1
SO-2025-01632,2025-08-18,2025-08,Europe,United Kingdom,Emma Laurent,Mechanical Keyboard,Accessories,6,109.2,655.2,372.0,283.2
SO-2025-00119,2025-08-18,2025-08,North America,Canada,Ava Thompson,Security Suite,Software,8,623.0,4984.0,880.0,4104.0
SO-2025-03169,2025-08-18,2025-08,LATAM,Argentina,Camila Rojas,Laptop Pro 15,Hardware,3,1305.0,3915.0,2940.0,975.0
SO-2025-02678,2025-08-18,2025-08,Europe,Spain,Emma Laurent,Security Suite,Software,4,595.0,2380.0,440.0,1940.0
SO-2025-05995,2025-08-18,2025-08,APAC,Japan,Chloe Wong,Analytics Add-on,Software,17,445.5,7573.5,1190.0,6383.5
SO-2025-04986,2025-08-18,2025-08,Europe,Spain,Emma Laurent,Laptop Air 13,Hardware,2,955.5,1911.0,1400.0,511.0
SO-2025-03591,2025-08-19,2025-08,North America,Mexico,Ava Thompson,CRM Suite (annual),Software,4,765.0,3060.0,560.0,2500.0
SO-2025-02288,2025-08-19,2025-08,LATAM,Brazil,Camila Rojas,Laptop Air 13,Hardware,2,924.0,1848.0,1400.0,448.0
SO-2025-03172,2025-08-19,2025-08,APAC,Singapore,Haruto Sato,Wireless Mouse,Accessories,3,65.0,195.0,72.0,123.0
SO-2025-04344,2025-08-19,2025-08,Europe,Germany,Oliver Smith,Wireless Mouse,Accessories,6,57.2,343.2,144.0,199.2
SO-2025-01206,2025-08-19,2025-08,Europe,United Kingdom,Oliver Smith,Laptop Air 13,Hardware,4,840.0,3360.0,2800.0,560.0
SO-2025-00128,2025-08-19,2025-08,APAC,Australia,Haruto Sato,Laptop Air 13,Hardware,4,924.0,3696.0,2800.0,896.0
SO-2025-00320,2025-08-19,2025-08,APAC,Singapore,Chloe Wong,Security Suite,Software,11,644.0,7084.0,1210.0,5874.0
SO-2025-04354,2025-08-19,2025-08,APAC,Singapore,Priya Nair,Wireless Mouse,Accessories,10,52.65,526.5,240.0,286.5
SO-2025-05368,2025-08-19,2025-08,APAC,Singapore,Priya Nair,Wireless Mouse,Accessories,1,60.45,60.45,24.0,36.45
SO-2025-05769,2025-08-19,2025-08,Europe,United Kingdom,Emma Laurent,Analytics Add-on,Software,13,373.5,4855.5,910.0,3945.5
SO-2025-00427,2025-08-19,2025-08,LATAM,Argentina,Diego Fernandez,Mechanical Keyboard,Accessories,8,128.7,1029.6,496.0,533.6
SO-2025-02509,2025-08-19,2025-08,APAC,India,Haruto Sato,Wireless Mouse,Accessories,4,52.65,210.6,96.0,114.6
SO-2025-02933,2025-08-19,2025-08,Europe,United Kingdom,Emma Laurent,Laptop Air 13,Hardware,1,871.5,871.5,700.0,171.5
SO-2025-02381,2025-08-19,2025-08,APAC,Japan,Chloe Wong,USB-C Dock,Accessories,1,149.4,149.4,88.0,61.4
SO-2025-01969,2025-08-20,2025-08,Europe,France,Oliver Smith,UltraWide Monitor 34,Hardware,3,514.6,1543.8,1230.0,313.8
SO-2025-04077,2025-08-20,2025-08,Europe,France,Emma Laurent,Mechanical Keyboard,Accessories,5,107.9,539.5,310.0,229.5
SO-2025-03634,2025-08-20,2025-08,Europe,Spain,Noah Muller,Wireless Mouse,Accessories,2,59.15,118.3,48.0,70.3
SO-2025-05562,2025-08-20,2025-08,North America,Mexico,Ava Thompson,Analytics Add-on,Software,6,432.0,2592.0,420.0,2172.0
SO-2025-02764,2025-08-20,2025-08,LATAM,Argentina,Diego Fernandez,Laptop Pro 15,Hardware,3,1276.0,3828.0,2940.0,888.0
SO-2025-01258,2025-08-20,2025-08,North America,Mexico,Liam Chen,UltraWide Monitor 34,Hardware,4,607.6,2430.4,1640.0,790.4
SO-2025-02881,2025-08-20,2025-08,LATAM,Brazil,Mateo Silva,Laptop Pro 15,Hardware,3,1435.5,4306.5,2940.0,1366.5
SO-2025-03548,2025-08-20,2025-08,APAC,Japan,Priya Nair,Analytics Add-on,Software,2,427.5,855.0,140.0,715.0
SO-2025-03840,2025-08-20,2025-08,North America,Mexico,Sofia Ramirez,Analytics Add-on,Software,3,432.0,1296.0,210.0,1086.0
SO-2025-01223,2025-08-20,2025-08,North America,United States,Ava Thompson,Mechanical Keyboard,Accessories,7,124.8,873.6,434.0,439.6
SO-2025-00812,2025-08-20,2025-08,North America,United States,Liam Chen,Mechanical Keyboard,Accessories,7,122.2,855.4,434.0,421.4
SO-2025-05947,2025-08-20,2025-08,APAC,Japan,Priya Nair,UltraWide Monitor 34,Hardware,3,607.6,1822.8,1230.0,592.8
SO-2025-02289,2025-08-20,2025-08,North America,Canada,Ava Thompson,Security Suite,Software,24,637.0,15288.0,2640.0,12648.0
SO-2025-03159,2025-08-20,2025-08,APAC,India,Haruto Sato,Analytics Add-on,Software,20,387.0,7740.0,1400.0,6340.0
SO-2025-04222,2025-08-20,2025-08,North America,United States,Ava Thompson,Analytics Add-on,Software,24,364.5,8748.0,1680.0,7068.0
SO-2025-00364,2025-08-20,2025-08,Europe,France,Oliver Smith,Mechanical Keyboard,Accessories,10,123.5,1235.0,620.0,615.0
SO-2025-02300,2025-08-20,2025-08,APAC,Singapore,Chloe Wong,Wireless Mouse,Accessories,10,59.15,591.5,240.0,351.5
SO-2025-05020,2025-08-20,2025-08,North America,Mexico,Sofia Ramirez,Laptop Air 13,Hardware,1,892.5,892.5,700.0,192.5
SO-2025-04246,2025-08-20,2025-08,APAC,Australia,Haruto Sato,Wireless Mouse,Accessories,10,55.25,552.5,240.0,312.5
SO-2025-01821,2025-08-20,2025-08,APAC,India,Priya Nair,Laptop Pro 15,Hardware,1,1247.0,1247.0,980.0,267.0
SO-2025-03189,2025-08-21,2025-08,APAC,Japan,Haruto Sato,Noise-Cancel Headset,Accessories,7,240.0,1680.0,826.0,854.0
SO-2025-04292,2025-08-21,2025-08,APAC,Australia,Haruto Sato,Wireless Mouse,Accessories,8,52.65,421.2,192.0,229.2
SO-2025-03069,2025-08-21,2025-08,North America,Mexico,Liam Chen,Mechanical Keyboard,Accessories,3,122.2,366.6,186.0,180.6
SO-2025-01992,2025-08-21,2025-08,APAC,Singapore,Chloe Wong,Analytics Add-on,Software,13,400.5,5206.5,910.0,4296.5
SO-2025-03440,2025-08-21,2025-08,North America,Canada,Ava Thompson,Noise-Cancel Headset,Accessories,1,232.8,232.8,118.0,114.8
SO-2025-03282,2025-08-21,2025-08,Europe,Germany,Oliver Smith,Wireless Mouse,Accessories,4,60.45,241.8,96.0,145.8
SO-2025-05339,2025-08-21,2025-08,North America,United States,Ava Thompson,Laptop Pro 15,Hardware,1,1450.0,1450.0,980.0,470.0
SO-2025-02629,2025-08-21,2025-08,Europe,Spain,Noah Muller,USB-C Dock,Accessories,7,145.8,1020.6,616.0,404.6
SO-2025-05189,2025-08-21,2025-08,North America,Canada,Sofia Ramirez,Noise-Cancel Headset,Accessories,4,216.0,864.0,472.0,392.0
SO-2025-00576,2025-08-21,2025-08,APAC,Japan,Haruto Sato,Laptop Pro 15,Hardware,2,1406.5,2813.0,1960.0,853.0
SO-2025-05032,2025-08-21,2025-08,North America,Mexico,Liam Chen,Analytics Add-on,Software,25,436.5,10912.5,1750.0,9162.5
SO-2025-00103,2025-08-21,2025-08,North America,Canada,Ava Thompson,Laptop Pro 15,Hardware,2,1218.0,2436.0,1960.0,476.0
SO-2025-04327,2025-08-21,2025-08,APAC,Japan,Haruto Sato,Noise-Cancel Headset,Accessories,10,196.8,1968.0,1180.0,788.0
SO-2025-02494,2025-08-21,2025-08,Europe,United Kingdom,Noah Muller,Security Suite,Software,11,574.0,6314.0,1210.0,5104.0
SO-2025-05637,2025-08-21,2025-08,Europe,United Kingdom,Emma Laurent,Wireless Mouse,Accessories,10,58.5,585.0,240.0,345.0
SO-2025-02345,2025-08-21,2025-08,APAC,Singapore,Priya Nair,Analytics Add-on,Software,17,360.0,6120.0,1190.0,4930.0
SO-2025-02867,2025-08-21,2025-08,North America,United States,Ava Thompson,Wireless Mouse,Accessories,2,54.6,109.2,48.0,61.2
SO-2025-00058,2025-08-21,2025-08,North America,Canada,Liam Chen,Noise-Cancel Headset,Accessories,9,218.4,1965.6,1062.0,903.6
SO-2025-01945,2025-08-22,2025-08,APAC,Singapore,Haruto Sato,Wireless Mouse,Accessories,8,61.75,494.0,192.0,302.0
SO-2025-03559,2025-08-22,2025-08,APAC,Singapore,Haruto Sato,CRM Suite (annual),Software,20,900.0,18000.0,2800.0,15200.0
SO-2025-04412,2025-08-22,2025-08,LATAM,Chile,Mateo Silva,Wireless Mouse,Accessories,1,52.65,52.65,24.0,28.65
SO-2025-02949,2025-08-22,2025-08,APAC,Japan,Chloe Wong,Security Suite,Software,6,616.0,3696.0,660.0,3036.0
SO-2025-01422,2025-08-22,2025-08,APAC,Australia,Chloe Wong,CRM Suite (annual),Software,9,873.0,7857.0,1260.0,6597.0
SO-2025-03654,2025-08-22,2025-08,LATAM,Brazil,Mateo Silva,Mechanical Keyboard,Accessories,7,127.4,891.8,434.0,457.8
SO-2025-05377,2025-08-22,2025-08,North America,Canada,Ava Thompson,Laptop Pro 15,Hardware,2,1232.5,2465.0,1960.0,505.0
SO-2025-00353,2025-08-22,2025-08,North America,United States,Ava Thompson,Mechanical Keyboard,Accessories,3,120.9,362.7,186.0,176.7
SO-2025-05570,2025-08-22,2025-08,LATAM,Argentina,Mateo Silva,Security Suite,Software,21,588.0,12348.0,2310.0,10038.0
SO-2025-05397,2025-08-22,2025-08,North America,Mexico,Liam Chen,Wireless Mouse,Accessories,4,63.7,254.8,96.0,158.8
SO-2025-03698,2025-08-22,2025-08,APAC,India,Priya Nair,Wireless Mouse,Accessories,7,61.75,432.25,168.0,264.25
SO-2025-05702,2025-08-22,2025-08,APAC,India,Priya Nair,Security Suite,Software,2,623.0,1246.0,220.0,1026.0
SO-2025-05501,2025-08-22,2025-08,Europe,France,Emma Laurent,Laptop Pro 15,Hardware,3,1276.0,3828.0,2940.0,888.0
SO-2025-00336,2025-08-22,2025-08,APAC,Japan,Chloe Wong,Wireless Mouse,Accessories,4,59.15,236.6,96.0,140.6
SO-2025-03881,2025-08-23,2025-08,North America,Canada,Sofia Ramirez,USB-C Dock,Accessories,8,153.0,1224.0,704.0,520.0
SO-2025-00602,2025-08-23,2025-08,Europe,Spain,Oliver Smith,Wireless Mouse,Accessories,4,55.25,221.0,96.0,125.0
SO-2025-02498,2025-08-23,2025-08,Europe,France,Noah Muller,Analytics Add-on,Software,8,360.0,2880.0,560.0,2320.0
SO-2025-04516,2025-08-23,2025-08,North America,Mexico,Liam Chen,Security Suite,Software,5,588.0,2940.0,550.0,2390.0
SO-2025-03115,2025-08-23,2025-08,Europe,Germany,Noah Muller,USB-C Dock,Accessories,3,145.8,437.4,264.0,173.4
SO-2025-00867,2025-08-23,2025-08,Europe,Germany,Noah Muller,Laptop Air 13,Hardware,4,987.0,3948.0,2800.0,1148.0
SO-2025-00551,2025-08-23,2025-08,APAC,India,Chloe Wong,Laptop Air 13,Hardware,3,924.0,2772.0,2100.0,672.0
SO-2025-01944,2025-08-23,2025-08,APAC,Australia,Chloe Wong,Wireless Mouse,Accessories,1,55.9,55.9,24.0,31.9
SO-2025-00012,2025-08-23,2025-08,North America,Mexico,Liam Chen,Wireless Mouse,Accessories,8,63.05,504.4,192.0,312.4
SO-2025-02737,2025-08-23,2025-08,Europe,France,Noah Muller,Laptop Air 13,Hardware,3,1018.5,3055.5,2100.0,955.5
SO-2025-00932,2025-08-23,2025-08,LATAM,Argentina,Diego Fernandez,Wireless Mouse,Accessories,4,52.65,210.6,96.0,114.6
SO-2025-01797,2025-08-23,2025-08,Europe,Spain,Oliver Smith,Noise-Cancel Headset,Accessories,5,225.6,1128.0,590.0,538.0
SO-2025-02343,2025-08-23,2025-08,APAC,India,Chloe Wong,Laptop Pro 15,Hardware,2,1261.5,2523.0,1960.0,563.0
SO-2025-03106,2025-08-24,2025-08,North America,Canada,Liam Chen,Analytics Add-on,Software,16,378.0,6048.0,1120.0,4928.0
SO-2025-02922,2025-08-24,2025-08,Europe,Spain,Oliver Smith,Laptop Pro 15,Hardware,1,1218.0,1218.0,980.0,238.0
SO-2025-02368,2025-08-24,2025-08,North America,Mexico,Liam Chen,Laptop Pro 15,Hardware,4,1305.0,5220.0,3920.0,1300.0
SO-2025-00599,2025-08-24,2025-08,APAC,India,Priya Nair,Security Suite,Software,9,665.0,5985.0,990.0,4995.0
SO-2025-02838,2025-08-24,2025-08,North America,Mexico,Ava Thompson,Security Suite,Software,18,637.0,11466.0,1980.0,9486.0
SO-2025-01519,2025-08-24,2025-08,Europe,Germany,Emma Laurent,Mechanical Keyboard,Accessories,2,111.8,223.6,124.0,99.6
SO-2025-02136,2025-08-24,2025-08,APAC,Singapore,Haruto Sato,CRM Suite (annual),Software,11,891.0,9801.0,1540.0,8261.0
SO-2025-01908,2025-08-24,2025-08,North America,Mexico,Sofia Ramirez,UltraWide Monitor 34,Hardware,3,576.6,1729.8,1230.0,499.8
SO-2025-02227,2025-08-24,2025-08,APAC,Singapore,Haruto Sato,CRM Suite (annual),Software,8,747.0,5976.0,1120.0,4856.0
SO-2025-01782,2025-08-24,2025-08,North America,United States,Ava Thompson,Security Suite,Software,25,595.0,14875.0,2750.0,12125.0
SO-2025-00193,2025-08-24,2025-08,APAC,Japan,Chloe Wong,Mechanical Keyboard,Accessories,10,126.1,1261.0,620.0,641.0
SO-2025-00536,2025-08-24,2025-08,Europe,Germany,Emma Laurent,Wireless Mouse,Accessories,2,62.4,124.8,48.0,76.8
SO-2025-00204,2025-08-24,2025-08,Europe,Spain,Noah Muller,Analytics Add-on,Software,8,423.0,3384.0,560.0,2824.0
SO-2025-01868,2025-08-24,2025-08,APAC,Singapore,Priya Nair,CRM Suite (annual),Software,16,837.0,13392.0,2240.0,11152.0
SO-2025-03183,2025-08-24,2025-08,Europe,United Kingdom,Oliver Smith,Analytics Add-on,Software,9,382.5,3442.5,630.0,2812.5
SO-2025-03191,2025-08-25,2025-08,North America,Mexico,Liam Chen,Noise-Cancel Headset,Accessories,1,218.4,218.4,118.0,100.4
SO-2025-03520,2025-08-25,2025-08,APAC,Australia,Haruto Sato,CRM Suite (annual),Software,20,747.0,14940.0,2800.0,12140.0
SO-2025-04697,2025-08-25,2025-08,LATAM,Chile,Camila Rojas,Noise-Cancel Headset,Accessories,10,211.2,2112.0,1180.0,932.0
SO-2025-05410,2025-08-25,2025-08,Europe,Spain,Oliver Smith,Noise-Cancel Headset,Accessories,9,232.8,2095.2,1062.0,1033.2
SO-2025-03859,2025-08-25,2025-08,Europe,Spain,Noah Muller,Analytics Add-on,Software,23,441.0,10143.0,1610.0,8533.0
SO-2025-00733,2025-08-25,2025-08,North America,Mexico,Liam Chen,Mechanical Keyboard,Accessories,10,114.4,1144.0,620.0,524.0
SO-2025-04502,2025-08-25,2025-08,Europe,France,Emma Laurent,USB-C Dock,Accessories,5,162.0,810.0,440.0,370.0
SO-2025-01567,2025-08-25,2025-08,Europe,France,Oliver Smith,Analytics Add-on,Software,22,369.0,8118.0,1540.0,6578.0
SO-2025-05362,2025-08-25,2025-08,North America,Canada,Ava Thompson,Noise-Cancel Headset,Accessories,6,220.8,1324.8,708.0,616.8
SO-2025-02389,2025-08-25,2025-08,APAC,Singapore,Haruto Sato,Wireless Mouse,Accessories,4,59.8,239.2,96.0,143.2
SO-2025-02056,2025-08-25,2025-08,Europe,France,Emma Laurent,Laptop Pro 15,Hardware,1,1319.5,1319.5,980.0,339.5
SO-2025-01765,2025-08-25,2025-08,Europe,Germany,Emma Laurent,Noise-Cancel Headset,Accessories,2,230.4,460.8,236.0,224.8
SO-2025-04557,2025-08-25,2025-08,APAC,Australia,Priya Nair,USB-C Dock,Accessories,7,165.6,1159.2,616.0,543.2
SO-2025-01518,2025-08-26,2025-08,North America,Canada,Ava Thompson,Mechanical Keyboard,Accessories,5,105.3,526.5,310.0,216.5
SO-2025-04855,2025-08-26,2025-08,Europe,Spain,Oliver Smith,UltraWide Monitor 34,Hardware,1,570.4,570.4,410.0,160.4
SO-2025-02362,2025-08-26,2025-08,North America,Mexico,Liam Chen,USB-C Dock,Accessories,9,174.6,1571.4,792.0,779.4
SO-2025-04796,2025-08-26,2025-08,Europe,France,Noah Muller,Analytics Add-on,Software,3,418.5,1255.5,210.0,1045.5
SO-2025-00759,2025-08-26,2025-08,LATAM,Chile,Camila Rojas,USB-C Dock,Accessories,4,174.6,698.4,352.0,346.4
SO-2025-02028,2025-08-26,2025-08,APAC,Japan,Haruto Sato,USB-C Dock,Accessories,4,147.6,590.4,352.0,238.4
SO-2025-05253,2025-08-26,2025-08,Europe,Spain,Emma Laurent,Laptop Air 13,Hardware,3,1008.0,3024.0,2100.0,924.0
SO-2025-05375,2025-08-26,2025-08,Europe,United Kingdom,Emma Laurent,Wireless Mouse,Accessories,6,60.45,362.7,144.0,218.7
SO-2025-01035,2025-08-26,2025-08,APAC,India,Chloe Wong,Noise-Cancel Headset,Accessories,9,235.2,2116.8,1062.0,1054.8
SO-2025-03958,2025-08-26,2025-08,APAC,India,Priya Nair,Mechanical Keyboard,Accessories,1,126.1,126.1,62.0,64.1
SO-2025-01655,2025-08-26,2025-08,North America,United States,Liam Chen,Wireless Mouse,Accessories,6,63.05,378.3,144.0,234.3
SO-2025-01946,2025-08-26,2025-08,LATAM,Chile,Diego Fernandez,Laptop Pro 15,Hardware,1,1247.0,1247.0,980.0,267.0
SO-2025-04102,2025-08-26,2025-08,Europe,Germany,Noah Muller,Noise-Cancel Headset,Accessories,8,220.8,1766.4,944.0,822.4
SO-2025-00426,2025-08-26,2025-08,APAC,India,Chloe Wong,Laptop Pro 15,Hardware,3,1174.5,3523.5,2940.0,583.5
SO-2025-00916,2025-08-26,2025-08,North America,Mexico,Ava Thompson,CRM Suite (annual),Software,19,882.0,16758.0,2660.0,14098.0
SO-2025-01046,2025-08-26,2025-08,North America,Mexico,Liam Chen,Wireless Mouse,Accessories,9,62.4,561.6,216.0,345.6
SO-2025-04536,2025-08-26,2025-08,Europe,Spain,Noah Muller,Laptop Air 13,Hardware,3,924.0,2772.0,2100.0,672.0
SO-2025-00208,2025-08-26,2025-08,LATAM,Chile,Mateo Silva,Wireless Mouse,Accessories,8,64.35,514.8,192.0,322.8
SO-2025-00151,2025-08-26,2025-08,North America,Mexico,Ava Thompson,Laptop Air 13,Hardware,3,882.0,2646.0,2100.0,546.0
SO-2025-02422,2025-08-27,2025-08,Europe,France,Oliver Smith,Laptop Pro 15,Hardware,2,1319.5,2639.0,1960.0,679.0
SO-2025-05110,2025-08-27,2025-08,North America,United States,Sofia Ramirez,Mechanical Keyboard,Accessories,5,114.4,572.0,310.0,262.0
SO-2025-02438,2025-08-27,2025-08,Europe,United Kingdom,Noah Muller,Laptop Pro 15,Hardware,1,1319.5,1319.5,980.0,339.5
SO-2025-04200,2025-08-27,2025-08,North America,United States,Liam Chen,UltraWide Monitor 34,Hardware,4,570.4,2281.6,1640.0,641.6
SO-2025-00104,2025-08-27,2025-08,Europe,France,Emma Laurent,Laptop Air 13,Hardware,3,903.0,2709.0,2100.0,609.0
SO-2025-04378,2025-08-27,2025-08,North America,United States,Liam Chen,Mechanical Keyboard,Accessories,2,126.1,252.2,124.0,128.2
SO-2025-01524,2025-08-27,2025-08,APAC,Japan,Chloe Wong,Noise-Cancel Headset,Accessories,4,232.8,931.2,472.0,459.2
SO-2025-02771,2025-08-27,2025-08,Europe,United Kingdom,Oliver Smith,CRM Suite (annual),Software,2,846.0,1692.0,280.0,1412.0
SO-2025-05412,2025-08-27,2025-08,Europe,Germany,Emma Laurent,Analytics Add-on,Software,14,445.5,6237.0,980.0,5257.0
SO-2025-02944,2025-08-27,2025-08,Europe,France,Oliver Smith,Laptop Pro 15,Hardware,4,1435.5,5742.0,3920.0,1822.0
SO-2025-03442,2025-08-27,2025-08,North America,United States,Sofia Ramirez,Security Suite,Software,16,679.0,10864.0,1760.0,9104.0
SO-2025-03732,2025-08-27,2025-08,Europe,France,Noah Muller,Laptop Pro 15,Hardware,3,1261.5,3784.5,2940.0,844.5
SO-2025-04293,2025-08-27,2025-08,LATAM,Argentina,Camila Rojas,Laptop Pro 15,Hardware,4,1290.5,5162.0,3920.0,1242.0
SO-2025-01887,2025-08-27,2025-08,APAC,Australia,Chloe Wong,Noise-Cancel Headset,Accessories,5,204.0,1020.0,590.0,430.0
SO-2025-01929,2025-08-27,2025-08,APAC,Australia,Haruto Sato,Analytics Add-on,Software,13,441.0,5733.0,910.0,4823.0
SO-2025-04230,2025-08-27,2025-08,APAC,Japan,Priya Nair,Security Suite,Software,8,595.0,4760.0,880.0,3880.0
SO-2025-05211,2025-08-27,2025-08,North America,Mexico,Ava Thompson,Security Suite,Software,15,630.0,9450.0,1650.0,7800.0
SO-2025-02723,2025-08-27,2025-08,Europe,France,Emma Laurent,Wireless Mouse,Accessories,1,58.5,58.5,24.0,34.5
SO-2025-01328,2025-08-27,2025-08,Europe,United Kingdom,Noah Muller,CRM Suite (annual),Software,13,765.0,9945.0,1820.0,8125.0
SO-2025-02226,2025-08-27,2025-08,North America,Mexico,Ava Thompson,UltraWide Monitor 34,Hardware,4,601.4,2405.6,1640.0,765.6
SO-2025-02089,2025-08-28,2025-08,North America,United States,Liam Chen,UltraWide Monitor 34,Hardware,2,601.4,1202.8,820.0,382.8
SO-2025-05533,2025-08-28,2025-08,North America,Mexico,Sofia Ramirez,Analytics Add-on,Software,3,409.5,1228.5,210.0,1018.5
SO-2025-04925,2025-08-28,2025-08,North America,United States,Liam Chen,Wireless Mouse,Accessories,3,58.5,175.5,72.0,103.5
SO-2025-02450,2025-08-28,2025-08,North America,United States,Liam Chen,Security Suite,Software,18,581.0,10458.0,1980.0,8478.0
SO-2025-00122,2025-08-28,2025-08,North America,Canada,Ava Thompson,USB-C Dock,Accessories,8,180.0,1440.0,704.0,736.0
SO-2025-02131,2025-08-28,2025-08,North America,Canada,Liam Chen,Security Suite,Software,19,602.0,11438.0,2090.0,9348.0
SO-2025-05378,2025-08-28,2025-08,APAC,Australia,Haruto Sato,Mechanical Keyboard,Accessories,3,115.7,347.1,186.0,161.1
SO-2025-05389,2025-08-28,2025-08,North America,Mexico,Liam Chen,Security Suite,Software,6,630.0,3780.0,660.0,3120.0
SO-2025-05693,2025-08-28,2025-08,North America,United States,Liam Chen,Mechanical Keyboard,Accessories,2,106.6,213.2,124.0,89.2
SO-2025-03083,2025-08-28,2025-08,North America,United States,Liam Chen,Security Suite,Software,1,602.0,602.0,110.0,492.0
SO-2025-05277,2025-08-28,2025-08,Europe,France,Emma Laurent,Laptop Pro 15,Hardware,4,1261.5,5046.0,3920.0,1126.0
SO-2025-02686,2025-08-28,2025-08,APAC,Japan,Haruto Sato,Wireless Mouse,Accessories,10,59.15,591.5,240.0,351.5
SO-2025-03645,2025-08-28,2025-08,APAC,Singapore,Priya Nair,CRM Suite (annual),Software,25,828.0,20700.0,3500.0,17200.0
SO-2025-02469,2025-08-28,2025-08,APAC,India,Haruto Sato,USB-C Dock,Accessories,5,145.8,729.0,440.0,289.0
SO-2025-04182,2025-08-28,2025-08,LATAM,Brazil,Diego Fernandez,CRM Suite (annual),Software,6,864.0,5184.0,840.0,4344.0
SO-2025-03227,2025-08-28,2025-08,APAC,Australia,Chloe Wong,Security Suite,Software,25,609.0,15225.0,2750.0,12475.0
SO-2025-00793,2025-08-29,2025-08,APAC,Japan,Chloe Wong,Security Suite,Software,3,581.0,1743.0,330.0,1413.0
SO-2025-02448,2025-08-29,2025-08,North America,Mexico,Sofia Ramirez,UltraWide Monitor 34,Hardware,1,502.2,502.2,410.0,92.2
SO-2025-05952,2025-08-29,2025-08,Europe,United Kingdom,Oliver Smith,Mechanical Keyboard,Accessories,2,107.9,215.8,124.0,91.8
SO-2025-02228,2025-08-29,2025-08,North America,Mexico,Ava Thompson,USB-C Dock,Accessories,6,165.6,993.6,528.0,465.6
SO-2025-02184,2025-08-29,2025-08,North America,United States,Sofia Ramirez,Analytics Add-on,Software,10,382.5,3825.0,700.0,3125.0
SO-2025-00441,2025-08-29,2025-08,LATAM,Argentina,Diego Fernandez,Security Suite,Software,16,602.0,9632.0,1760.0,7872.0
SO-2025-00809,2025-08-30,2025-08,North America,Mexico,Ava Thompson,Wireless Mouse,Accessories,1,59.15,59.15,24.0,35.15
SO-2025-04515,2025-08-30,2025-08,North America,United States,Liam Chen,Laptop Air 13,Hardware,1,913.5,913.5,700.0,213.5
SO-2025-00006,2025-08-30,2025-08,North America,Mexico,Liam Chen,Analytics Add-on,Software,20,369.0,7380.0,1400.0,5980.0
SO-2025-02267,2025-08-30,2025-08,APAC,Singapore,Priya Nair,Laptop Pro 15,Hardware,3,1203.5,3610.5,2940.0,670.5
SO-2025-02302,2025-08-30,2025-08,North America,United States,Ava Thompson,Laptop Pro 15,Hardware,3,1377.5,4132.5,2940.0,1192.5
SO-2025-00355,2025-08-30,2025-08,Europe,Germany,Oliver Smith,Laptop Air 13,Hardware,3,1018.5,3055.5,2100.0,955.5
SO-2025-02224,2025-08-30,2025-08,North America,Canada,Sofia Ramirez,Analytics Add-on,Software,22,405.0,8910.0,1540.0,7370.0
SO-2025-02594,2025-08-30,2025-08,Europe,France,Emma Laurent,UltraWide Monitor 34,Hardware,1,545.6,545.6,410.0,135.6
SO-2025-01728,2025-08-30,2025-08,APAC,Singapore,Chloe Wong,Laptop Pro 15,Hardware,2,1160.0,2320.0,1960.0,360.0
SO-2025-00435,2025-08-30,2025-08,Europe,France,Oliver Smith,Laptop Pro 15,Hardware,3,1160.0,3480.0,2940.0,540.0
SO-2025-04670,2025-08-30,2025-08,Europe,United Kingdom,Emma Laurent,Laptop Air 13,Hardware,1,892.5,892.5,700.0,192.5
SO-2025-02761,2025-08-30,2025-08,LATAM,Argentina,Mateo Silva,Analytics Add-on,Software,7,409.5,2866.5,490.0,2376.5
SO-2025-05667,2025-08-30,2025-08,North America,United States,Sofia Ramirez,Noise-Cancel Headset,Accessories,8,223.2,1785.6,944.0,841.6
SO-2025-05691,2025-08-30,2025-08,Europe,Germany,Oliver Smith,Mechanical Keyboard,Accessories,2,104.0,208.0,124.0,84.0
SO-2025-05730,2025-08-30,2025-08,Europe,Germany,Oliver Smith,Analytics Add-on,Software,16,369.0,5904.0,1120.0,4784.0
SO-2025-02085,2025-08-30,2025-08,Europe,France,Noah Muller,Security Suite,Software,25,567.0,14175.0,2750.0,11425.0
SO-2025-02921,2025-08-30,2025-08,Europe,Spain,Oliver Smith,Laptop Air 13,Hardware,2,1008.0,2016.0,1400.0,616.0
SO-2025-00621,2025-08-30,2025-08,APAC,India,Haruto Sato,Wireless Mouse,Accessories,6,53.95,323.7,144.0,179.7
SO-2025-05740,2025-08-31,2025-08,North America,Canada,Liam Chen,Mechanical Keyboard,Accessories,4,106.6,426.4,248.0,178.4
SO-2025-00967,2025-08-31,2025-08,North America,Canada,Ava Thompson,Laptop Pro 15,Hardware,4,1203.5,4814.0,3920.0,894.0
SO-2025-00348,2025-08-31,2025-08,Europe,Spain,Oliver Smith,Laptop Air 13,Hardware,4,966.0,3864.0,2800.0,1064.0
SO-2025-02697,2025-08-31,2025-08,APAC,Japan,Haruto Sato,Laptop Air 13,Hardware,2,1008.0,2016.0,1400.0,616.0
SO-2025-03354,2025-08-31,2025-08,North America,Canada,Liam Chen,USB-C Dock,Accessories,5,154.8,774.0,440.0,334.0
SO-2025-02195,2025-08-31,2025-08,North America,Mexico,Sofia Ramirez,Laptop Pro 15,Hardware,4,1406.5,5626.0,3920.0,1706.0
SO-2025-00724,2025-08-31,2025-08,Europe,France,Noah Muller,Laptop Air 13,Hardware,3,987.0,2961.0,2100.0,861.0
SO-2025-04548,2025-08-31,2025-08,APAC,India,Chloe Wong,Noise-Cancel Headset,Accessories,2,237.6,475.2,236.0,239.2
SO-2025-04498,2025-08-31,2025-08,North America,Mexico,Ava Thompson,CRM Suite (annual),Software,7,738.0,5166.0,980.0,4186.0
SO-2025-00700,2025-08-31,2025-08,APAC,Australia,Priya Nair,Analytics Add-on,Software,5,382.5,1912.5,350.0,1562.5
SO-2025-01706,2025-08-31,2025-08,North America,Canada,Ava Thompson,Noise-Cancel Headset,Accessories,4,225.6,902.4,472.0,430.4
SO-2025-00076,2025-08-31,2025-08,North America,Mexico,Ava Thompson,Analytics Add-on,Software,21,445.5,9355.5,1470.0,7885.5
SO-2025-02095,2025-08-31,2025-08,Europe,Germany,Oliver Smith,Laptop Pro 15,Hardware,2,1232.5,2465.0,1960.0,505.0
SO-2025-03811,2025-08-31,2025-08,Europe,Spain,Oliver Smith,Laptop Pro 15,Hardware,3,1406.5,4219.5,2940.0,1279.5
SO-2025-03592,2025-09-01,2025-09,Europe,Spain,Emma Laurent,Mechanical Keyboard,Accessories,3,127.4,382.2,186.0,196.2
SO-2025-03849,2025-09-01,2025-09,Europe,France,Oliver Smith,Laptop Air 13,Hardware,3,955.5,2866.5,2100.0,766.5
SO-2025-00001,2025-09-01,2025-09,APAC,Australia,Haruto Sato,Laptop Air 13,Hardware,1,903.0,903.0,700.0,203.0
SO-2025-03864,2025-09-01,2025-09,North America,Canada,Liam Chen,Mechanical Keyboard,Accessories,5,128.7,643.5,310.0,333.5
SO-2025-02722,2025-09-01,2025-09,LATAM,Argentina,Camila Rojas,Mechanical Keyboard,Accessories,9,123.5,1111.5,558.0,553.5
SO-2025-04330,2025-09-01,2025-09,North America,United States,Liam Chen,Wireless Mouse,Accessories,9,59.8,538.2,216.0,322.2
SO-2025-04321,2025-09-01,2025-09,North America,United States,Liam Chen,Laptop Air 13,Hardware,3,892.5,2677.5,2100.0,577.5
SO-2025-04462,2025-09-01,2025-09,Europe,Spain,Emma Laurent,Noise-Cancel Headset,Accessories,7,218.4,1528.8,826.0,702.8
SO-2025-01248,2025-09-01,2025-09,Europe,France,Emma Laurent,Wireless Mouse,Accessories,7,61.75,432.25,168.0,264.25
SO-2025-01129,2025-09-01,2025-09,Europe,Germany,Emma Laurent,Mechanical Keyboard,Accessories,4,111.8,447.2,248.0,199.2
SO-2025-05683,2025-09-01,2025-09,APAC,India,Chloe Wong,Mechanical Keyboard,Accessories,7,118.3,828.1,434.0,394.1
SO-2025-00512,2025-09-01,2025-09,Europe,Germany,Oliver Smith,Analytics Add-on,Software,16,373.5,5976.0,1120.0,4856.0
SO-2025-05736,2025-09-01,2025-09,North America,Canada,Sofia Ramirez,Security Suite,Software,21,581.0,12201.0,2310.0,9891.0
SO-2025-04456,2025-09-01,2025-09,Europe,Spain,Emma Laurent,Laptop Air 13,Hardware,1,1039.5,1039.5,700.0,339.5
SO-2025-05849,2025-09-01,2025-09,North America,United States,Liam Chen,Analytics Add-on,Software,13,360.0,4680.0,910.0,3770.0
SO-2025-00165,2025-09-01,2025-09,Europe,France,Noah Muller,Laptop Air 13,Hardware,3,861.0,2583.0,2100.0,483.0
SO-2025-00106,2025-09-01,2025-09,North America,Mexico,Sofia Ramirez,USB-C Dock,Accessories,1,144.0,144.0,88.0,56.0
SO-2025-00082,2025-09-01,2025-09,APAC,Singapore,Haruto Sato,Wireless Mouse,Accessories,6,56.55,339.3,144.0,195.3
SO-2025-05799,2025-09-02,2025-09,Europe,Spain,Noah Muller,Mechanical Keyboard,Accessories,1,115.7,115.7,62.0,53.7
SO-2025-04876,2025-09-02,2025-09,Europe,France,Noah Muller,CRM Suite (annual),Software,13,873.0,11349.0,1820.0,9529.0
SO-2025-04871,2025-09-02,2025-09,Europe,France,Oliver Smith,CRM Suite (annual),Software,5,747.0,3735.0,700.0,3035.0
SO-2025-04331,2025-09-02,2025-09,Europe,Spain,Noah Muller,Security Suite,Software,16,644.0,10304.0,1760.0,8544.0
SO-2025-04831,2025-09-02,2025-09,APAC,Australia,Haruto Sato,UltraWide Monitor 34,Hardware,3,613.8,1841.4,1230.0,611.4
SO-2025-02311,2025-09-02,2025-09,Europe,France,Oliver Smith,CRM Suite (annual),Software,17,765.0,13005.0,2380.0,10625.0
SO-2025-02323,2025-09-02,2025-09,Europe,United Kingdom,Emma Laurent,Wireless Mouse,Accessories,10,65.0,650.0,240.0,410.0
SO-2025-02387,2025-09-02,2025-09,APAC,Singapore,Priya Nair,UltraWide Monitor 34,Hardware,4,508.4,2033.6,1640.0,393.6
SO-2025-02418,2025-09-02,2025-09,Europe,Germany,Emma Laurent,CRM Suite (annual),Software,17,747.0,12699.0,2380.0,10319.0
SO-2025-03664,2025-09-02,2025-09,Europe,France,Oliver Smith,Laptop Pro 15,Hardware,4,1348.5,5394.0,3920.0,1474.0
SO-2025-03537,2025-09-02,2025-09,North America,Mexico,Ava Thompson,Wireless Mouse,Accessories,6,64.35,386.1,144.0,242.1
SO-2025-04422,2025-09-02,2025-09,Europe,France,Noah Muller,Laptop Pro 15,Hardware,2,1247.0,2494.0,1960.0,534.0
SO-2025-02725,2025-09-02,2025-09,North America,Mexico,Ava Thompson,Wireless Mouse,Accessories,2,64.35,128.7,48.0,80.7
SO-2025-02806,2025-09-02,2025-09,LATAM,Brazil,Mateo Silva,Laptop Pro 15,Hardware,3,1218.0,3654.0,2940.0,714.0
SO-2025-02800,2025-09-02,2025-09,Europe,France,Noah Muller,Security Suite,Software,5,679.0,3395.0,550.0,2845.0
SO-2025-04443,2025-09-02,2025-09,LATAM,Argentina,Diego Fernandez,Security Suite,Software,2,574.0,1148.0,220.0,928.0
SO-2025-01837,2025-09-02,2025-09,Europe,United Kingdom,Noah Muller,Laptop Pro 15,Hardware,1,1348.5,1348.5,980.0,368.5
SO-2025-05796,2025-09-02,2025-09,Europe,France,Noah Muller,Wireless Mouse,Accessories,2,55.9,111.8,48.0,63.8
SO-2025-05050,2025-09-02,2025-09,North America,Mexico,Ava Thompson,Noise-Cancel Headset,Accessories,5,230.4,1152.0,590.0,562.0
SO-2025-01584,2025-09-02,2025-09,North America,Mexico,Ava Thompson,CRM Suite (annual),Software,3,873.0,2619.0,420.0,2199.0
SO-2025-05679,2025-09-02,2025-09,North America,Canada,Ava Thompson,UltraWide Monitor 34,Hardware,1,564.2,564.2,410.0,154.2
SO-2025-00710,2025-09-02,2025-09,North America,Canada,Liam Chen,Analytics Add-on,Software,25,373.5,9337.5,1750.0,7587.5
SO-2025-03331,2025-09-02,2025-09,North America,United States,Sofia Ramirez,Security Suite,Software,23,595.0,13685.0,2530.0,11155.0
SO-2025-05611,2025-09-02,2025-09,Europe,Spain,Noah Muller,USB-C Dock,Accessories,5,151.2,756.0,440.0,316.0
SO-2025-00788,2025-09-02,2025-09,North America,Mexico,Sofia Ramirez,Mechanical Keyboard,Accessories,7,114.4,800.8,434.0,366.8
SO-2025-03102,2025-09-02,2025-09,North America,Canada,Sofia Ramirez,Noise-Cancel Headset,Accessories,3,232.8,698.4,354.0,344.4
SO-2025-05858,2025-09-02,2025-09,North America,United States,Sofia Ramirez,Laptop Air 13,Hardware,1,913.5,913.5,700.0,213.5
SO-2025-05429,2025-09-02,2025-09,LATAM,Argentina,Camila Rojas,Mechanical Keyboard,Accessories,6,115.7,694.2,372.0,322.2
SO-2025-01280,2025-09-02,2025-09,North America,United States,Liam Chen,Laptop Air 13,Hardware,1,882.0,882.0,700.0,182.0
SO-2025-03205,2025-09-02,2025-09,Europe,France,Emma Laurent,Security Suite,Software,19,658.0,12502.0,2090.0,10412.0
SO-2025-04279,2025-09-02,2025-09,North America,Canada,Ava Thompson,Wireless Mouse,Accessories,2,63.05,126.1,48.0,78.1
SO-2025-01479,2025-09-02,2025-09,Europe,France,Noah Muller,Security Suite,Software,25,574.0,14350.0,2750.0,11600.0
SO-2025-05395,2025-09-03,2025-09,Europe,France,Emma Laurent,Security Suite,Software,8,644.0,5152.0,880.0,4272.0
SO-2025-03878,2025-09-03,2025-09,North America,United States,Ava Thompson,Security Suite,Software,15,651.0,9765.0,1650.0,8115.0
SO-2025-04665,2025-09-03,2025-09,Europe,France,Emma Laurent,Laptop Air 13,Hardware,2,913.5,1827.0,1400.0,427.0
SO-2025-00795,2025-09-03,2025-09,Europe,France,Emma Laurent,CRM Suite (annual),Software,22,765.0,16830.0,3080.0,13750.0
SO-2025-02066,2025-09-03,2025-09,LATAM,Brazil,Mateo Silva,Security Suite,Software,3,588.0,1764.0,330.0,1434.0
SO-2025-00712,2025-09-03,2025-09,APAC,Japan,Haruto Sato,Analytics Add-on,Software,23,400.5,9211.5,1610.0,7601.5
SO-2025-01493,2025-09-03,2025-09,Europe,France,Noah Muller,Laptop Pro 15,Hardware,3,1348.5,4045.5,2940.0,1105.5
SO-2025-01937,2025-09-03,2025-09,North America,United States,Liam Chen,Security Suite,Software,22,644.0,14168.0,2420.0,11748.0
SO-2025-05688,2025-09-03,2025-09,APAC,Japan,Haruto Sato,Noise-Cancel Headset,Accessories,5,213.6,1068.0,590.0,478.0
SO-2025-05390,2025-09-03,2025-09,North America,United States,Ava Thompson,Wireless Mouse,Accessories,4,57.85,231.4,96.0,135.4
SO-2025-03571,2025-09-03,2025-09,North America,Canada,Liam Chen,Laptop Air 13,Hardware,4,1008.0,4032.0,2800.0,1232.0
SO-2025-03533,2025-09-03,2025-09,Europe,Spain,Noah Muller,Mechanical Keyboard,Accessories,1,111.8,111.8,62.0,49.8
SO-2025-00659,2025-09-04,2025-09,North America,Mexico,Ava Thompson,Laptop Pro 15,Hardware,2,1392.0,2784.0,1960.0,824.0
SO-2025-02187,2025-09-04,2025-09,North America,Mexico,Liam Chen,Wireless Mouse,Accessories,1,57.2,57.2,24.0,33.2
SO-2025-03700,2025-09-04,2025-09,North America,Mexico,Sofia Ramirez,UltraWide Monitor 34,Hardware,2,613.8,1227.6,820.0,407.6
SO-2025-04606,2025-09-04,2025-09,APAC,Japan,Chloe Wong,UltraWide Monitor 34,Hardware,1,607.6,607.6,410.0,197.6
SO-2025-03460,2025-09-04,2025-09,North America,Canada,Liam Chen,USB-C Dock,Accessories,5,165.6,828.0,440.0,388.0
SO-2025-01724,2025-09-04,2025-09,Europe,Germany,Noah Muller,UltraWide Monitor 34,Hardware,2,520.8,1041.6,820.0,221.6
SO-2025-00081,2025-09-04,2025-09,APAC,Japan,Priya Nair,USB-C Dock,Accessories,6,178.2,1069.2,528.0,541.2
SO-2025-05985,2025-09-04,2025-09,Europe,Spain,Oliver Smith,Laptop Pro 15,Hardware,3,1290.5,3871.5,2940.0,931.5
SO-2025-01531,2025-09-04,2025-09,North America,Canada,Sofia Ramirez,Laptop Air 13,Hardware,4,903.0,3612.0,2800.0,812.0
SO-2025-00055,2025-09-04,2025-09,APAC,India,Chloe Wong,Mechanical Keyboard,Accessories,7,120.9,846.3,434.0,412.3
SO-2025-05190,2025-09-04,2025-09,LATAM,Chile,Camila Rojas,Security Suite,Software,5,574.0,2870.0,550.0,2320.0
SO-2025-00210,2025-09-04,2025-09,APAC,India,Haruto Sato,Laptop Pro 15,Hardware,3,1218.0,3654.0,2940.0,714.0
SO-2025-01287,2025-09-04,2025-09,North America,United States,Ava Thompson,Noise-Cancel Headset,Accessories,3,218.4,655.2,354.0,301.2
SO-2025-00890,2025-09-04,2025-09,North America,Canada,Liam Chen,Wireless Mouse,Accessories,9,61.75,555.75,216.0,339.75
SO-2025-01068,2025-09-04,2025-09,North America,Canada,Ava Thompson,USB-C Dock,Accessories,6,149.4,896.4,528.0,368.4
SO-2025-05376,2025-09-05,2025-09,North America,Canada,Liam Chen,Analytics Add-on,Software,23,400.5,9211.5,1610.0,7601.5
SO-2025-05320,2025-09-05,2025-09,APAC,Japan,Haruto Sato,Noise-Cancel Headset,Accessories,1,225.6,225.6,118.0,107.6
SO-2025-05421,2025-09-05,2025-09,Europe,Germany,Oliver Smith,Security Suite,Software,2,595.0,1190.0,220.0,970.0
SO-2025-02020,2025-09-05,2025-09,North America,United States,Ava Thompson,Noise-Cancel Headset,Accessories,5,220.8,1104.0,590.0,514.0
SO-2025-05753,2025-09-05,2025-09,Europe,United Kingdom,Oliver Smith,UltraWide Monitor 34,Hardware,4,570.4,2281.6,1640.0,641.6
SO-2025-01319,2025-09-05,2025-09,Europe,Spain,Noah Muller,Analytics Add-on,Software,5,382.5,1912.5,350.0,1562.5
SO-2025-01102,2025-09-05,2025-09,LATAM,Chile,Diego Fernandez,USB-C Dock,Accessories,5,180.0,900.0,440.0,460.0
SO-2025-03387,2025-09-05,2025-09,North America,United States,Sofia Ramirez,Laptop Air 13,Hardware,4,913.5,3654.0,2800.0,854.0
SO-2025-04035,2025-09-05,2025-09,Europe,Germany,Noah Muller,Analytics Add-on,Software,2,369.0,738.0,140.0,598.0
SO-2025-03965,2025-09-05,2025-09,APAC,Singapore,Priya Nair,USB-C Dock,Accessories,4,169.2,676.8,352.0,324.8
SO-2025-00900,2025-09-05,2025-09,North America,Mexico,Ava Thompson,Analytics Add-on,Software,16,387.0,6192.0,1120.0,5072.0
SO-2025-05489,2025-09-05,2025-09,LATAM,Argentina,Mateo Silva,Noise-Cancel Headset,Accessories,9,192.0,1728.0,1062.0,666.0
SO-2025-04440,2025-09-05,2025-09,North America,United States,Sofia Ramirez,Wireless Mouse,Accessories,9,63.05,567.45,216.0,351.45
SO-2025-03160,2025-09-05,2025-09,APAC,Singapore,Priya Nair,UltraWide Monitor 34,Hardware,2,527.0,1054.0,820.0,234.0
SO-2025-04786,2025-09-05,2025-09,Europe,United Kingdom,Emma Laurent,Wireless Mouse,Accessories,5,55.9,279.5,120.0,159.5
SO-2025-00688,2025-09-05,2025-09,APAC,Japan,Priya Nair,USB-C Dock,Accessories,9,178.2,1603.8,792.0,811.8
SO-2025-05950,2025-09-06,2025-09,APAC,Japan,Haruto Sato,Wireless Mouse,Accessories,3,63.05,189.15,72.0,117.15
SO-2025-04137,2025-09-06,2025-09,North America,United States,Sofia Ramirez,Laptop Air 13,Hardware,4,976.5,3906.0,2800.0,1106.0
SO-2025-00347,2025-09-06,2025-09,LATAM,Chile,Mateo Silva,USB-C Dock,Accessories,9,174.6,1571.4,792.0,779.4
SO-2025-03573,2025-09-06,2025-09,Europe,United Kingdom,Emma Laurent,Laptop Air 13,Hardware,2,1029.0,2058.0,1400.0,658.0
SO-2025-01663,2025-09-06,2025-09,LATAM,Chile,Mateo Silva,USB-C Dock,Accessories,9,169.2,1522.8,792.0,730.8
SO-2025-03758,2025-09-06,2025-09,Europe,Germany,Oliver Smith,Analytics Add-on,Software,11,391.5,4306.5,770.0,3536.5
SO-2025-01636,2025-09-06,2025-09,Europe,Spain,Emma Laurent,Security Suite,Software,1,595.0,595.0,110.0,485.0
SO-2025-02034,2025-09-06,2025-09,North America,Mexico,Liam Chen,USB-C Dock,Accessories,2,176.4,352.8,176.0,176.8
SO-2025-05059,2025-09-06,2025-09,North America,Canada,Sofia Ramirez,Noise-Cancel Headset,Accessories,8,218.4,1747.2,944.0,803.2
SO-2025-03619,2025-09-06,2025-09,APAC,Australia,Haruto Sato,Noise-Cancel Headset,Accessories,3,228.0,684.0,354.0,330.0
SO-2025-00432,2025-09-06,2025-09,APAC,India,Haruto Sato,Noise-Cancel Headset,Accessories,3,220.8,662.4,354.0,308.4
SO-2025-02996,2025-09-06,2025-09,Europe,United Kingdom,Emma Laurent,Analytics Add-on,Software,3,409.5,1228.5,210.0,1018.5
SO-2025-02415,2025-09-06,2025-09,Europe,United Kingdom,Noah Muller,Analytics Add-on,Software,18,400.5,7209.0,1260.0,5949.0
SO-2025-03377,2025-09-06,2025-09,APAC,India,Priya Nair,Laptop Air 13,Hardware,2,1008.0,2016.0,1400.0,616.0
SO-2025-02399,2025-09-06,2025-09,APAC,Japan,Haruto Sato,Laptop Air 13,Hardware,2,850.5,1701.0,1400.0,301.0
SO-2025-02495,2025-09-06,2025-09,LATAM,Argentina,Camila Rojas,CRM Suite (annual),Software,8,738.0,5904.0,1120.0,4784.0
SO-2025-05415,2025-09-06,2025-09,LATAM,Chile,Diego Fernandez,Laptop Pro 15,Hardware,1,1450.0,1450.0,980.0,470.0
SO-2025-05696,2025-09-07,2025-09,APAC,India,Priya Nair,Security Suite,Software,20,637.0,12740.0,2200.0,10540.0
SO-2025-01193,2025-09-07,2025-09,Europe,Spain,Noah Muller,Security Suite,Software,11,679.0,7469.0,1210.0,6259.0
SO-2025-02645,2025-09-07,2025-09,North America,United States,Ava Thompson,CRM Suite (annual),Software,18,765.0,13770.0,2520.0,11250.0
SO-2025-02667,2025-09-07,2025-09,North America,Mexico,Sofia Ramirez,Mechanical Keyboard,Accessories,4,123.5,494.0,248.0,246.0
SO-2025-01673,2025-09-07,2025-09,Europe,Spain,Noah Muller,Wireless Mouse,Accessories,2,57.85,115.7,48.0,67.7
SO-2025-04045,2025-09-07,2025-09,LATAM,Argentina,Mateo Silva,USB-C Dock,Accessories,7,153.0,1071.0,616.0,455.0
SO-2025-02713,2025-09-07,2025-09,Europe,United Kingdom,Emma Laurent,Mechanical Keyboard,Accessories,10,115.7,1157.0,620.0,537.0
SO-2025-02750,2025-09-07,2025-09,North America,Canada,Liam Chen,Laptop Pro 15,Hardware,4,1319.5,5278.0,3920.0,1358.0
SO-2025-03935,2025-09-07,2025-09,Europe,United Kingdom,Emma Laurent,Wireless Mouse,Accessories,5,57.85,289.25,120.0,169.25
SO-2025-02763,2025-09-07,2025-09,Europe,France,Emma Laurent,Analytics Add-on,Software,4,378.0,1512.0,280.0,1232.0
SO-2025-02768,2025-09-07,2025-09,North America,Canada,Ava Thompson,CRM Suite (annual),Software,4,882.0,3528.0,560.0,2968.0
SO-2025-01808,2025-09-07,2025-09,LATAM,Chile,Diego Fernandez,Security Suite,Software,14,602.0,8428.0,1540.0,6888.0
SO-2025-04514,2025-09-07,2025-09,LATAM,Brazil,Mateo Silva,Laptop Air 13,Hardware,3,1008.0,3024.0,2100.0,924.0
SO-2025-02492,2025-09-07,2025-09,LATAM,Chile,Mateo Silva,UltraWide Monitor 34,Hardware,1,620.0,620.0,410.0,210.0
SO-2025-05323,2025-09-07,2025-09,APAC,India,Haruto Sato,Laptop Air 13,Hardware,2,924.0,1848.0,1400.0,448.0
SO-2025-05511,2025-09-07,2025-09,LATAM,Brazil,Camila Rojas,Laptop Air 13,Hardware,4,1018.5,4074.0,2800.0,1274.0
SO-2025-00521,2025-09-07,2025-09,North America,Canada,Ava Thompson,Wireless Mouse,Accessories,4,55.9,223.6,96.0,127.6
SO-2025-04916,2025-09-07,2025-09,North America,United States,Liam Chen,Security Suite,Software,22,672.0,14784.0,2420.0,12364.0
SO-2025-02166,2025-09-07,2025-09,Europe,Germany,Emma Laurent,Noise-Cancel Headset,Accessories,4,237.6,950.4,472.0,478.4
SO-2025-04644,2025-09-07,2025-09,North America,Canada,Ava Thompson,Mechanical Keyboard,Accessories,9,106.6,959.4,558.0,401.4
SO-2025-00698,2025-09-07,2025-09,APAC,India,Chloe Wong,CRM Suite (annual),Software,17,738.0,12546.0,2380.0,10166.0
SO-2025-03883,2025-09-07,2025-09,Europe,France,Emma Laurent,Noise-Cancel Headset,Accessories,8,216.0,1728.0,944.0,784.0
SO-2025-00025,2025-09-08,2025-09,North America,United States,Liam Chen,Laptop Pro 15,Hardware,2,1363.0,2726.0,1960.0,766.0
SO-2025-02840,2025-09-08,2025-09,Europe,United Kingdom,Oliver Smith,Analytics Add-on,Software,15,441.0,6615.0,1050.0,5565.0
SO-2025-00790,2025-09-08,2025-09,APAC,Australia,Chloe Wong,Mechanical Keyboard,Accessories,3,122.2,366.6,186.0,180.6
SO-2025-01358,2025-09-08,2025-09,North America,Mexico,Ava Thompson,CRM Suite (annual),Software,13,765.0,9945.0,1820.0,8125.0
SO-2025-01670,2025-09-08,2025-09,North America,Mexico,Liam Chen,Laptop Air 13,Hardware,3,934.5,2803.5,2100.0,703.5
SO-2025-00859,2025-09-08,2025-09,Europe,United Kingdom,Emma Laurent,Laptop Pro 15,Hardware,2,1276.0,2552.0,1960.0,592.0
SO-2025-01451,2025-09-08,2025-09,North America,United States,Liam Chen,Analytics Add-on,Software,7,441.0,3087.0,490.0,2597.0
SO-2025-04939,2025-09-08,2025-09,Europe,France,Noah Muller,UltraWide Monitor 34,Hardware,2,589.0,1178.0,820.0,358.0
SO-2025-05027,2025-09-08,2025-09,North America,Canada,Ava Thompson,Mechanical Keyboard,Accessories,5,113.1,565.5,310.0,255.5
SO-2025-00511,2025-09-08,2025-09,Europe,Spain,Noah Muller,Analytics Add-on,Software,18,369.0,6642.0,1260.0,5382.0
SO-2025-05391,2025-09-08,2025-09,North America,Canada,Ava Thompson,Mechanical Keyboard,Accessories,3,127.4,382.2,186.0,196.2
SO-2025-00910,2025-09-08,2025-09,North America,Canada,Sofia Ramirez,Laptop Pro 15,Hardware,1,1203.5,1203.5,980.0,223.5
SO-2025-01912,2025-09-08,2025-09,North America,United States,Ava Thompson,Analytics Add-on,Software,20,445.5,8910.0,1400.0,7510.0
SO-2025-03810,2025-09-08,2025-09,Europe,United Kingdom,Emma Laurent,Analytics Add-on,Software,9,378.0,3402.0,630.0,2772.0
SO-2025-03074,2025-09-08,2025-09,Europe,United Kingdom,Emma Laurent,Noise-Cancel Headset,Accessories,7,235.2,1646.4,826.0,820.4
SO-2025-05367,2025-09-08,2025-09,Europe,France,Noah Muller,Wireless Mouse,Accessories,3,55.25,165.75,72.0,93.75
SO-2025-04762,2025-09-09,2025-09,APAC,Singapore,Chloe Wong,Laptop Pro 15,Hardware,3,1203.5,3610.5,2940.0,670.5
SO-2025-02209,2025-09-09,2025-09,North America,Mexico,Sofia Ramirez,Laptop Pro 15,Hardware,3,1435.5,4306.5,2940.0,1366.5
SO-2025-01355,2025-09-09,2025-09,APAC,Australia,Priya Nair,UltraWide Monitor 34,Hardware,1,613.8,613.8,410.0,203.8
SO-2025-01359,2025-09-09,2025-09,North America,United States,Sofia Ramirez,Laptop Pro 15,Hardware,1,1421.0,1421.0,980.0,441.0
SO-2025-01389,2025-09-09,2025-09,North America,Mexico,Liam Chen,UltraWide Monitor 34,Hardware,3,527.0,1581.0,1230.0,351.0
SO-2025-05854,2025-09-09,2025-09,Europe,France,Noah Muller,USB-C Dock,Accessories,10,165.6,1656.0,880.0,776.0
SO-2025-00789,2025-09-09,2025-09,North America,Canada,Ava Thompson,UltraWide Monitor 34,Hardware,4,564.2,2256.8,1640.0,616.8
SO-2025-05807,2025-09-09,2025-09,North America,United States,Liam Chen,Laptop Pro 15,Hardware,1,1334.0,1334.0,980.0,354.0
SO-2025-03034,2025-09-09,2025-09,APAC,Australia,Chloe Wong,USB-C Dock,Accessories,6,180.0,1080.0,528.0,552.0
SO-2025-04318,2025-09-09,2025-09,LATAM,Brazil,Mateo Silva,CRM Suite (annual),Software,1,855.0,855.0,140.0,715.0
SO-2025-02052,2025-09-09,2025-09,LATAM,Chile,Mateo Silva,Wireless Mouse,Accessories,1,56.55,56.55,24.0,32.55
SO-2025-04748,2025-09-09,2025-09,Europe,United Kingdom,Noah Muller,Noise-Cancel Headset,Accessories,1,228.0,228.0,118.0,110.0
SO-2025-01677,2025-09-09,2025-09,APAC,Australia,Priya Nair,UltraWide Monitor 34,Hardware,3,539.4,1618.2,1230.0,388.2
SO-2025-00107,2025-09-09,2025-09,Europe,Germany,Emma Laurent,USB-C Dock,Accessories,8,147.6,1180.8,704.0,476.8
SO-2025-00781,2025-09-09,2025-09,APAC,Japan,Chloe Wong,Laptop Air 13,Hardware,2,861.0,1722.0,1400.0,322.0
SO-2025-00413,2025-09-09,2025-09,APAC,Australia,Haruto Sato,Security Suite,Software,15,623.0,9345.0,1650.0,7695.0
SO-2025-04565,2025-09-09,2025-09,Europe,Spain,Noah Muller,Laptop Air 13,Hardware,1,997.5,997.5,700.0,297.5
SO-2025-03673,2025-09-09,2025-09,APAC,Singapore,Priya Nair,Noise-Cancel Headset,Accessories,7,213.6,1495.2,826.0,669.2
SO-2025-04345,2025-09-09,2025-09,North America,Canada,Ava Thompson,Analytics Add-on,Software,20,391.5,7830.0,1400.0,6430.0
SO-2025-00042,2025-09-09,2025-09,Europe,France,Noah Muller,Laptop Air 13,Hardware,4,871.5,3486.0,2800.0,686.0
SO-2025-02243,2025-09-09,2025-09,Europe,United Kingdom,Oliver Smith,Laptop Pro 15,Hardware,4,1305.0,5220.0,3920.0,1300.0
SO-2025-03479,2025-09-10,2025-09,LATAM,Brazil,Diego Fernandez,USB-C Dock,Accessories,2,153.0,306.0,176.0,130.0
SO-2025-05828,2025-09-10,2025-09,North America,Canada,Sofia Ramirez,CRM Suite (annual),Software,21,738.0,15498.0,2940.0,12558.0
SO-2025-05455,2025-09-10,2025-09,Europe,France,Noah Muller,USB-C Dock,Accessories,10,156.6,1566.0,880.0,686.0
SO-2025-00476,2025-09-10,2025-09,North America,Canada,Liam Chen,Wireless Mouse,Accessories,1,57.2,57.2,24.0,33.2
SO-2025-01545,2025-09-10,2025-09,APAC,Singapore,Chloe Wong,CRM Suite (annual),Software,10,855.0,8550.0,1400.0,7150.0
SO-2025-04973,2025-09-10,2025-09,Europe,United Kingdom,Noah Muller,USB-C Dock,Accessories,9,176.4,1587.6,792.0,795.6
SO-2025-05673,2025-09-10,2025-09,Europe,Germany,Oliver Smith,Wireless Mouse,Accessories,7,52.65,368.55,168.0,200.55
SO-2025-04481,2025-09-10,2025-09,LATAM,Chile,Mateo Silva,CRM Suite (annual),Software,9,756.0,6804.0,1260.0,5544.0
SO-2025-05937,2025-09-10,2025-09,North America,Canada,Ava Thompson,Analytics Add-on,Software,16,436.5,6984.0,1120.0,5864.0
SO-2025-04926,2025-09-10,2025-09,APAC,Singapore,Chloe Wong,Analytics Add-on,Software,20,387.0,7740.0,1400.0,6340.0
SO-2025-03617,2025-09-10,2025-09,APAC,Japan,Chloe Wong,Noise-Cancel Headset,Accessories,1,216.0,216.0,118.0,98.0
SO-2025-03324,2025-09-10,2025-09,Europe,United Kingdom,Oliver Smith,Security Suite,Software,4,588.0,2352.0,440.0,1912.0
SO-2025-02411,2025-09-10,2025-09,Europe,France,Oliver Smith,Laptop Air 13,Hardware,2,871.5,1743.0,1400.0,343.0
SO-2025-02776,2025-09-10,2025-09,Europe,Germany,Noah Muller,Noise-Cancel Headset,Accessories,7,201.6,1411.2,826.0,585.2
SO-2025-00496,2025-09-10,2025-09,Europe,United Kingdom,Oliver Smith,USB-C Dock,Accessories,10,158.4,1584.0,880.0,704.0
SO-2025-00780,2025-09-10,2025-09,Europe,Germany,Oliver Smith,Laptop Pro 15,Hardware,3,1377.5,4132.5,2940.0,1192.5
SO-2025-04228,2025-09-10,2025-09,APAC,Australia,Haruto Sato,Laptop Air 13,Hardware,1,903.0,903.0,700.0,203.0
SO-2025-03321,2025-09-10,2025-09,North America,United States,Sofia Ramirez,Wireless Mouse,Accessories,5,61.1,305.5,120.0,185.5
SO-2025-03419,2025-09-10,2025-09,APAC,Australia,Haruto Sato,USB-C Dock,Accessories,6,147.6,885.6,528.0,357.6
SO-2025-02496,2025-09-11,2025-09,North America,Canada,Liam Chen,Laptop Pro 15,Hardware,1,1334.0,1334.0,980.0,354.0
SO-2025-04583,2025-09-11,2025-09,APAC,Singapore,Haruto Sato,CRM Suite (annual),Software,12,792.0,9504.0,1680.0,7824.0
SO-2025-03278,2025-09-11,2025-09,APAC,Singapore,Chloe Wong,Mechanical Keyboard,Accessories,3,124.8,374.4,186.0,188.4
SO-2025-04792,2025-09-11,2025-09,APAC,Australia,Haruto Sato,Analytics Add-on,Software,15,432.0,6480.0,1050.0,5430.0
SO-2025-03671,2025-09-11,2025-09,Europe,Spain,Emma Laurent,Wireless Mouse,Accessories,2,61.1,122.2,48.0,74.2
SO-2025-03687,2025-09-11,2025-09,APAC,Japan,Chloe Wong,USB-C Dock,Accessories,2,147.6,295.2,176.0,119.2
SO-2025-02770,2025-09-11,2025-09,North America,United States,Sofia Ramirez,Wireless Mouse,Accessories,10,64.35,643.5,240.0,403.5
SO-2025-01640,2025-09-11,2025-09,APAC,Japan,Chloe Wong,Analytics Add-on,Software,21,382.5,8032.5,1470.0,6562.5
SO-2025-03769,2025-09-11,2025-09,North America,United States,Sofia Ramirez,Mechanical Keyboard,Accessories,6,120.9,725.4,372.0,353.4
SO-2025-05441,2025-09-11,2025-09,Europe,France,Oliver Smith,CRM Suite (annual),Software,21,756.0,15876.0,2940.0,12936.0
SO-2025-00657,2025-09-12,2025-09,APAC,Australia,Priya Nair,CRM Suite (annual),Software,22,729.0,16038.0,3080.0,12958.0
SO-2025-00597,2025-09-12,2025-09,North America,United States,Ava Thompson,Laptop Pro 15,Hardware,3,1218.0,3654.0,2940.0,714.0
SO-2025-00186,2025-09-12,2025-09,North America,Canada,Liam Chen,Wireless Mouse,Accessories,6,55.9,335.4,144.0,191.4
SO-2025-03277,2025-09-12,2025-09,North America,Canada,Ava Thompson,Analytics Add-on,Software,6,427.5,2565.0,420.0,2145.0
SO-2025-05225,2025-09-12,2025-09,North America,Mexico,Sofia Ramirez,Analytics Add-on,Software,8,423.0,3384.0,560.0,2824.0
SO-2025-01425,2025-09-12,2025-09,Europe,Spain,Emma Laurent,Wireless Mouse,Accessories,7,59.15,414.05,168.0,246.05
SO-2025-04694,2025-09-12,2025-09,Europe,United Kingdom,Noah Muller,CRM Suite (annual),Software,22,792.0,17424.0,3080.0,14344.0
SO-2025-03991,2025-09-12,2025-09,North America,Canada,Sofia Ramirez,Laptop Air 13,Hardware,4,913.5,3654.0,2800.0,854.0
SO-2025-03675,2025-09-12,2025-09,North America,Mexico,Sofia Ramirez,Laptop Pro 15,Hardware,2,1247.0,2494.0,1960.0,534.0
SO-2025-01174,2025-09-12,2025-09,APAC,Japan,Haruto Sato,Wireless Mouse,Accessories,7,55.25,386.75,168.0,218.75
SO-2025-03498,2025-09-12,2025-09,North America,United States,Ava Thompson,UltraWide Monitor 34,Hardware,2,570.4,1140.8,820.0,320.8
SO-2025-00046,2025-09-12,2025-09,APAC,Singapore,Chloe Wong,CRM Suite (annual),Software,8,747.0,5976.0,1120.0,4856.0
SO-2025-01078,2025-09-12,2025-09,North America,Mexico,Ava Thompson,Laptop Air 13,Hardware,3,924.0,2772.0,2100.0,672.0
SO-2025-03914,2025-09-12,2025-09,APAC,Japan,Haruto Sato,Mechanical Keyboard,Accessories,9,109.2,982.8,558.0,424.8
SO-2025-04980,2025-09-12,2025-09,Europe,Germany,Oliver Smith,UltraWide Monitor 34,Hardware,4,520.8,2083.2,1640.0,443.2
SO-2025-00050,2025-09-13,2025-09,North America,United States,Liam Chen,Mechanical Keyboard,Accessories,9,119.6,1076.4,558.0,518.4
SO-2025-05666,2025-09-13,2025-09,LATAM,Chile,Camila Rojas,Noise-Cancel Headset,Accessories,5,232.8,1164.0,590.0,574.0
SO-2025-05646,2025-09-13,2025-09,LATAM,Chile,Camila Rojas,UltraWide Monitor 34,Hardware,3,533.2,1599.6,1230.0,369.6
SO-2025-02230,2025-09-13,2025-09,APAC,Japan,Priya Nair,Wireless Mouse,Accessories,1,59.8,59.8,24.0,35.8
SO-2025-02212,2025-09-13,2025-09,North America,Mexico,Liam Chen,Analytics Add-on,Software,24,414.0,9936.0,1680.0,8256.0
SO-2025-04592,2025-09-13,2025-09,Europe,Spain,Oliver Smith,Laptop Pro 15,Hardware,4,1247.0,4988.0,3920.0,1068.0
SO-2025-03334,2025-09-13,2025-09,North America,Canada,Liam Chen,Analytics Add-on,Software,16,450.0,7200.0,1120.0,6080.0
SO-2025-03861,2025-09-13,2025-09,North America,United States,Liam Chen,Laptop Pro 15,Hardware,2,1232.5,2465.0,1960.0,505.0
SO-2025-03466,2025-09-13,2025-09,APAC,India,Haruto Sato,USB-C Dock,Accessories,9,153.0,1377.0,792.0,585.0
SO-2025-01824,2025-09-13,2025-09,Europe,Germany,Oliver Smith,Wireless Mouse,Accessories,5,60.45,302.25,120.0,182.25
SO-2025-01668,2025-09-13,2025-09,Europe,France,Oliver Smith,Laptop Pro 15,Hardware,1,1174.5,1174.5,980.0,194.5
SO-2025-01421,2025-09-13,2025-09,Europe,United Kingdom,Emma Laurent,Security Suite,Software,20,658.0,13160.0,2200.0,10960.0
SO-2025-03754,2025-09-13,2025-09,Europe,France,Emma Laurent,CRM Suite (annual),Software,1,819.0,819.0,140.0,679.0
SO-2025-03241,2025-09-13,2025-09,APAC,Japan,Chloe Wong,USB-C Dock,Accessories,9,172.8,1555.2,792.0,763.2
SO-2025-05492,2025-09-13,2025-09,North America,Mexico,Sofia Ramirez,Laptop Pro 15,Hardware,4,1261.5,5046.0,3920.0,1126.0
SO-2025-01147,2025-09-13,2025-09,Europe,Germany,Emma Laurent,Noise-Cancel Headset,Accessories,2,199.2,398.4,236.0,162.4
SO-2025-05777,2025-09-13,2025-09,North America,United States,Ava Thompson,Laptop Pro 15,Hardware,1,1334.0,1334.0,980.0,354.0
SO-2025-01872,2025-09-13,2025-09,North America,Canada,Sofia Ramirez,Security Suite,Software,5,616.0,3080.0,550.0,2530.0
SO-2025-03211,2025-09-13,2025-09,North America,United States,Sofia Ramirez,Wireless Mouse,Accessories,2,62.4,124.8,48.0,76.8
SO-2025-05917,2025-09-14,2025-09,LATAM,Argentina,Mateo Silva,Laptop Pro 15,Hardware,3,1392.0,4176.0,2940.0,1236.0
SO-2025-05903,2025-09-14,2025-09,Europe,Germany,Oliver Smith,Noise-Cancel Headset,Accessories,6,204.0,1224.0,708.0,516.0
SO-2025-00218,2025-09-14,2025-09,North America,Canada,Liam Chen,Wireless Mouse,Accessories,6,57.2,343.2,144.0,199.2
SO-2025-03506,2025-09-14,2025-09,North America,Mexico,Ava Thompson,Noise-Cancel Headset,Accessories,5,216.0,1080.0,590.0,490.0
SO-2025-05891,2025-09-14,2025-09,APAC,Japan,Haruto Sato,Noise-Cancel Headset,Accessories,7,194.4,1360.8,826.0,534.8
SO-2025-00363,2025-09-14,2025-09,North America,United States,Ava Thompson,Analytics Add-on,Software,2,400.5,801.0,140.0,661.0
SO-2025-03640,2025-09-14,2025-09,Europe,France,Noah Muller,Analytics Add-on,Software,9,423.0,3807.0,630.0,3177.0
SO-2025-04168,2025-09-14,2025-09,North America,United States,Liam Chen,Wireless Mouse,Accessories,7,63.05,441.35,168.0,273.35
SO-2025-02709,2025-09-14,2025-09,Europe,France,Noah Muller,CRM Suite (annual),Software,19,792.0,15048.0,2660.0,12388.0
SO-2025-02566,2025-09-14,2025-09,North America,Canada,Ava Thompson,Laptop Air 13,Hardware,1,913.5,913.5,700.0,213.5
SO-2025-04600,2025-09-14,2025-09,APAC,India,Chloe Wong,Security Suite,Software,11,595.0,6545.0,1210.0,5335.0
SO-2025-03017,2025-09-14,2025-09,North America,Mexico,Liam Chen,Noise-Cancel Headset,Accessories,1,220.8,220.8,118.0,102.8
SO-2025-03038,2025-09-14,2025-09,Europe,France,Emma Laurent,Analytics Add-on,Software,11,382.5,4207.5,770.0,3437.5
SO-2025-04325,2025-09-14,2025-09,North America,Canada,Ava Thompson,CRM Suite (annual),Software,21,756.0,15876.0,2940.0,12936.0
SO-2025-05080,2025-09-14,2025-09,LATAM,Argentina,Diego Fernandez,Security Suite,Software,18,581.0,10458.0,1980.0,8478.0
SO-2025-04224,2025-09-14,2025-09,APAC,Singapore,Priya Nair,USB-C Dock,Accessories,2,172.8,345.6,176.0,169.6
SO-2025-05380,2025-09-14,2025-09,North America,United States,Liam Chen,USB-C Dock,Accessories,5,149.4,747.0,440.0,307.0
SO-2025-04199,2025-09-14,2025-09,APAC,Australia,Chloe Wong,Noise-Cancel Headset,Accessories,6,211.2,1267.2,708.0,559.2
SO-2025-01318,2025-09-14,2025-09,North America,Mexico,Sofia Ramirez,Wireless Mouse,Accessories,4,52.0,208.0,96.0,112.0
SO-2025-05095,2025-09-14,2025-09,LATAM,Chile,Mateo Silva,USB-C Dock,Accessories,4,147.6,590.4,352.0,238.4
SO-2025-03888,2025-09-14,2025-09,APAC,Singapore,Haruto Sato,Wireless Mouse,Accessories,3,61.1,183.3,72.0,111.3
SO-2025-05608,2025-09-14,2025-09,Europe,France,Noah Muller,USB-C Dock,Accessories,3,178.2,534.6,264.0,270.6
SO-2025-00771,2025-09-14,2025-09,APAC,Singapore,Chloe Wong,Laptop Air 13,Hardware,4,934.5,3738.0,2800.0,938.0
SO-2025-02702,2025-09-15,2025-09,Europe,Spain,Noah Muller,Wireless Mouse,Accessories,9,55.9,503.1,216.0,287.1
SO-2025-02611,2025-09-15,2025-09,Europe,United Kingdom,Oliver Smith,USB-C Dock,Accessories,6,174.6,1047.6,528.0,519.6
SO-2025-00720,2025-09-15,2025-09,Europe,United Kingdom,Oliver Smith,Noise-Cancel Headset,Accessories,4,196.8,787.2,472.0,315.2
SO-2025-04397,2025-09-15,2025-09,LATAM,Brazil,Mateo Silva,CRM Suite (annual),Software,13,873.0,11349.0,1820.0,9529.0
SO-2025-05597,2025-09-15,2025-09,North America,United States,Liam Chen,USB-C Dock,Accessories,4,178.2,712.8,352.0,360.8
SO-2025-04738,2025-09-15,2025-09,Europe,Germany,Oliver Smith,CRM Suite (annual),Software,24,873.0,20952.0,3360.0,17592.0
SO-2025-02196,2025-09-15,2025-09,APAC,Japan,Chloe Wong,Wireless Mouse,Accessories,4,61.1,244.4,96.0,148.4
SO-2025-02099,2025-09-15,2025-09,Europe,Germany,Noah Muller,Wireless Mouse,Accessories,4,53.95,215.8,96.0,119.8
SO-2025-00919,2025-09-15,2025-09,Europe,Germany,Noah Muller,Noise-Cancel Headset,Accessories,9,199.2,1792.8,1062.0,730.8
SO-2025-01955,2025-09-15,2025-09,Europe,France,Oliver Smith,UltraWide Monitor 34,Hardware,1,502.2,502.2,410.0,92.2
SO-2025-00952,2025-09-15,2025-09,North America,Canada,Ava Thompson,Analytics Add-on,Software,23,414.0,9522.0,1610.0,7912.0
SO-2025-05456,2025-09-15,2025-09,North America,United States,Sofia Ramirez,UltraWide Monitor 34,Hardware,3,527.0,1581.0,1230.0,351.0
SO-2025-01065,2025-09-15,2025-09,Europe,United Kingdom,Oliver Smith,UltraWide Monitor 34,Hardware,3,508.4,1525.2,1230.0,295.2
SO-2025-03133,2025-09-15,2025-09,Europe,United Kingdom,Emma Laurent,CRM Suite (annual),Software,2,765.0,1530.0,280.0,1250.0
SO-2025-01416,2025-09-15,2025-09,APAC,India,Chloe Wong,USB-C Dock,Accessories,3,169.2,507.6,264.0,243.6
SO-2025-03773,2025-09-15,2025-09,North America,United States,Liam Chen,Laptop Air 13,Hardware,4,882.0,3528.0,2800.0,728.0
SO-2025-01368,2025-09-15,2025-09,APAC,Singapore,Priya Nair,USB-C Dock,Accessories,7,147.6,1033.2,616.0,417.2
SO-2025-03388,2025-09-15,2025-09,North America,Mexico,Liam Chen,Noise-Cancel Headset,Accessories,4,223.2,892.8,472.0,420.8
SO-2025-00969,2025-09-15,2025-09,North America,Mexico,Sofia Ramirez,Security Suite,Software,19,679.0,12901.0,2090.0,10811.0
SO-2025-03765,2025-09-15,2025-09,Europe,Germany,Emma Laurent,Noise-Cancel Headset,Accessories,5,228.0,1140.0,590.0,550.0
SO-2025-05773,2025-09-15,2025-09,LATAM,Argentina,Mateo Silva,UltraWide Monitor 34,Hardware,1,551.8,551.8,410.0,141.8
SO-2025-01511,2025-09-15,2025-09,North America,Canada,Ava Thompson,Wireless Mouse,Accessories,10,61.1,611.0,240.0,371.0
SO-2025-04206,2025-09-15,2025-09,Europe,Spain,Noah Muller,Security Suite,Software,13,651.0,8463.0,1430.0,7033.0
SO-2025-00968,2025-09-15,2025-09,Europe,France,Oliver Smith,Noise-Cancel Headset,Accessories,6,194.4,1166.4,708.0,458.4
SO-2025-03926,2025-09-16,2025-09,APAC,Japan,Chloe Wong,USB-C Dock,Accessories,1,169.2,169.2,88.0,81.2
SO-2025-04346,2025-09-16,2025-09,North America,Canada,Liam Chen,Security Suite,Software,25,602.0,15050.0,2750.0,12300.0
SO-2025-05309,2025-09-16,2025-09,Europe,France,Oliver Smith,USB-C Dock,Accessories,9,176.4,1587.6,792.0,795.6
SO-2025-05876,2025-09-16,2025-09,Europe,France,Oliver Smith,Wireless Mouse,Accessories,10,57.85,578.5,240.0,338.5
SO-2025-05896,2025-09-16,2025-09,APAC,India,Chloe Wong,Wireless Mouse,Accessories,5,52.0,260.0,120.0,140.0
SO-2025-05824,2025-09-16,2025-09,Europe,United Kingdom,Emma Laurent,CRM Suite (annual),Software,17,765.0,13005.0,2380.0,10625.0
SO-2025-05344,2025-09-16,2025-09,APAC,India,Chloe Wong,CRM Suite (annual),Software,13,828.0,10764.0,1820.0,8944.0
SO-2025-06000,2025-09-16,2025-09,North America,Canada,Liam Chen,Security Suite,Software,9,700.0,6300.0,990.0,5310.0
SO-2025-03579,2025-09-16,2025-09,LATAM,Argentina,Camila Rojas,USB-C Dock,Accessories,5,178.2,891.0,440.0,451.0
SO-2025-03098,2025-09-16,2025-09,LATAM,Brazil,Diego Fernandez,Laptop Air 13,Hardware,1,924.0,924.0,700.0,224.0
SO-2025-00807,2025-09-16,2025-09,Europe,Spain,Noah Muller,Laptop Pro 15,Hardware,1,1348.5,1348.5,980.0,368.5
SO-2025-03317,2025-09-16,2025-09,APAC,Japan,Haruto Sato,Security Suite,Software,13,693.0,9009.0,1430.0,7579.0
SO-2025-03384,2025-09-16,2025-09,Europe,Spain,Oliver Smith,Wireless Mouse,Accessories,1,60.45,60.45,24.0,36.45
SO-2025-03447,2025-09-16,2025-09,North America,Mexico,Ava Thompson,Mechanical Keyboard,Accessories,8,107.9,863.2,496.0,367.2
SO-2025-00482,2025-09-16,2025-09,APAC,Japan,Chloe Wong,Wireless Mouse,Accessories,5,59.8,299.0,120.0,179.0
SO-2025-00735,2025-09-16,2025-09,North America,Canada,Sofia Ramirez,Security Suite,Software,15,588.0,8820.0,1650.0,7170.0
SO-2025-03737,2025-09-16,2025-09,Europe,France,Noah Muller,UltraWide Monitor 34,Hardware,4,576.6,2306.4,1640.0,666.4
SO-2025-02061,2025-09-16,2025-09,LATAM,Brazil,Diego Fernandez,Noise-Cancel Headset,Accessories,5,201.6,1008.0,590.0,418.0
SO-2025-04553,2025-09-17,2025-09,North America,Canada,Sofia Ramirez,Laptop Air 13,Hardware,4,892.5,3570.0,2800.0,770.0
SO-2025-00191,2025-09-17,2025-09,North America,Canada,Liam Chen,Laptop Air 13,Hardware,2,976.5,1953.0,1400.0,553.0
SO-2025-04641,2025-09-17,2025-09,Europe,United Kingdom,Noah Muller,USB-C Dock,Accessories,5,154.8,774.0,440.0,334.0
SO-2025-00455,2025-09-17,2025-09,APAC,Japan,Priya Nair,Laptop Air 13,Hardware,1,861.0,861.0,700.0,161.0
SO-2025-02176,2025-09-17,2025-09,North America,United States,Liam Chen,UltraWide Monitor 34,Hardware,3,570.4,1711.2,1230.0,481.2
SO-2025-02520,2025-09-17,2025-09,North America,Mexico,Liam Chen,Laptop Air 13,Hardware,1,1008.0,1008.0,700.0,308.0
SO-2025-05503,2025-09-17,2025-09,Europe,France,Emma Laurent,Noise-Cancel Headset,Accessories,8,213.6,1708.8,944.0,764.8
SO-2025-03894,2025-09-17,2025-09,North America,Mexico,Ava Thompson,UltraWide Monitor 34,Hardware,3,545.6,1636.8,1230.0,406.8
SO-2025-00388,2025-09-17,2025-09,APAC,Singapore,Chloe Wong,Wireless Mouse,Accessories,9,57.85,520.65,216.0,304.65
SO-2025-00263,2025-09-17,2025-09,North America,United States,Ava Thompson,Laptop Air 13,Hardware,3,903.0,2709.0,2100.0,609.0
SO-2025-01089,2025-09-17,2025-09,LATAM,Chile,Camila Rojas,Analytics Add-on,Software,3,441.0,1323.0,210.0,1113.0
SO-2025-02109,2025-09-17,2025-09,North America,United States,Liam Chen,CRM Suite (annual),Software,25,801.0,20025.0,3500.0,16525.0
SO-2025-05658,2025-09-17,2025-09,North America,Mexico,Sofia Ramirez,Laptop Air 13,Hardware,1,945.0,945.0,700.0,245.0
SO-2025-00850,2025-09-17,2025-09,APAC,Singapore,Priya Nair,Mechanical Keyboard,Accessories,3,106.6,319.8,186.0,133.8
SO-2025-04243,2025-09-17,2025-09,APAC,Japan,Chloe Wong,Wireless Mouse,Accessories,2,61.75,123.5,48.0,75.5
SO-2025-04036,2025-09-17,2025-09,Europe,United Kingdom,Noah Muller,Noise-Cancel Headset,Accessories,4,206.4,825.6,472.0,353.6
SO-2025-03222,2025-09-17,2025-09,Europe,Germany,Oliver Smith,UltraWide Monitor 34,Hardware,3,589.0,1767.0,1230.0,537.0
SO-2025-03143,2025-09-17,2025-09,North America,Mexico,Ava Thompson,Analytics Add-on,Software,16,418.5,6696.0,1120.0,5576.0
SO-2025-00478,2025-09-17,2025-09,North America,United States,Sofia Ramirez,Analytics Add-on,Software,6,423.0,2538.0,420.0,2118.0
SO-2025-02275,2025-09-18,2025-09,APAC,Japan,Priya Nair,Mechanical Keyboard,Accessories,9,117.0,1053.0,558.0,495.0
SO-2025-02240,2025-09-18,2025-09,Europe,United Kingdom,Emma Laurent,Mechanical Keyboard,Accessories,9,117.0,1053.0,558.0,495.0
SO-2025-04149,2025-09-18,2025-09,Europe,Germany,Emma Laurent,Mechanical Keyboard,Accessories,4,122.2,488.8,248.0,240.8
SO-2025-03099,2025-09-18,2025-09,APAC,India,Haruto Sato,Laptop Pro 15,Hardware,2,1247.0,2494.0,1960.0,534.0
SO-2025-05398,2025-09-18,2025-09,North America,Canada,Liam Chen,Security Suite,Software,24,616.0,14784.0,2640.0,12144.0
SO-2025-05555,2025-09-18,2025-09,Europe,Spain,Emma Laurent,Noise-Cancel Headset,Accessories,10,223.2,2232.0,1180.0,1052.0
SO-2025-05200,2025-09-18,2025-09,North America,Mexico,Ava Thompson,Laptop Pro 15,Hardware,3,1406.5,4219.5,2940.0,1279.5
SO-2025-03538,2025-09-18,2025-09,North America,Mexico,Ava Thompson,Laptop Air 13,Hardware,3,1018.5,3055.5,2100.0,955.5
SO-2025-01181,2025-09-18,2025-09,LATAM,Argentina,Mateo Silva,Security Suite,Software,4,630.0,2520.0,440.0,2080.0
SO-2025-00936,2025-09-18,2025-09,APAC,Singapore,Priya Nair,Laptop Pro 15,Hardware,4,1174.5,4698.0,3920.0,778.0
SO-2025-05636,2025-09-19,2025-09,North America,United States,Liam Chen,Laptop Air 13,Hardware,3,1018.5,3055.5,2100.0,955.5
SO-2025-03522,2025-09-19,2025-09,North America,United States,Liam Chen,Mechanical Keyboard,Accessories,8,109.2,873.6,496.0,377.6
SO-2025-02827,2025-09-19,2025-09,North America,Canada,Liam Chen,Laptop Pro 15,Hardware,4,1290.5,5162.0,3920.0,1242.0
SO-2025-00038,2025-09-19,2025-09,LATAM,Brazil,Diego Fernandez,UltraWide Monitor 34,Hardware,3,601.4,1804.2,1230.0,574.2
SO-2025-05461,2025-09-19,2025-09,APAC,Japan,Haruto Sato,Security Suite,Software,15,623.0,9345.0,1650.0,7695.0
SO-2025-05476,2025-09-19,2025-09,North America,Mexico,Sofia Ramirez,Laptop Air 13,Hardware,1,1008.0,1008.0,700.0,308.0
SO-2025-00633,2025-09-19,2025-09,Europe,France,Emma Laurent,Wireless Mouse,Accessories,4,54.6,218.4,96.0,122.4
SO-2025-05980,2025-09-19,2025-09,Europe,Germany,Emma Laurent,Mechanical Keyboard,Accessories,9,127.4,1146.6,558.0,588.6
SO-2025-00884,2025-09-19,2025-09,North America,United States,Liam Chen,Laptop Pro 15,Hardware,3,1261.5,3784.5,2940.0,844.5
SO-2025-02672,2025-09-19,2025-09,Europe,Spain,Noah Muller,Wireless Mouse,Accessories,3,56.55,169.65,72.0,97.65
SO-2025-05352,2025-09-19,2025-09,Europe,Spain,Emma Laurent,Security Suite,Software,13,574.0,7462.0,1430.0,6032.0
SO-2025-02174,2025-09-19,2025-09,North America,Mexico,Liam Chen,UltraWide Monitor 34,Hardware,4,551.8,2207.2,1640.0,567.2
SO-2025-00557,2025-09-19,2025-09,APAC,Singapore,Chloe Wong,USB-C Dock,Accessories,5,156.6,783.0,440.0,343.0
SO-2025-03867,2025-09-19,2025-09,Europe,France,Noah Muller,Analytics Add-on,Software,8,373.5,2988.0,560.0,2428.0
SO-2025-04887,2025-09-19,2025-09,North America,Mexico,Sofia Ramirez,Analytics Add-on,Software,20,427.5,8550.0,1400.0,7150.0
SO-2025-02454,2025-09-19,2025-09,Europe,Germany,Emma Laurent,UltraWide Monitor 34,Hardware,2,601.4,1202.8,820.0,382.8
SO-2025-05804,2025-09-19,2025-09,Europe,Spain,Oliver Smith,Security Suite,Software,7,693.0,4851.0,770.0,4081.0
SO-2025-01956,2025-09-19,2025-09,Europe,United Kingdom,Noah Muller,UltraWide Monitor 34,Hardware,3,601.4,1804.2,1230.0,574.2
SO-2025-02190,2025-09-19,2025-09,Europe,Spain,Oliver Smith,USB-C Dock,Accessories,7,149.4,1045.8,616.0,429.8
SO-2025-05569,2025-09-20,2025-09,North America,Canada,Ava Thompson,Security Suite,Software,22,651.0,14322.0,2420.0,11902.0
SO-2025-01014,2025-09-20,2025-09,Europe,France,Oliver Smith,Wireless Mouse,Accessories,4,53.3,213.2,96.0,117.2
SO-2025-04201,2025-09-20,2025-09,North America,United States,Ava Thompson,Laptop Air 13,Hardware,1,997.5,997.5,700.0,297.5
SO-2025-04511,2025-09-20,2025-09,Europe,Spain,Emma Laurent,Laptop Air 13,Hardware,1,850.5,850.5,700.0,150.5
SO-2025-01371,2025-09-20,2025-09,Europe,Germany,Oliver Smith,Mechanical Keyboard,Accessories,2,118.3,236.6,124.0,112.6
SO-2025-02820,2025-09-20,2025-09,APAC,Japan,Chloe Wong,Laptop Air 13,Hardware,3,871.5,2614.5,2100.0,514.5
SO-2025-01502,2025-09-20,2025-09,North America,Canada,Ava Thompson,USB-C Dock,Accessories,3,145.8,437.4,264.0,173.4
SO-2025-02055,2025-09-20,2025-09,North America,Mexico,Ava Thompson,Wireless Mouse,Accessories,10,57.85,578.5,240.0,338.5
SO-2025-02942,2025-09-20,2025-09,APAC,India,Haruto Sato,CRM Suite (annual),Software,8,765.0,6120.0,1120.0,5000.0
SO-2025-00947,2025-09-20,2025-09,North America,United States,Liam Chen,Laptop Air 13,Hardware,1,1050.0,1050.0,700.0,350.0
SO-2025-00525,2025-09-20,2025-09,APAC,Singapore,Priya Nair,Security Suite,Software,23,595.0,13685.0,2530.0,11155.0
SO-2025-03503,2025-09-20,2025-09,North America,Canada,Sofia Ramirez,Analytics Add-on,Software,16,427.5,6840.0,1120.0,5720.0
SO-2025-04138,2025-09-20,2025-09,Europe,Spain,Oliver Smith,CRM Suite (annual),Software,22,747.0,16434.0,3080.0,13354.0
SO-2025-05662,2025-09-21,2025-09,North America,Mexico,Sofia Ramirez,Laptop Air 13,Hardware,2,934.5,1869.0,1400.0,469.0
SO-2025-02353,2025-09-21,2025-09,APAC,India,Haruto Sato,Analytics Add-on,Software,18,364.5,6561.0,1260.0,5301.0
SO-2025-05550,2025-09-21,2025-09,APAC,India,Chloe Wong,Mechanical Keyboard,Accessories,5,107.9,539.5,310.0,229.5
SO-2025-05506,2025-09-21,2025-09,North America,Canada,Sofia Ramirez,UltraWide Monitor 34,Hardware,4,576.6,2306.4,1640.0,666.4
SO-2025-00677,2025-09-21,2025-09,Europe,France,Oliver Smith,Laptop Pro 15,Hardware,2,1348.5,2697.0,1960.0,737.0
SO-2025-03604,2025-09-21,2025-09,Europe,France,Emma Laurent,Analytics Add-on,Software,19,400.5,7609.5,1330.0,6279.5
SO-2025-02346,2025-09-21,2025-09,North America,Canada,Sofia Ramirez,Wireless Mouse,Accessories,2,54.6,109.2,48.0,61.2
SO-2025-04347,2025-09-21,2025-09,LATAM,Brazil,Mateo Silva,Mechanical Keyboard,Accessories,8,109.2,873.6,496.0,377.6
SO-2025-02983,2025-09-21,2025-09,Europe,Germany,Oliver Smith,Wireless Mouse,Accessories,3,59.8,179.4,72.0,107.4
SO-2025-04097,2025-09-21,2025-09,North America,Mexico,Sofia Ramirez,CRM Suite (annual),Software,1,747.0,747.0,140.0,607.0
SO-2025-02325,2025-09-21,2025-09,North America,Mexico,Sofia Ramirez,Analytics Add-on,Software,2,427.5,855.0,140.0,715.0
SO-2025-00976,2025-09-21,2025-09,APAC,Australia,Priya Nair,USB-C Dock,Accessories,9,176.4,1587.6,792.0,795.6
SO-2025-05548,2025-09-21,2025-09,Europe,Spain,Oliver Smith,Analytics Add-on,Software,24,423.0,10152.0,1680.0,8472.0
SO-2025-03394,2025-09-21,2025-09,Europe,Spain,Emma Laurent,Noise-Cancel Headset,Accessories,3,194.4,583.2,354.0,229.2
SO-2025-02315,2025-09-21,2025-09,Europe,France,Noah Muller,USB-C Dock,Accessories,6,144.0,864.0,528.0,336.0
SO-2025-05575,2025-09-21,2025-09,North America,Mexico,Ava Thompson,Laptop Pro 15,Hardware,1,1305.0,1305.0,980.0,325.0
SO-2025-00375,2025-09-21,2025-09,North America,Canada,Sofia Ramirez,Mechanical Keyboard,Accessories,4,118.3,473.2,248.0,225.2
SO-2025-04717,2025-09-21,2025-09,North America,United States,Liam Chen,USB-C Dock,Accessories,10,162.0,1620.0,880.0,740.0
SO-2025-05844,2025-09-21,2025-09,North America,Canada,Liam Chen,Security Suite,Software,3,616.0,1848.0,330.0,1518.0
SO-2025-03577,2025-09-21,2025-09,North America,Mexico,Ava Thompson,CRM Suite (annual),Software,3,765.0,2295.0,420.0,1875.0
SO-2025-03385,2025-09-21,2025-09,APAC,Singapore,Haruto Sato,Laptop Air 13,Hardware,2,934.5,1869.0,1400.0,469.0
SO-2025-01528,2025-09-21,2025-09,Europe,France,Emma Laurent,USB-C Dock,Accessories,3,147.6,442.8,264.0,178.8
SO-2025-02637,2025-09-21,2025-09,Europe,Spain,Emma Laurent,Analytics Add-on,Software,3,409.5,1228.5,210.0,1018.5
SO-2025-00324,2025-09-22,2025-09,Europe,France,Noah Muller,CRM Suite (annual),Software,3,855.0,2565.0,420.0,2145.0
SO-2025-05143,2025-09-22,2025-09,APAC,Japan,Haruto Sato,Wireless Mouse,Accessories,7,61.75,432.25,168.0,264.25
SO-2025-04152,2025-09-22,2025-09,LATAM,Argentina,Diego Fernandez,UltraWide Monitor 34,Hardware,2,607.6,1215.2,820.0,395.2
SO-2025-05150,2025-09-22,2025-09,LATAM,Argentina,Camila Rojas,Mechanical Keyboard,Accessories,8,128.7,1029.6,496.0,533.6
SO-2025-00141,2025-09-22,2025-09,North America,Canada,Sofia Ramirez,Security Suite,Software,4,609.0,2436.0,440.0,1996.0
SO-2025-00310,2025-09-22,2025-09,LATAM,Argentina,Diego Fernandez,Wireless Mouse,Accessories,1,57.85,57.85,24.0,33.85
SO-2025-04919,2025-09-22,2025-09,Europe,France,Noah Muller,Noise-Cancel Headset,Accessories,9,218.4,1965.6,1062.0,903.6
SO-2025-02154,2025-09-22,2025-09,APAC,Singapore,Priya Nair,Laptop Air 13,Hardware,2,861.0,1722.0,1400.0,322.0
SO-2025-01499,2025-09-22,2025-09,Europe,Spain,Emma Laurent,UltraWide Monitor 34,Hardware,3,508.4,1525.2,1230.0,295.2
SO-2025-05706,2025-09-22,2025-09,Europe,Germany,Emma Laurent,Wireless Mouse,Accessories,10,52.65,526.5,240.0,286.5
SO-2025-00392,2025-09-22,2025-09,APAC,Japan,Haruto Sato,CRM Suite (annual),Software,23,900.0,20700.0,3220.0,17480.0
SO-2025-01176,2025-09-22,2025-09,APAC,Singapore,Chloe Wong,Laptop Air 13,Hardware,3,1050.0,3150.0,2100.0,1050.0
SO-2025-01161,2025-09-22,2025-09,APAC,Japan,Haruto Sato,Analytics Add-on,Software,21,387.0,8127.0,1470.0,6657.0
SO-2025-00589,2025-09-22,2025-09,Europe,Germany,Emma Laurent,USB-C Dock,Accessories,9,162.0,1458.0,792.0,666.0
SO-2025-01125,2025-09-22,2025-09,APAC,Singapore,Priya Nair,CRM Suite (annual),Software,7,828.0,5796.0,980.0,4816.0
SO-2025-02662,2025-09-22,2025-09,APAC,Singapore,Haruto Sato,Security Suite,Software,24,595.0,14280.0,2640.0,11640.0
SO-2025-05264,2025-09-22,2025-09,North America,Mexico,Ava Thompson,Wireless Mouse,Accessories,2,61.1,122.2,48.0,74.2
SO-2025-03527,2025-09-23,2025-09,Europe,United Kingdom,Emma Laurent,Laptop Air 13,Hardware,2,934.5,1869.0,1400.0,469.0
SO-2025-05788,2025-09-23,2025-09,Europe,France,Emma Laurent,Mechanical Keyboard,Accessories,3,122.2,366.6,186.0,180.6
SO-2025-02119,2025-09-23,2025-09,APAC,Singapore,Haruto Sato,Analytics Add-on,Software,11,441.0,4851.0,770.0,4081.0
SO-2025-03518,2025-09-23,2025-09,APAC,Japan,Priya Nair,Security Suite,Software,1,609.0,609.0,110.0,499.0
SO-2025-05269,2025-09-23,2025-09,APAC,India,Haruto Sato,Mechanical Keyboard,Accessories,3,105.3,315.9,186.0,129.9
SO-2025-01160,2025-09-23,2025-09,Europe,Germany,Emma Laurent,Noise-Cancel Headset,Accessories,3,228.0,684.0,354.0,330.0
SO-2025-02659,2025-09-23,2025-09,North America,Mexico,Liam Chen,CRM Suite (annual),Software,25,882.0,22050.0,3500.0,18550.0
SO-2025-01696,2025-09-23,2025-09,North America,Mexico,Sofia Ramirez,Security Suite,Software,5,686.0,3430.0,550.0,2880.0
SO-2025-05135,2025-09-23,2025-09,North America,Mexico,Ava Thompson,Laptop Air 13,Hardware,1,1008.0,1008.0,700.0,308.0
SO-2025-03924,2025-09-23,2025-09,LATAM,Brazil,Diego Fernandez,Laptop Pro 15,Hardware,1,1421.0,1421.0,980.0,441.0
SO-2025-02026,2025-09-23,2025-09,Europe,France,Oliver Smith,Analytics Add-on,Software,8,427.5,3420.0,560.0,2860.0
SO-2025-01902,2025-09-23,2025-09,Europe,United Kingdom,Noah Muller,UltraWide Monitor 34,Hardware,1,595.2,595.2,410.0,185.2
SO-2025-02301,2025-09-23,2025-09,APAC,India,Chloe Wong,USB-C Dock,Accessories,3,171.0,513.0,264.0,249.0
SO-2025-02775,2025-09-23,2025-09,North America,Canada,Sofia Ramirez,Mechanical Keyboard,Accessories,7,127.4,891.8,434.0,457.8
SO-2025-02239,2025-09-23,2025-09,North America,Canada,Sofia Ramirez,Laptop Air 13,Hardware,3,871.5,2614.5,2100.0,514.5
SO-2025-04952,2025-09-23,2025-09,North America,Canada,Sofia Ramirez,Laptop Pro 15,Hardware,2,1406.5,2813.0,1960.0,853.0
SO-2025-00338,2025-09-23,2025-09,Europe,Spain,Noah Muller,Wireless Mouse,Accessories,10,58.5,585.0,240.0,345.0
SO-2025-02524,2025-09-24,2025-09,Europe,United Kingdom,Noah Muller,Laptop Pro 15,Hardware,2,1160.0,2320.0,1960.0,360.0
SO-2025-02413,2025-09-24,2025-09,APAC,Singapore,Chloe Wong,Security Suite,Software,24,588.0,14112.0,2640.0,11472.0
SO-2025-05196,2025-09-24,2025-09,North America,Canada,Liam Chen,Wireless Mouse,Accessories,5,57.85,289.25,120.0,169.25
SO-2025-03424,2025-09-24,2025-09,APAC,India,Priya Nair,Noise-Cancel Headset,Accessories,1,225.6,225.6,118.0,107.6
SO-2025-01398,2025-09-24,2025-09,LATAM,Brazil,Camila Rojas,Laptop Air 13,Hardware,2,924.0,1848.0,1400.0,448.0
SO-2025-03066,2025-09-24,2025-09,LATAM,Argentina,Diego Fernandez,Noise-Cancel Headset,Accessories,4,199.2,796.8,472.0,324.8
SO-2025-00760,2025-09-24,2025-09,LATAM,Chile,Camila Rojas,Laptop Air 13,Hardware,4,976.5,3906.0,2800.0,1106.0
SO-2025-00842,2025-09-24,2025-09,LATAM,Chile,Diego Fernandez,UltraWide Monitor 34,Hardware,2,582.8,1165.6,820.0,345.6
SO-2025-05999,2025-09-24,2025-09,North America,United States,Liam Chen,Analytics Add-on,Software,19,409.5,7780.5,1330.0,6450.5
SO-2025-02719,2025-09-24,2025-09,Europe,United Kingdom,Oliver Smith,Mechanical Keyboard,Accessories,4,130.0,520.0,248.0,272.0
SO-2025-03328,2025-09-24,2025-09,North America,United States,Ava Thompson,Laptop Air 13,Hardware,3,987.0,2961.0,2100.0,861.0
SO-2025-02560,2025-09-24,2025-09,North America,Mexico,Liam Chen,Security Suite,Software,5,567.0,2835.0,550.0,2285.0
SO-2025-04611,2025-09-24,2025-09,North America,Mexico,Ava Thompson,Analytics Add-on,Software,20,382.5,7650.0,1400.0,6250.0
SO-2025-01645,2025-09-24,2025-09,Europe,United Kingdom,Emma Laurent,Noise-Cancel Headset,Accessories,3,213.6,640.8,354.0,286.8
SO-2025-04510,2025-09-25,2025-09,North America,Mexico,Liam Chen,Laptop Air 13,Hardware,1,861.0,861.0,700.0,161.0
SO-2025-00098,2025-09-25,2025-09,Europe,Spain,Emma Laurent,Mechanical Keyboard,Accessories,10,104.0,1040.0,620.0,420.0
SO-2025-02031,2025-09-25,2025-09,North America,United States,Liam Chen,Wireless Mouse,Accessories,7,63.05,441.35,168.0,273.35
SO-2025-03683,2025-09-25,2025-09,APAC,Singapore,Priya Nair,Security Suite,Software,16,630.0,10080.0,1760.0,8320.0
SO-2025-01310,2025-09-25,2025-09,LATAM,Brazil,Diego Fernandez,UltraWide Monitor 34,Hardware,1,589.0,589.0,410.0,179.0
SO-2025-05067,2025-09-25,2025-09,North America,Canada,Ava Thompson,CRM Suite (annual),Software,11,738.0,8118.0,1540.0,6578.0
SO-2025-00881,2025-09-25,2025-09,LATAM,Brazil,Diego Fernandez,Mechanical Keyboard,Accessories,2,124.8,249.6,124.0,125.6
SO-2025-03496,2025-09-25,2025-09,North America,United States,Ava Thompson,Laptop Air 13,Hardware,2,976.5,1953.0,1400.0,553.0
SO-2025-01736,2025-09-25,2025-09,North America,Mexico,Sofia Ramirez,Mechanical Keyboard,Accessories,10,109.2,1092.0,620.0,472.0
SO-2025-03076,2025-09-25,2025-09,North America,United States,Liam Chen,UltraWide Monitor 34,Hardware,3,558.0,1674.0,1230.0,444.0
SO-2025-02215,2025-09-25,2025-09,APAC,Japan,Priya Nair,Security Suite,Software,22,623.0,13706.0,2420.0,11286.0
SO-2025-04215,2025-09-25,2025-09,Europe,France,Emma Laurent,UltraWide Monitor 34,Hardware,2,582.8,1165.6,820.0,345.6
SO-2025-00498,2025-09-25,2025-09,North America,Mexico,Ava Thompson,Mechanical Keyboard,Accessories,7,122.2,855.4,434.0,421.4
SO-2025-04418,2025-09-25,2025-09,North America,United States,Liam Chen,Laptop Pro 15,Hardware,2,1377.5,2755.0,1960.0,795.0
SO-2025-02604,2025-09-26,2025-09,Europe,France,Noah Muller,UltraWide Monitor 34,Hardware,2,613.8,1227.6,820.0,407.6
SO-2025-04461,2025-09-26,2025-09,Europe,United Kingdom,Emma Laurent,Security Suite,Software,16,672.0,10752.0,1760.0,8992.0
SO-2025-00915,2025-09-26,2025-09,North America,Mexico,Ava Thompson,Mechanical Keyboard,Accessories,1,122.2,122.2,62.0,60.2
SO-2025-04146,2025-09-26,2025-09,North America,Canada,Sofia Ramirez,CRM Suite (annual),Software,17,810.0,13770.0,2380.0,11390.0
SO-2025-00943,2025-09-26,2025-09,LATAM,Argentina,Camila Rojas,Analytics Add-on,Software,5,427.5,2137.5,350.0,1787.5
SO-2025-04529,2025-09-26,2025-09,APAC,Australia,Priya Nair,Analytics Add-on,Software,17,405.0,6885.0,1190.0,5695.0
SO-2025-00636,2025-09-26,2025-09,North America,Canada,Ava Thompson,Wireless Mouse,Accessories,9,59.15,532.35,216.0,316.35
SO-2025-05293,2025-09-26,2025-09,APAC,Japan,Chloe Wong,Laptop Air 13,Hardware,1,882.0,882.0,700.0,182.0
SO-2025-04576,2025-09-26,2025-09,North America,Canada,Sofia Ramirez,Laptop Air 13,Hardware,2,987.0,1974.0,1400.0,574.0
SO-2025-04727,2025-09-26,2025-09,North America,Canada,Sofia Ramirez,Wireless Mouse,Accessories,1,61.75,61.75,24.0,37.75
SO-2025-00449,2025-09-26,2025-09,Europe,Germany,Oliver Smith,Laptop Pro 15,Hardware,4,1218.0,4872.0,3920.0,952.0
SO-2025-03155,2025-09-26,2025-09,APAC,Singapore,Priya Nair,Security Suite,Software,24,693.0,16632.0,2640.0,13992.0
SO-2025-02265,2025-09-27,2025-09,North America,Canada,Ava Thompson,UltraWide Monitor 34,Hardware,2,589.0,1178.0,820.0,358.0
SO-2025-05205,2025-09-27,2025-09,North America,United States,Sofia Ramirez,UltraWide Monitor 34,Hardware,3,582.8,1748.4,1230.0,518.4
SO-2025-01882,2025-09-27,2025-09,APAC,Singapore,Chloe Wong,Wireless Mouse,Accessories,1,61.1,61.1,24.0,37.1
SO-2025-05139,2025-09-27,2025-09,North America,Mexico,Sofia Ramirez,USB-C Dock,Accessories,6,147.6,885.6,528.0,357.6
SO-2025-05267,2025-09-27,2025-09,APAC,Singapore,Priya Nair,Wireless Mouse,Accessories,7,52.65,368.55,168.0,200.55
SO-2025-02416,2025-09-27,2025-09,North America,Canada,Liam Chen,CRM Suite (annual),Software,21,801.0,16821.0,2940.0,13881.0
SO-2025-01989,2025-09-27,2025-09,Europe,Germany,Emma Laurent,Laptop Air 13,Hardware,1,924.0,924.0,700.0,224.0
SO-2025-00121,2025-09-27,2025-09,Europe,Germany,Emma Laurent,Security Suite,Software,5,630.0,3150.0,550.0,2600.0
SO-2025-04188,2025-09-27,2025-09,APAC,India,Priya Nair,UltraWide Monitor 34,Hardware,4,601.4,2405.6,1640.0,765.6
SO-2025-03755,2025-09-27,2025-09,North America,Canada,Liam Chen,Laptop Pro 15,Hardware,1,1276.0,1276.0,980.0,296.0
SO-2025-05538,2025-09-27,2025-09,North America,United States,Liam Chen,Analytics Add-on,Software,16,423.0,6768.0,1120.0,5648.0
SO-2025-03658,2025-09-27,2025-09,Europe,Spain,Emma Laurent,Noise-Cancel Headset,Accessories,5,208.8,1044.0,590.0,454.0
SO-2025-04116,2025-09-27,2025-09,APAC,Japan,Haruto Sato,Security Suite,Software,6,644.0,3864.0,660.0,3204.0
SO-2025-02191,2025-09-27,2025-09,Europe,Spain,Noah Muller,Analytics Add-on,Software,10,436.5,4365.0,700.0,3665.0
SO-2025-02618,2025-09-27,2025-09,APAC,India,Priya Nair,USB-C Dock,Accessories,5,171.0,855.0,440.0,415.0
SO-2025-02888,2025-09-27,2025-09,Europe,United Kingdom,Emma Laurent,Laptop Air 13,Hardware,4,924.0,3696.0,2800.0,896.0
SO-2025-03563,2025-09-27,2025-09,Europe,United Kingdom,Noah Muller,UltraWide Monitor 34,Hardware,1,551.8,551.8,410.0,141.8
SO-2025-03529,2025-09-27,2025-09,Europe,Spain,Oliver Smith,CRM Suite (annual),Software,24,873.0,20952.0,3360.0,17592.0
SO-2025-03623,2025-09-28,2025-09,North America,United States,Liam Chen,Wireless Mouse,Accessories,3,58.5,175.5,72.0,103.5
SO-2025-01950,2025-09-28,2025-09,Europe,Spain,Oliver Smith,Security Suite,Software,4,686.0,2744.0,440.0,2304.0
SO-2025-01309,2025-09-28,2025-09,North America,United States,Liam Chen,Laptop Air 13,Hardware,1,1039.5,1039.5,700.0,339.5
SO-2025-02263,2025-09-28,2025-09,North America,Mexico,Ava Thompson,Mechanical Keyboard,Accessories,2,128.7,257.4,124.0,133.4
SO-2025-04267,2025-09-28,2025-09,North America,Mexico,Liam Chen,Analytics Add-on,Software,21,409.5,8599.5,1470.0,7129.5
SO-2025-02760,2025-09-28,2025-09,Europe,United Kingdom,Emma Laurent,Laptop Pro 15,Hardware,3,1232.5,3697.5,2940.0,757.5
SO-2025-01661,2025-09-28,2025-09,Europe,Germany,Noah Muller,Analytics Add-on,Software,19,423.0,8037.0,1330.0,6707.0
SO-2025-03167,2025-09-28,2025-09,North America,Canada,Sofia Ramirez,Laptop Pro 15,Hardware,1,1160.0,1160.0,980.0,180.0
SO-2025-05893,2025-09-28,2025-09,APAC,Japan,Haruto Sato,Wireless Mouse,Accessories,8,55.9,447.2,192.0,255.2
SO-2025-03542,2025-09-28,2025-09,North America,Mexico,Liam Chen,Wireless Mouse,Accessories,2,61.1,122.2,48.0,74.2
SO-2025-04240,2025-09-28,2025-09,APAC,Japan,Priya Nair,Wireless Mouse,Accessories,8,65.0,520.0,192.0,328.0
SO-2025-00631,2025-09-28,2025-09,LATAM,Argentina,Camila Rojas,Security Suite,Software,18,567.0,10206.0,1980.0,8226.0
SO-2025-01481,2025-09-28,2025-09,Europe,United Kingdom,Noah Muller,USB-C Dock,Accessories,5,149.4,747.0,440.0,307.0
SO-2025-02247,2025-09-28,2025-09,North America,Canada,Liam Chen,CRM Suite (annual),Software,11,774.0,8514.0,1540.0,6974.0
SO-2025-00655,2025-09-28,2025-09,Europe,United Kingdom,Oliver Smith,Laptop Air 13,Hardware,3,882.0,2646.0,2100.0,546.0
SO-2025-03037,2025-09-28,2025-09,LATAM,Brazil,Camila Rojas,Laptop Air 13,Hardware,2,934.5,1869.0,1400.0,469.0
SO-2025-00109,2025-09-28,2025-09,North America,Canada,Sofia Ramirez,Wireless Mouse,Accessories,7,54.6,382.2,168.0,214.2
SO-2025-03932,2025-09-28,2025-09,North America,United States,Sofia Ramirez,Laptop Air 13,Hardware,2,976.5,1953.0,1400.0,553.0
SO-2025-03019,2025-09-28,2025-09,Europe,Spain,Emma Laurent,Laptop Pro 15,Hardware,3,1218.0,3654.0,2940.0,714.0
SO-2025-02464,2025-09-28,2025-09,Europe,United Kingdom,Oliver Smith,Laptop Pro 15,Hardware,2,1319.5,2639.0,1960.0,679.0
SO-2025-03361,2025-09-28,2025-09,Europe,France,Emma Laurent,Wireless Mouse,Accessories,8,53.95,431.6,192.0,239.6
SO-2025-00290,2025-09-28,2025-09,North America,Mexico,Ava Thompson,Wireless Mouse,Accessories,4,57.85,231.4,96.0,135.4
SO-2025-03587,2025-09-28,2025-09,APAC,Singapore,Haruto Sato,Laptop Air 13,Hardware,4,1008.0,4032.0,2800.0,1232.0
SO-2025-03020,2025-09-28,2025-09,North America,Mexico,Sofia Ramirez,Mechanical Keyboard,Accessories,3,126.1,378.3,186.0,192.3
SO-2025-00559,2025-09-29,2025-09,North America,Canada,Liam Chen,Mechanical Keyboard,Accessories,5,111.8,559.0,310.0,249.0
SO-2025-03254,2025-09-29,2025-09,Europe,France,Emma Laurent,USB-C Dock,Accessories,3,156.6,469.8,264.0,205.8
SO-2025-02133,2025-09-29,2025-09,North America,Mexico,Sofia Ramirez,Laptop Pro 15,Hardware,1,1377.5,1377.5,980.0,397.5
SO-2025-02280,2025-09-29,2025-09,APAC,Japan,Chloe Wong,Mechanical Keyboard,Accessories,2,128.7,257.4,124.0,133.4
SO-2025-01461,2025-09-29,2025-09,North America,Canada,Ava Thompson,Analytics Add-on,Software,19,369.0,7011.0,1330.0,5681.0
SO-2025-03610,2025-09-29,2025-09,APAC,Australia,Haruto Sato,Wireless Mouse,Accessories,4,62.4,249.6,96.0,153.6
SO-2025-04394,2025-09-29,2025-09,Europe,France,Noah Muller,Laptop Pro 15,Hardware,4,1174.5,4698.0,3920.0,778.0
SO-2025-00938,2025-09-29,2025-09,APAC,Singapore,Haruto Sato,UltraWide Monitor 34,Hardware,1,520.8,520.8,410.0,110.8
SO-2025-01142,2025-09-29,2025-09,North America,United States,Sofia Ramirez,Wireless Mouse,Accessories,4,57.2,228.8,96.0,132.8
SO-2025-01755,2025-09-29,2025-09,Europe,Spain,Oliver Smith,CRM Suite (annual),Software,12,783.0,9396.0,1680.0,7716.0
SO-2025-04410,2025-09-29,2025-09,APAC,Australia,Chloe Wong,Analytics Add-on,Software,2,382.5,765.0,140.0,625.0
SO-2025-04508,2025-09-29,2025-09,North America,Mexico,Sofia Ramirez,UltraWide Monitor 34,Hardware,2,496.0,992.0,820.0,172.0
SO-2025-05987,2025-09-29,2025-09,North America,Mexico,Ava Thompson,Analytics Add-on,Software,14,391.5,5481.0,980.0,4501.0
SO-2025-00966,2025-09-29,2025-09,North America,Canada,Sofia Ramirez,Security Suite,Software,4,644.0,2576.0,440.0,2136.0
SO-2025-01589,2025-09-29,2025-09,APAC,Australia,Priya Nair,Laptop Pro 15,Hardware,3,1392.0,4176.0,2940.0,1236.0
SO-2025-00125,2025-09-29,2025-09,APAC,Japan,Chloe Wong,Laptop Pro 15,Hardware,3,1160.0,3480.0,2940.0,540.0
SO-2025-02198,2025-09-29,2025-09,LATAM,Brazil,Diego Fernandez,Security Suite,Software,25,700.0,17500.0,2750.0,14750.0
SO-2025-00583,2025-09-29,2025-09,Europe,United Kingdom,Oliver Smith,Noise-Cancel Headset,Accessories,9,220.8,1987.2,1062.0,925.2
SO-2025-01140,2025-09-29,2025-09,APAC,Singapore,Haruto Sato,Mechanical Keyboard,Accessories,10,106.6,1066.0,620.0,446.0
SO-2025-01234,2025-09-29,2025-09,APAC,Australia,Haruto Sato,Laptop Pro 15,Hardware,2,1305.0,2610.0,1960.0,650.0
SO-2025-05574,2025-09-29,2025-09,North America,Mexico,Ava Thompson,Laptop Pro 15,Hardware,3,1421.0,4263.0,2940.0,1323.0
SO-2025-02505,2025-09-29,2025-09,Europe,United Kingdom,Emma Laurent,UltraWide Monitor 34,Hardware,4,558.0,2232.0,1640.0,592.0
SO-2025-01967,2025-09-30,2025-09,North America,Mexico,Sofia Ramirez,Mechanical Keyboard,Accessories,5,107.9,539.5,310.0,229.5
SO-2025-04375,2025-09-30,2025-09,LATAM,Argentina,Camila Rojas,USB-C Dock,Accessories,6,165.6,993.6,528.0,465.6
SO-2025-03244,2025-09-30,2025-09,APAC,Singapore,Chloe Wong,Analytics Add-on,Software,4,400.5,1602.0,280.0,1322.0
SO-2025-04107,2025-09-30,2025-09,Europe,United Kingdom,Emma Laurent,Noise-Cancel Headset,Accessories,3,237.6,712.8,354.0,358.8
SO-2025-05925,2025-09-30,2025-09,Europe,Germany,Noah Muller,Laptop Pro 15,Hardware,2,1218.0,2436.0,1960.0,476.0
SO-2025-01719,2025-09-30,2025-09,APAC,India,Haruto Sato,Analytics Add-on,Software,11,445.5,4900.5,770.0,4130.5
SO-2025-04851,2025-09-30,2025-09,North America,Mexico,Ava Thompson,USB-C Dock,Accessories,5,167.4,837.0,440.0,397.0
SO-2025-00624,2025-09-30,2025-09,North America,Mexico,Sofia Ramirez,USB-C Dock,Accessories,2,176.4,352.8,176.0,176.8
SO-2025-00543,2025-09-30,2025-09,Europe,United Kingdom,Oliver Smith,Analytics Add-on,Software,13,369.0,4797.0,910.0,3887.0
SO-2025-00946,2025-09-30,2025-09,North America,Canada,Ava Thompson,UltraWide Monitor 34,Hardware,2,613.8,1227.6,820.0,407.6
SO-2025-01952,2025-10-01,2025-10,APAC,India,Chloe Wong,USB-C Dock,Accessories,7,163.8,1146.6,616.0,530.6
SO-2025-02107,2025-10-01,2025-10,North America,United States,Ava Thompson,Security Suite,Software,9,588.0,5292.0,990.0,4302.0
SO-2025-03676,2025-10-01,2025-10,APAC,Australia,Priya Nair,Wireless Mouse,Accessories,5,53.95,269.75,120.0,149.75
SO-2025-01243,2025-10-01,2025-10,North America,Mexico,Ava Thompson,Laptop Air 13,Hardware,3,1039.5,3118.5,2100.0,1018.5
SO-2025-05879,2025-10-01,2025-10,APAC,Japan,Chloe Wong,CRM Suite (annual),Software,3,738.0,2214.0,420.0,1794.0
SO-2025-00705,2025-10-01,2025-10,LATAM,Argentina,Mateo Silva,CRM Suite (annual),Software,7,765.0,5355.0,980.0,4375.0
SO-2025-04071,2025-10-01,2025-10,APAC,Singapore,Priya Nair,Wireless Mouse,Accessories,2,55.25,110.5,48.0,62.5
SO-2025-05422,2025-10-01,2025-10,North America,United States,Ava Thompson,Wireless Mouse,Accessories,7,59.15,414.05,168.0,246.05
SO-2025-00837,2025-10-01,2025-10,APAC,Japan,Priya Nair,Security Suite,Software,11,623.0,6853.0,1210.0,5643.0
SO-2025-04022,2025-10-01,2025-10,North America,Canada,Liam Chen,Laptop Pro 15,Hardware,3,1363.0,4089.0,2940.0,1149.0
SO-2025-04407,2025-10-01,2025-10,Europe,Germany,Oliver Smith,UltraWide Monitor 34,Hardware,3,508.4,1525.2,1230.0,295.2
SO-2025-05054,2025-10-01,2025-10,Europe,Germany,Emma Laurent,UltraWide Monitor 34,Hardware,4,601.4,2405.6,1640.0,765.6
SO-2025-04964,2025-10-01,2025-10,Europe,Spain,Emma Laurent,Noise-Cancel Headset,Accessories,1,223.2,223.2,118.0,105.2
SO-2025-04288,2025-10-01,2025-10,Europe,United Kingdom,Noah Muller,Security Suite,Software,4,686.0,2744.0,440.0,2304.0
SO-2025-03094,2025-10-01,2025-10,Europe,United Kingdom,Noah Muller,Wireless Mouse,Accessories,3,57.2,171.6,72.0,99.6
SO-2025-03443,2025-10-01,2025-10,Europe,Germany,Oliver Smith,Analytics Add-on,Software,6,364.5,2187.0,420.0,1767.0
SO-2025-01957,2025-10-01,2025-10,North America,Mexico,Ava Thompson,Laptop Air 13,Hardware,3,924.0,2772.0,2100.0,672.0
SO-2025-03269,2025-10-01,2025-10,Europe,United Kingdom,Noah Muller,Laptop Air 13,Hardware,2,850.5,1701.0,1400.0,301.0
SO-2025-05930,2025-10-01,2025-10,North America,United States,Liam Chen,Wireless Mouse,Accessories,8,54.6,436.8,192.0,244.8
SO-2025-01210,2025-10-01,2025-10,Europe,France,Noah Muller,Laptop Pro 15,Hardware,2,1261.5,2523.0,1960.0,563.0
SO-2025-05841,2025-10-01,2025-10,North America,Canada,Ava Thompson,Mechanical Keyboard,Accessories,10,122.2,1222.0,620.0,602.0
SO-2025-02487,2025-10-02,2025-10,North America,United States,Liam Chen,UltraWide Monitor 34,Hardware,2,508.4,1016.8,820.0,196.8
SO-2025-05549,2025-10-02,2025-10,North America,Mexico,Ava Thompson,Security Suite,Software,9,686.0,6174.0,990.0,5184.0
SO-2025-02792,2025-10-02,2025-10,North America,United States,Sofia Ramirez,Wireless Mouse,Accessories,9,53.3,479.7,216.0,263.7
SO-2025-01996,2025-10-02,2025-10,North America,Mexico,Liam Chen,Wireless Mouse,Accessories,5,63.05,315.25,120.0,195.25
SO-2025-03945,2025-10-02,2025-10,Europe,Germany,Oliver Smith,Analytics Add-on,Software,13,391.5,5089.5,910.0,4179.5
SO-2025-02465,2025-10-02,2025-10,APAC,Australia,Priya Nair,Laptop Pro 15,Hardware,2,1392.0,2784.0,1960.0,824.0
SO-2025-04638,2025-10-02,2025-10,North America,Mexico,Liam Chen,Analytics Add-on,Software,16,427.5,6840.0,1120.0,5720.0
SO-2025-05330,2025-10-02,2025-10,APAC,Australia,Chloe Wong,USB-C Dock,Accessories,9,167.4,1506.6,792.0,714.6
SO-2025-03847,2025-10-02,2025-10,APAC,Australia,Chloe Wong,USB-C Dock,Accessories,4,171.0,684.0,352.0,332.0
SO-2025-03093,2025-10-02,2025-10,North America,Canada,Sofia Ramirez,USB-C Dock,Accessories,5,156.6,783.0,440.0,343.0
SO-2025-04085,2025-10-02,2025-10,LATAM,Chile,Diego Fernandez,Laptop Air 13,Hardware,4,955.5,3822.0,2800.0,1022.0
SO-2025-03851,2025-10-02,2025-10,North America,Canada,Liam Chen,UltraWide Monitor 34,Hardware,3,582.8,1748.4,1230.0,518.4
SO-2025-05043,2025-10-02,2025-10,North America,Mexico,Sofia Ramirez,Laptop Pro 15,Hardware,1,1218.0,1218.0,980.0,238.0
SO-2025-01804,2025-10-03,2025-10,APAC,Singapore,Haruto Sato,USB-C Dock,Accessories,10,180.0,1800.0,880.0,920.0
SO-2025-03329,2025-10-03,2025-10,LATAM,Argentina,Diego Fernandez,USB-C Dock,Accessories,10,169.2,1692.0,880.0,812.0
SO-2025-02156,2025-10-03,2025-10,Europe,United Kingdom,Emma Laurent,Mechanical Keyboard,Accessories,7,126.1,882.7,434.0,448.7
SO-2025-05086,2025-10-03,2025-10,Europe,Spain,Noah Muller,Wireless Mouse,Accessories,1,53.95,53.95,24.0,29.95
SO-2025-01290,2025-10-03,2025-10,APAC,Australia,Chloe Wong,Laptop Air 13,Hardware,2,966.0,1932.0,1400.0,532.0
SO-2025-00080,2025-10-03,2025-10,Europe,Germany,Noah Muller,CRM Suite (annual),Software,10,747.0,7470.0,1400.0,6070.0
SO-2025-01867,2025-10-03,2025-10,North America,Canada,Sofia Ramirez,CRM Suite (annual),Software,22,729.0,16038.0,3080.0,12958.0
SO-2025-05617,2025-10-03,2025-10,LATAM,Brazil,Mateo Silva,Noise-Cancel Headset,Accessories,2,201.6,403.2,236.0,167.2
SO-2025-01863,2025-10-03,2025-10,North America,Canada,Ava Thompson,Laptop Air 13,Hardware,3,924.0,2772.0,2100.0,672.0
SO-2025-03296,2025-10-03,2025-10,North America,United States,Liam Chen,Analytics Add-on,Software,16,436.5,6984.0,1120.0,5864.0
SO-2025-02103,2025-10-03,2025-10,Europe,France,Emma Laurent,Noise-Cancel Headset,Accessories,8,230.4,1843.2,944.0,899.2
SO-2025-02986,2025-10-03,2025-10,Europe,Germany,Emma Laurent,CRM Suite (annual),Software,18,792.0,14256.0,2520.0,11736.0
SO-2025-05870,2025-10-03,2025-10,Europe,Spain,Noah Muller,USB-C Dock,Accessories,1,145.8,145.8,88.0,57.8
SO-2025-05334,2025-10-03,2025-10,APAC,India,Chloe Wong,CRM Suite (annual),Software,25,783.0,19575.0,3500.0,16075.0
SO-2025-03418,2025-10-03,2025-10,APAC,Singapore,Haruto Sato,Analytics Add-on,Software,21,387.0,8127.0,1470.0,6657.0
SO-2025-02310,2025-10-03,2025-10,North America,Canada,Liam Chen,Laptop Air 13,Hardware,2,1039.5,2079.0,1400.0,679.0
SO-2025-02073,2025-10-03,2025-10,LATAM,Chile,Mateo Silva,Analytics Add-on,Software,25,405.0,10125.0,1750.0,8375.0
SO-2025-02655,2025-10-03,2025-10,APAC,Japan,Haruto Sato,Laptop Pro 15,Hardware,1,1421.0,1421.0,980.0,441.0
SO-2025-00883,2025-10-04,2025-10,North America,Canada,Liam Chen,Laptop Pro 15,Hardware,1,1435.5,1435.5,980.0,455.5
SO-2025-01438,2025-10-04,2025-10,Europe,Spain,Noah Muller,Laptop Pro 15,Hardware,4,1421.0,5684.0,3920.0,1764.0
SO-2025-01607,2025-10-04,2025-10,Europe,France,Noah Muller,Wireless Mouse,Accessories,6,53.3,319.8,144.0,175.8
SO-2025-00799,2025-10-04,2025-10,North America,United States,Sofia Ramirez,CRM Suite (annual),Software,25,819.0,20475.0,3500.0,16975.0
SO-2025-03589,2025-10-04,2025-10,Europe,France,Oliver Smith,Wireless Mouse,Accessories,8,53.3,426.4,192.0,234.4
SO-2025-01710,2025-10-04,2025-10,North America,United States,Ava Thompson,Security Suite,Software,24,616.0,14784.0,2640.0,12144.0
SO-2025-01616,2025-10-04,2025-10,Europe,Spain,Oliver Smith,Mechanical Keyboard,Accessories,8,111.8,894.4,496.0,398.4
SO-2025-00501,2025-10-04,2025-10,LATAM,Chile,Mateo Silva,Wireless Mouse,Accessories,5,61.75,308.75,120.0,188.75
SO-2025-05288,2025-10-04,2025-10,APAC,Singapore,Chloe Wong,Laptop Air 13,Hardware,2,1050.0,2100.0,1400.0,700.0
SO-2025-03481,2025-10-04,2025-10,Europe,Spain,Emma Laurent,Wireless Mouse,Accessories,2,58.5,117.0,48.0,69.0
SO-2025-04324,2025-10-04,2025-10,North America,Mexico,Sofia Ramirez,USB-C Dock,Accessories,4,163.8,655.2,352.0,303.2
SO-2025-04322,2025-10-04,2025-10,Europe,Spain,Oliver Smith,Noise-Cancel Headset,Accessories,9,240.0,2160.0,1062.0,1098.0
SO-2025-00113,2025-10-04,2025-10,North America,Mexico,Sofia Ramirez,Analytics Add-on,Software,23,436.5,10039.5,1610.0,8429.5
SO-2025-05595,2025-10-04,2025-10,LATAM,Chile,Camila Rojas,Mechanical Keyboard,Accessories,4,128.7,514.8,248.0,266.8
SO-2025-04827,2025-10-04,2025-10,North America,Canada,Liam Chen,Security Suite,Software,3,679.0,2037.0,330.0,1707.0
SO-2025-01521,2025-10-04,2025-10,LATAM,Brazil,Diego Fernandez,Analytics Add-on,Software,24,445.5,10692.0,1680.0,9012.0
SO-2025-00774,2025-10-04,2025-10,Europe,United Kingdom,Noah Muller,CRM Suite (annual),Software,17,720.0,12240.0,2380.0,9860.0
SO-2025-04640,2025-10-04,2025-10,Europe,Germany,Noah Muller,Laptop Air 13,Hardware,2,1029.0,2058.0,1400.0,658.0
SO-2025-01891,2025-10-04,2025-10,LATAM,Argentina,Camila Rojas,Laptop Air 13,Hardware,4,987.0,3948.0,2800.0,1148.0
SO-2025-01506,2025-10-05,2025-10,APAC,Singapore,Haruto Sato,CRM Suite (annual),Software,3,873.0,2619.0,420.0,2199.0
SO-2025-02155,2025-10-05,2025-10,North America,Mexico,Sofia Ramirez,Wireless Mouse,Accessories,2,61.1,122.2,48.0,74.2
SO-2025-05649,2025-10-05,2025-10,Europe,France,Oliver Smith,Wireless Mouse,Accessories,9,58.5,526.5,216.0,310.5
SO-2025-04989,2025-10-05,2025-10,North America,Canada,Sofia Ramirez,Laptop Air 13,Hardware,3,1008.0,3024.0,2100.0,924.0
SO-2025-01367,2025-10-05,2025-10,North America,Canada,Ava Thompson,Security Suite,Software,12,602.0,7224.0,1320.0,5904.0
SO-2025-05102,2025-10-05,2025-10,APAC,Singapore,Chloe Wong,Mechanical Keyboard,Accessories,8,107.9,863.2,496.0,367.2
SO-2025-00491,2025-10-05,2025-10,North America,Canada,Liam Chen,CRM Suite (annual),Software,6,729.0,4374.0,840.0,3534.0
SO-2025-00678,2025-10-05,2025-10,North America,Mexico,Liam Chen,Security Suite,Software,25,616.0,15400.0,2750.0,12650.0
SO-2025-01779,2025-10-05,2025-10,LATAM,Brazil,Diego Fernandez,Wireless Mouse,Accessories,9,55.9,503.1,216.0,287.1
SO-2025-03232,2025-10-05,2025-10,Europe,Germany,Noah Muller,Wireless Mouse,Accessories,9,55.25,497.25,216.0,281.25
SO-2025-04675,2025-10-05,2025-10,Europe,United Kingdom,Noah Muller,Noise-Cancel Headset,Accessories,8,196.8,1574.4,944.0,630.4
SO-2025-02527,2025-10-05,2025-10,Europe,Spain,Emma Laurent,Analytics Add-on,Software,14,427.5,5985.0,980.0,5005.0
SO-2025-02390,2025-10-05,2025-10,North America,Mexico,Liam Chen,Mechanical Keyboard,Accessories,10,128.7,1287.0,620.0,667.0
SO-2025-05345,2025-10-05,2025-10,Europe,Germany,Noah Muller,Security Suite,Software,12,686.0,8232.0,1320.0,6912.0
SO-2025-04805,2025-10-05,2025-10,North America,United States,Liam Chen,Analytics Add-on,Software,25,369.0,9225.0,1750.0,7475.0
SO-2025-04254,2025-10-05,2025-10,North America,United States,Ava Thompson,Wireless Mouse,Accessories,6,53.3,319.8,144.0,175.8
SO-2025-01605,2025-10-05,2025-10,APAC,India,Haruto Sato,Wireless Mouse,Accessories,6,63.7,382.2,144.0,238.2
SO-2025-00094,2025-10-05,2025-10,Europe,Spain,Noah Muller,Analytics Add-on,Software,19,423.0,8037.0,1330.0,6707.0
SO-2025-02847,2025-10-05,2025-10,LATAM,Chile,Mateo Silva,USB-C Dock,Accessories,10,147.6,1476.0,880.0,596.0
SO-2025-02871,2025-10-06,2025-10,North America,Mexico,Ava Thompson,Laptop Pro 15,Hardware,4,1261.5,5046.0,3920.0,1126.0
SO-2025-04439,2025-10-06,2025-10,APAC,Australia,Haruto Sato,Analytics Add-on,Software,6,378.0,2268.0,420.0,1848.0
SO-2025-03796,2025-10-06,2025-10,North America,Canada,Liam Chen,Mechanical Keyboard,Accessories,2,127.4,254.8,124.0,130.8
SO-2025-03599,2025-10-06,2025-10,North America,United States,Sofia Ramirez,CRM Suite (annual),Software,9,747.0,6723.0,1260.0,5463.0
SO-2025-02762,2025-10-06,2025-10,Europe,Spain,Oliver Smith,Laptop Air 13,Hardware,2,892.5,1785.0,1400.0,385.0
SO-2025-03898,2025-10-06,2025-10,APAC,Singapore,Chloe Wong,Analytics Add-on,Software,13,423.0,5499.0,910.0,4589.0
SO-2025-04185,2025-10-06,2025-10,Europe,Spain,Oliver Smith,Mechanical Keyboard,Accessories,1,111.8,111.8,62.0,49.8
SO-2025-05354,2025-10-06,2025-10,North America,United States,Liam Chen,Wireless Mouse,Accessories,9,56.55,508.95,216.0,292.95
SO-2025-00271,2025-10-06,2025-10,Europe,Spain,Emma Laurent,USB-C Dock,Accessories,2,165.6,331.2,176.0,155.2
SO-2025-01227,2025-10-06,2025-10,Europe,France,Emma Laurent,Wireless Mouse,Accessories,5,52.65,263.25,120.0,143.25
SO-2025-05259,2025-10-06,2025-10,Europe,United Kingdom,Oliver Smith,Mechanical Keyboard,Accessories,9,115.7,1041.3,558.0,483.3
SO-2025-05805,2025-10-07,2025-10,North America,Canada,Liam Chen,Mechanical Keyboard,Accessories,7,115.7,809.9,434.0,375.9
SO-2025-04405,2025-10-07,2025-10,APAC,India,Priya Nair,Security Suite,Software,1,651.0,651.0,110.0,541.0
SO-2025-02621,2025-10-07,2025-10,LATAM,Chile,Diego Fernandez,Noise-Cancel Headset,Accessories,9,211.2,1900.8,1062.0,838.8
SO-2025-02126,2025-10-07,2025-10,North America,Canada,Ava Thompson,Wireless Mouse,Accessories,3,61.75,185.25,72.0,113.25
SO-2025-00192,2025-10-07,2025-10,North America,United States,Ava Thompson,Laptop Pro 15,Hardware,1,1305.0,1305.0,980.0,325.0
SO-2025-03521,2025-10-07,2025-10,North America,Mexico,Sofia Ramirez,Security Suite,Software,4,679.0,2716.0,440.0,2276.0
SO-2025-01888,2025-10-07,2025-10,Europe,France,Noah Muller,Analytics Add-on,Software,14,387.0,5418.0,980.0,4438.0
SO-2025-00654,2025-10-07,2025-10,Europe,France,Emma Laurent,CRM Suite (annual),Software,9,747.0,6723.0,1260.0,5463.0
SO-2025-00298,2025-10-07,2025-10,North America,Canada,Sofia Ramirez,Noise-Cancel Headset,Accessories,1,199.2,199.2,118.0,81.2
SO-2025-04092,2025-10-07,2025-10,North America,United States,Ava Thompson,UltraWide Monitor 34,Hardware,4,613.8,2455.2,1640.0,815.2
SO-2025-01919,2025-10-07,2025-10,North America,Mexico,Liam Chen,Laptop Pro 15,Hardware,4,1319.5,5278.0,3920.0,1358.0
SO-2025-01921,2025-10-07,2025-10,APAC,Japan,Chloe Wong,UltraWide Monitor 34,Hardware,2,589.0,1178.0,820.0,358.0
SO-2025-05564,2025-10-07,2025-10,Europe,France,Emma Laurent,Laptop Air 13,Hardware,2,903.0,1806.0,1400.0,406.0
SO-2025-01218,2025-10-07,2025-10,APAC,Australia,Priya Nair,Analytics Add-on,Software,11,360.0,3960.0,770.0,3190.0
SO-2025-05566,2025-10-07,2025-10,North America,Canada,Sofia Ramirez,Wireless Mouse,Accessories,8,53.95,431.6,192.0,239.6
SO-2025-05835,2025-10-07,2025-10,North America,Canada,Liam Chen,Laptop Air 13,Hardware,4,924.0,3696.0,2800.0,896.0
SO-2025-03693,2025-10-08,2025-10,LATAM,Brazil,Diego Fernandez,CRM Suite (annual),Software,4,873.0,3492.0,560.0,2932.0
SO-2025-02468,2025-10-08,2025-10,APAC,Australia,Chloe Wong,USB-C Dock,Accessories,7,158.4,1108.8,616.0,492.8
SO-2025-01542,2025-10-08,2025-10,North America,Mexico,Ava Thompson,Analytics Add-on,Software,13,391.5,5089.5,910.0,4179.5
SO-2025-02612,2025-10-08,2025-10,North America,United States,Sofia Ramirez,Mechanical Keyboard,Accessories,8,111.8,894.4,496.0,398.4
SO-2025-01150,2025-10-08,2025-10,Europe,Germany,Emma Laurent,Mechanical Keyboard,Accessories,8,105.3,842.4,496.0,346.4
SO-2025-01512,2025-10-08,2025-10,North America,Canada,Ava Thompson,USB-C Dock,Accessories,9,158.4,1425.6,792.0,633.6
SO-2025-00011,2025-10-08,2025-10,APAC,India,Priya Nair,UltraWide Monitor 34,Hardware,2,508.4,1016.8,820.0,196.8
SO-2025-05602,2025-10-08,2025-10,Europe,Spain,Oliver Smith,Noise-Cancel Headset,Accessories,3,240.0,720.0,354.0,366.0
SO-2025-00569,2025-10-08,2025-10,North America,Canada,Ava Thompson,Laptop Pro 15,Hardware,2,1305.0,2610.0,1960.0,650.0
SO-2025-02786,2025-10-08,2025-10,Europe,Germany,Noah Muller,USB-C Dock,Accessories,10,151.2,1512.0,880.0,632.0
SO-2025-03229,2025-10-08,2025-10,APAC,Singapore,Chloe Wong,Analytics Add-on,Software,10,378.0,3780.0,700.0,3080.0
SO-2025-03140,2025-10-08,2025-10,APAC,India,Chloe Wong,Laptop Air 13,Hardware,2,997.5,1995.0,1400.0,595.0
SO-2025-04100,2025-10-08,2025-10,Europe,France,Emma Laurent,Mechanical Keyboard,Accessories,6,114.4,686.4,372.0,314.4
SO-2025-00519,2025-10-08,2025-10,North America,Canada,Sofia Ramirez,Security Suite,Software,10,623.0,6230.0,1100.0,5130.0
SO-2025-01384,2025-10-08,2025-10,North America,United States,Sofia Ramirez,Security Suite,Software,12,588.0,7056.0,1320.0,5736.0
SO-2025-02885,2025-10-09,2025-10,North America,Mexico,Liam Chen,Analytics Add-on,Software,21,409.5,8599.5,1470.0,7129.5
SO-2025-04376,2025-10-09,2025-10,Europe,Spain,Emma Laurent,Laptop Air 13,Hardware,2,861.0,1722.0,1400.0,322.0
SO-2025-05230,2025-10-09,2025-10,North America,Canada,Ava Thompson,Security Suite,Software,13,623.0,8099.0,1430.0,6669.0
SO-2025-02379,2025-10-09,2025-10,North America,Mexico,Liam Chen,Wireless Mouse,Accessories,2,59.15,118.3,48.0,70.3
SO-2025-00092,2025-10-09,2025-10,APAC,India,Haruto Sato,Analytics Add-on,Software,10,427.5,4275.0,700.0,3575.0
SO-2025-01984,2025-10-09,2025-10,APAC,Japan,Haruto Sato,UltraWide Monitor 34,Hardware,4,595.2,2380.8,1640.0,740.8
SO-2025-04787,2025-10-09,2025-10,LATAM,Argentina,Diego Fernandez,Security Suite,Software,11,609.0,6699.0,1210.0,5489.0
SO-2025-00726,2025-10-09,2025-10,North America,Canada,Sofia Ramirez,UltraWide Monitor 34,Hardware,2,545.6,1091.2,820.0,271.2
SO-2025-02145,2025-10-09,2025-10,Europe,Spain,Emma Laurent,USB-C Dock,Accessories,4,165.6,662.4,352.0,310.4
SO-2025-02141,2025-10-09,2025-10,North America,Mexico,Ava Thompson,Noise-Cancel Headset,Accessories,10,213.6,2136.0,1180.0,956.0
SO-2025-01241,2025-10-09,2025-10,North America,Canada,Liam Chen,Mechanical Keyboard,Accessories,7,106.6,746.2,434.0,312.2
SO-2025-03722,2025-10-09,2025-10,APAC,India,Chloe Wong,UltraWide Monitor 34,Hardware,2,502.2,1004.4,820.0,184.4
SO-2025-03190,2025-10-09,2025-10,North America,Mexico,Ava Thompson,Analytics Add-on,Software,3,418.5,1255.5,210.0,1045.5
SO-2025-02204,2025-10-09,2025-10,APAC,India,Priya Nair,USB-C Dock,Accessories,4,158.4,633.6,352.0,281.6
SO-2025-00287,2025-10-10,2025-10,Europe,Spain,Oliver Smith,Mechanical Keyboard,Accessories,4,123.5,494.0,248.0,246.0
SO-2025-05152,2025-10-10,2025-10,North America,Canada,Liam Chen,CRM Suite (annual),Software,12,819.0,9828.0,1680.0,8148.0
SO-2025-00467,2025-10-10,2025-10,North America,United States,Ava Thompson,Analytics Add-on,Software,25,364.5,9112.5,1750.0,7362.5
SO-2025-01222,2025-10-10,2025-10,Europe,Spain,Noah Muller,USB-C Dock,Accessories,10,149.4,1494.0,880.0,614.0
SO-2025-00433,2025-10-10,2025-10,North America,Mexico,Ava Thompson,Security Suite,Software,19,644.0,12236.0,2090.0,10146.0
SO-2025-01484,2025-10-10,2025-10,North America,Canada,Ava Thompson,Noise-Cancel Headset,Accessories,6,228.0,1368.0,708.0,660.0
SO-2025-04280,2025-10-10,2025-10,Europe,France,Emma Laurent,Wireless Mouse,Accessories,2,55.25,110.5,48.0,62.5
SO-2025-04947,2025-10-10,2025-10,Europe,United Kingdom,Noah Muller,Wireless Mouse,Accessories,1,53.3,53.3,24.0,29.3
SO-2025-04790,2025-10-10,2025-10,Europe,France,Oliver Smith,Mechanical Keyboard,Accessories,9,104.0,936.0,558.0,378.0
SO-2025-05132,2025-10-10,2025-10,North America,Canada,Sofia Ramirez,UltraWide Monitor 34,Hardware,1,551.8,551.8,410.0,141.8
SO-2025-01687,2025-10-10,2025-10,APAC,Japan,Priya Nair,Wireless Mouse,Accessories,7,60.45,423.15,168.0,255.15
SO-2025-05826,2025-10-10,2025-10,North America,Canada,Liam Chen,Laptop Pro 15,Hardware,4,1247.0,4988.0,3920.0,1068.0
SO-2025-03164,2025-10-10,2025-10,LATAM,Argentina,Mateo Silva,Analytics Add-on,Software,21,436.5,9166.5,1470.0,7696.5
SO-2025-04526,2025-10-10,2025-10,Europe,France,Oliver Smith,CRM Suite (annual),Software,23,747.0,17181.0,3220.0,13961.0
SO-2025-04217,2025-10-10,2025-10,APAC,India,Haruto Sato,CRM Suite (annual),Software,6,792.0,4752.0,840.0,3912.0
SO-2025-01740,2025-10-10,2025-10,North America,Canada,Sofia Ramirez,USB-C Dock,Accessories,5,172.8,864.0,440.0,424.0
SO-2025-01207,2025-10-10,2025-10,Europe,United Kingdom,Emma Laurent,Laptop Pro 15,Hardware,2,1334.0,2668.0,1960.0,708.0
SO-2025-01303,2025-10-10,2025-10,North America,United States,Sofia Ramirez,Laptop Pro 15,Hardware,2,1305.0,2610.0,1960.0,650.0
SO-2025-01042,2025-10-10,2025-10,Europe,France,Noah Muller,Wireless Mouse,Accessories,6,61.75,370.5,144.0,226.5
SO-2025-02654,2025-10-10,2025-10,APAC,Australia,Haruto Sato,Wireless Mouse,Accessories,4,59.15,236.6,96.0,140.6
SO-2025-01938,2025-10-10,2025-10,North America,Canada,Ava Thompson,Mechanical Keyboard,Accessories,10,114.4,1144.0,620.0,524.0
SO-2025-03437,2025-10-11,2025-10,Europe,United Kingdom,Oliver Smith,Mechanical Keyboard,Accessories,5,105.3,526.5,310.0,216.5
SO-2025-00930,2025-10-11,2025-10,North America,Mexico,Sofia Ramirez,Wireless Mouse,Accessories,4,52.65,210.6,96.0,114.6
SO-2025-04239,2025-10-11,2025-10,APAC,Singapore,Haruto Sato,Security Suite,Software,25,581.0,14525.0,2750.0,11775.0
SO-2025-02344,2025-10-11,2025-10,APAC,Japan,Priya Nair,Noise-Cancel Headset,Accessories,9,237.6,2138.4,1062.0,1076.4
SO-2025-01711,2025-10-11,2025-10,Europe,Germany,Noah Muller,Analytics Add-on,Software,12,405.0,4860.0,840.0,4020.0
SO-2025-03906,2025-10-11,2025-10,Europe,Germany,Oliver Smith,Laptop Air 13,Hardware,2,997.5,1995.0,1400.0,595.0
SO-2025-04214,2025-10-11,2025-10,North America,United States,Ava Thompson,Analytics Add-on,Software,22,436.5,9603.0,1540.0,8063.0
SO-2025-02459,2025-10-11,2025-10,Europe,United Kingdom,Emma Laurent,Laptop Air 13,Hardware,2,987.0,1974.0,1400.0,574.0
SO-2025-05125,2025-10-11,2025-10,North America,Canada,Sofia Ramirez,Noise-Cancel Headset,Accessories,8,204.0,1632.0,944.0,688.0
SO-2025-05407,2025-10-11,2025-10,North America,Canada,Ava Thompson,Analytics Add-on,Software,12,396.0,4752.0,840.0,3912.0
SO-2025-03502,2025-10-11,2025-10,Europe,United Kingdom,Oliver Smith,CRM Suite (annual),Software,10,828.0,8280.0,1400.0,6880.0
SO-2025-04507,2025-10-11,2025-10,APAC,India,Priya Nair,Security Suite,Software,2,623.0,1246.0,220.0,1026.0
SO-2025-02255,2025-10-11,2025-10,Europe,France,Noah Muller,UltraWide Monitor 34,Hardware,1,551.8,551.8,410.0,141.8
SO-2025-04088,2025-10-11,2025-10,North America,United States,Ava Thompson,Wireless Mouse,Accessories,10,57.2,572.0,240.0,332.0
SO-2025-03795,2025-10-11,2025-10,Europe,France,Oliver Smith,Noise-Cancel Headset,Accessories,7,196.8,1377.6,826.0,551.6
SO-2025-01535,2025-10-11,2025-10,Europe,United Kingdom,Emma Laurent,Wireless Mouse,Accessories,4,57.85,231.4,96.0,135.4
SO-2025-02789,2025-10-12,2025-10,North America,Mexico,Ava Thompson,Analytics Add-on,Software,25,418.5,10462.5,1750.0,8712.5
SO-2025-01472,2025-10-12,2025-10,APAC,Australia,Priya Nair,CRM Suite (annual),Software,12,756.0,9072.0,1680.0,7392.0
SO-2025-05978,2025-10-12,2025-10,North America,United States,Liam Chen,Wireless Mouse,Accessories,5,63.05,315.25,120.0,195.25
SO-2025-01390,2025-10-12,2025-10,Europe,Germany,Oliver Smith,Noise-Cancel Headset,Accessories,4,206.4,825.6,472.0,353.6
SO-2025-00307,2025-10-12,2025-10,North America,Mexico,Sofia Ramirez,Wireless Mouse,Accessories,9,52.0,468.0,216.0,252.0
SO-2025-05748,2025-10-12,2025-10,North America,Canada,Sofia Ramirez,Noise-Cancel Headset,Accessories,4,230.4,921.6,472.0,449.6
SO-2025-04736,2025-10-12,2025-10,North America,Mexico,Liam Chen,CRM Suite (annual),Software,25,864.0,21600.0,3500.0,18100.0
SO-2025-01571,2025-10-12,2025-10,North America,Mexico,Liam Chen,USB-C Dock,Accessories,10,149.4,1494.0,880.0,614.0
SO-2025-02500,2025-10-12,2025-10,APAC,Japan,Haruto Sato,Wireless Mouse,Accessories,8,59.8,478.4,192.0,286.4
SO-2025-05847,2025-10-12,2025-10,APAC,Singapore,Haruto Sato,CRM Suite (annual),Software,12,882.0,10584.0,1680.0,8904.0
SO-2025-02163,2025-10-12,2025-10,North America,Mexico,Liam Chen,USB-C Dock,Accessories,2,165.6,331.2,176.0,155.2
SO-2025-05198,2025-10-12,2025-10,North America,United States,Ava Thompson,USB-C Dock,Accessories,9,154.8,1393.2,792.0,601.2
SO-2025-05224,2025-10-12,2025-10,North America,Canada,Ava Thompson,CRM Suite (annual),Software,13,891.0,11583.0,1820.0,9763.0
SO-2025-03129,2025-10-12,2025-10,North America,Mexico,Liam Chen,CRM Suite (annual),Software,15,792.0,11880.0,2100.0,9780.0
SO-2025-00785,2025-10-12,2025-10,North America,Canada,Ava Thompson,Laptop Pro 15,Hardware,4,1334.0,5336.0,3920.0,1416.0
SO-2025-04475,2025-10-12,2025-10,North America,Mexico,Sofia Ramirez,UltraWide Monitor 34,Hardware,4,508.4,2033.6,1640.0,393.6
SO-2025-04466,2025-10-12,2025-10,North America,Mexico,Liam Chen,Noise-Cancel Headset,Accessories,3,204.0,612.0,354.0,258.0
SO-2025-04953,2025-10-12,2025-10,North America,Canada,Liam Chen,Laptop Air 13,Hardware,2,913.5,1827.0,1400.0,427.0
SO-2025-02918,2025-10-13,2025-10,APAC,Singapore,Haruto Sato,Security Suite,Software,6,623.0,3738.0,660.0,3078.0
SO-2025-02074,2025-10-13,2025-10,North America,Canada,Ava Thompson,Security Suite,Software,2,637.0,1274.0,220.0,1054.0
SO-2025-03253,2025-10-13,2025-10,North America,Mexico,Sofia Ramirez,Analytics Add-on,Software,12,382.5,4590.0,840.0,3750.0
SO-2025-00808,2025-10-13,2025-10,North America,Mexico,Sofia Ramirez,USB-C Dock,Accessories,9,174.6,1571.4,792.0,779.4
SO-2025-01299,2025-10-13,2025-10,APAC,Singapore,Priya Nair,Laptop Pro 15,Hardware,1,1261.5,1261.5,980.0,281.5
SO-2025-05953,2025-10-13,2025-10,Europe,United Kingdom,Oliver Smith,UltraWide Monitor 34,Hardware,4,613.8,2455.2,1640.0,815.2
SO-2025-03474,2025-10-13,2025-10,North America,Mexico,Ava Thompson,USB-C Dock,Accessories,2,174.6,349.2,176.0,173.2
SO-2025-05081,2025-10-13,2025-10,Europe,France,Oliver Smith,Wireless Mouse,Accessories,9,56.55,508.95,216.0,292.95
SO-2025-01208,2025-10-13,2025-10,Europe,Spain,Noah Muller,USB-C Dock,Accessories,10,160.2,1602.0,880.0,722.0
SO-2025-02363,2025-10-13,2025-10,Europe,Spain,Oliver Smith,Noise-Cancel Headset,Accessories,5,237.6,1188.0,590.0,598.0
SO-2025-00070,2025-10-13,2025-10,Europe,France,Emma Laurent,CRM Suite (annual),Software,14,801.0,11214.0,1960.0,9254.0
SO-2025-04398,2025-10-13,2025-10,Europe,Germany,Emma Laurent,USB-C Dock,Accessories,3,171.0,513.0,264.0,249.0
SO-2025-03450,2025-10-13,2025-10,APAC,Singapore,Priya Nair,Laptop Pro 15,Hardware,4,1305.0,5220.0,3920.0,1300.0
SO-2025-00768,2025-10-13,2025-10,Europe,Germany,Oliver Smith,Laptop Air 13,Hardware,2,1008.0,2016.0,1400.0,616.0
SO-2025-02420,2025-10-13,2025-10,Europe,France,Oliver Smith,Security Suite,Software,14,651.0,9114.0,1540.0,7574.0
SO-2025-01990,2025-10-13,2025-10,North America,Canada,Ava Thompson,UltraWide Monitor 34,Hardware,3,570.4,1711.2,1230.0,481.2
SO-2025-01273,2025-10-13,2025-10,LATAM,Argentina,Diego Fernandez,Noise-Cancel Headset,Accessories,9,230.4,2073.6,1062.0,1011.6
SO-2025-01860,2025-10-13,2025-10,North America,Mexico,Ava Thompson,Wireless Mouse,Accessories,4,55.9,223.6,96.0,127.6
SO-2025-01497,2025-10-13,2025-10,APAC,Japan,Haruto Sato,Security Suite,Software,8,623.0,4984.0,880.0,4104.0
SO-2025-02043,2025-10-13,2025-10,Europe,Germany,Emma Laurent,Noise-Cancel Headset,Accessories,4,228.0,912.0,472.0,440.0
SO-2025-01412,2025-10-14,2025-10,North America,Mexico,Ava Thompson,Laptop Air 13,Hardware,4,913.5,3654.0,2800.0,854.0
SO-2025-00312,2025-10-14,2025-10,APAC,Australia,Haruto Sato,Security Suite,Software,17,679.0,11543.0,1870.0,9673.0
SO-2025-03013,2025-10-14,2025-10,North America,United States,Ava Thompson,CRM Suite (annual),Software,15,855.0,12825.0,2100.0,10725.0
SO-2025-01008,2025-10-14,2025-10,APAC,Australia,Priya Nair,Wireless Mouse,Accessories,7,53.3,373.1,168.0,205.1
SO-2025-02172,2025-10-14,2025-10,LATAM,Chile,Diego Fernandez,UltraWide Monitor 34,Hardware,3,545.6,1636.8,1230.0,406.8
SO-2025-04348,2025-10-14,2025-10,Europe,France,Emma Laurent,Security Suite,Software,7,602.0,4214.0,770.0,3444.0
SO-2025-02349,2025-10-14,2025-10,North America,Mexico,Sofia Ramirez,Security Suite,Software,22,616.0,13552.0,2420.0,11132.0
SO-2025-05809,2025-10-14,2025-10,North America,Canada,Sofia Ramirez,CRM Suite (annual),Software,12,891.0,10692.0,1680.0,9012.0
SO-2025-03789,2025-10-14,2025-10,APAC,Australia,Priya Nair,Analytics Add-on,Software,17,436.5,7420.5,1190.0,6230.5
SO-2025-04629,2025-10-14,2025-10,Europe,Germany,Emma Laurent,USB-C Dock,Accessories,9,174.6,1571.4,792.0,779.4
SO-2025-04470,2025-10-14,2025-10,APAC,Japan,Chloe Wong,Mechanical Keyboard,Accessories,10,118.3,1183.0,620.0,563.0
SO-2025-00126,2025-10-14,2025-10,LATAM,Chile,Diego Fernandez,Analytics Add-on,Software,15,436.5,6547.5,1050.0,5497.5
SO-2025-04301,2025-10-14,2025-10,APAC,Australia,Haruto Sato,Laptop Pro 15,Hardware,1,1290.5,1290.5,980.0,310.5
SO-2025-03638,2025-10-14,2025-10,LATAM,Chile,Mateo Silva,Wireless Mouse,Accessories,5,61.75,308.75,120.0,188.75
SO-2025-00784,2025-10-14,2025-10,APAC,Australia,Chloe Wong,Wireless Mouse,Accessories,3,62.4,187.2,72.0,115.2
SO-2025-00236,2025-10-14,2025-10,Europe,United Kingdom,Emma Laurent,Analytics Add-on,Software,18,423.0,7614.0,1260.0,6354.0
SO-2025-05726,2025-10-14,2025-10,APAC,Australia,Chloe Wong,Wireless Mouse,Accessories,6,57.85,347.1,144.0,203.1
SO-2025-01692,2025-10-14,2025-10,APAC,Australia,Chloe Wong,Mechanical Keyboard,Accessories,4,115.7,462.8,248.0,214.8
SO-2025-01750,2025-10-14,2025-10,Europe,United Kingdom,Emma Laurent,Analytics Add-on,Software,24,423.0,10152.0,1680.0,8472.0
SO-2025-02470,2025-10-14,2025-10,APAC,Japan,Chloe Wong,Analytics Add-on,Software,17,364.5,6196.5,1190.0,5006.5
SO-2025-04617,2025-10-15,2025-10,North America,Mexico,Ava Thompson,Wireless Mouse,Accessories,3,52.0,156.0,72.0,84.0
SO-2025-01198,2025-10-15,2025-10,Europe,Germany,Emma Laurent,CRM Suite (annual),Software,10,738.0,7380.0,1400.0,5980.0
SO-2025-02575,2025-10-15,2025-10,North America,Mexico,Ava Thompson,Security Suite,Software,20,616.0,12320.0,2200.0,10120.0
SO-2025-00982,2025-10-15,2025-10,Europe,France,Emma Laurent,Security Suite,Software,6,672.0,4032.0,660.0,3372.0
SO-2025-02373,2025-10-15,2025-10,Europe,United Kingdom,Emma Laurent,Laptop Pro 15,Hardware,1,1421.0,1421.0,980.0,441.0
SO-2025-02759,2025-10-15,2025-10,APAC,Japan,Haruto Sato,Mechanical Keyboard,Accessories,9,124.8,1123.2,558.0,565.2
SO-2025-02333,2025-10-15,2025-10,North America,Mexico,Ava Thompson,Wireless Mouse,Accessories,2,61.75,123.5,48.0,75.5
SO-2025-05325,2025-10-15,2025-10,Europe,France,Emma Laurent,Noise-Cancel Headset,Accessories,1,232.8,232.8,118.0,114.8
SO-2025-01053,2025-10-15,2025-10,North America,Mexico,Liam Chen,Mechanical Keyboard,Accessories,8,105.3,842.4,496.0,346.4
SO-2025-02790,2025-10-15,2025-10,North America,Canada,Ava Thompson,Wireless Mouse,Accessories,4,65.0,260.0,96.0,164.0
SO-2025-04447,2025-10-15,2025-10,Europe,United Kingdom,Emma Laurent,CRM Suite (annual),Software,1,846.0,846.0,140.0,706.0
SO-2025-04772,2025-10-15,2025-10,North America,Canada,Ava Thompson,Wireless Mouse,Accessories,10,61.75,617.5,240.0,377.5
SO-2025-05272,2025-10-15,2025-10,APAC,Singapore,Priya Nair,Mechanical Keyboard,Accessories,6,126.1,756.6,372.0,384.6
SO-2025-00212,2025-10-15,2025-10,North America,United States,Ava Thompson,Analytics Add-on,Software,2,423.0,846.0,140.0,706.0
SO-2025-05780,2025-10-15,2025-10,Europe,France,Oliver Smith,Security Suite,Software,8,637.0,5096.0,880.0,4216.0
SO-2025-04948,2025-10-15,2025-10,North America,Canada,Ava Thompson,USB-C Dock,Accessories,3,147.6,442.8,264.0,178.8
SO-2025-02826,2025-10-15,2025-10,APAC,Japan,Chloe Wong,Laptop Air 13,Hardware,1,945.0,945.0,700.0,245.0
SO-2025-03448,2025-10-15,2025-10,LATAM,Brazil,Diego Fernandez,Analytics Add-on,Software,23,369.0,8487.0,1610.0,6877.0
SO-2025-03032,2025-10-15,2025-10,APAC,Japan,Priya Nair,Wireless Mouse,Accessories,1,59.8,59.8,24.0,35.8
SO-2025-04236,2025-10-15,2025-10,North America,Mexico,Ava Thompson,Mechanical Keyboard,Accessories,8,126.1,1008.8,496.0,512.8
SO-2025-03413,2025-10-15,2025-10,North America,United States,Liam Chen,Noise-Cancel Headset,Accessories,3,199.2,597.6,354.0,243.6
SO-2025-00645,2025-10-15,2025-10,North America,United States,Ava Thompson,Wireless Mouse,Accessories,2,58.5,117.0,48.0,69.0
SO-2025-03972,2025-10-15,2025-10,North America,Canada,Sofia Ramirez,UltraWide Monitor 34,Hardware,1,564.2,564.2,410.0,154.2
SO-2025-04142,2025-10-15,2025-10,North America,Mexico,Liam Chen,Laptop Air 13,Hardware,2,997.5,1995.0,1400.0,595.0
SO-2025-04943,2025-10-16,2025-10,Europe,Spain,Oliver Smith,CRM Suite (annual),Software,1,900.0,900.0,140.0,760.0
SO-2025-05973,2025-10-16,2025-10,APAC,Australia,Haruto Sato,Laptop Air 13,Hardware,1,997.5,997.5,700.0,297.5
SO-2025-04061,2025-10-16,2025-10,North America,Mexico,Liam Chen,Laptop Pro 15,Hardware,3,1203.5,3610.5,2940.0,670.5
SO-2025-04643,2025-10-16,2025-10,APAC,Japan,Priya Nair,Mechanical Keyboard,Accessories,2,106.6,213.2,124.0,89.2
SO-2025-00242,2025-10-16,2025-10,LATAM,Argentina,Camila Rojas,Analytics Add-on,Software,16,450.0,7200.0,1120.0,6080.0
SO-2025-00088,2025-10-16,2025-10,Europe,Germany,Oliver Smith,Wireless Mouse,Accessories,8,59.15,473.2,192.0,281.2
SO-2025-05213,2025-10-16,2025-10,North America,Canada,Sofia Ramirez,Laptop Pro 15,Hardware,2,1247.0,2494.0,1960.0,534.0
SO-2025-01752,2025-10-16,2025-10,North America,Canada,Ava Thompson,USB-C Dock,Accessories,5,176.4,882.0,440.0,442.0
SO-2025-01116,2025-10-16,2025-10,North America,Mexico,Liam Chen,USB-C Dock,Accessories,9,154.8,1393.2,792.0,601.2
SO-2025-00153,2025-10-16,2025-10,Europe,France,Oliver Smith,USB-C Dock,Accessories,8,162.0,1296.0,704.0,592.0
SO-2025-05749,2025-10-16,2025-10,Europe,Germany,Emma Laurent,USB-C Dock,Accessories,10,171.0,1710.0,880.0,830.0
SO-2025-01900,2025-10-16,2025-10,North America,United States,Ava Thompson,Security Suite,Software,5,630.0,3150.0,550.0,2600.0
SO-2025-05411,2025-10-16,2025-10,LATAM,Argentina,Camila Rojas,UltraWide Monitor 34,Hardware,4,564.2,2256.8,1640.0,616.8
SO-2025-00101,2025-10-16,2025-10,North America,United States,Liam Chen,CRM Suite (annual),Software,23,747.0,17181.0,3220.0,13961.0
SO-2025-05924,2025-10-16,2025-10,APAC,Singapore,Priya Nair,Analytics Add-on,Software,11,441.0,4851.0,770.0,4081.0
SO-2025-03768,2025-10-16,2025-10,North America,Canada,Sofia Ramirez,Mechanical Keyboard,Accessories,6,118.3,709.8,372.0,337.8
SO-2025-01532,2025-10-16,2025-10,APAC,Singapore,Chloe Wong,Wireless Mouse,Accessories,4,64.35,257.4,96.0,161.4
SO-2025-03545,2025-10-16,2025-10,North America,Mexico,Ava Thompson,Laptop Air 13,Hardware,2,966.0,1932.0,1400.0,532.0
SO-2025-05332,2025-10-16,2025-10,Europe,France,Emma Laurent,CRM Suite (annual),Software,15,783.0,11745.0,2100.0,9645.0
SO-2025-02976,2025-10-16,2025-10,North America,United States,Ava Thompson,CRM Suite (annual),Software,9,828.0,7452.0,1260.0,6192.0
SO-2025-00062,2025-10-16,2025-10,Europe,Germany,Oliver Smith,CRM Suite (annual),Software,25,747.0,18675.0,3500.0,15175.0
SO-2025-00833,2025-10-17,2025-10,North America,Mexico,Liam Chen,Wireless Mouse,Accessories,2,59.15,118.3,48.0,70.3
SO-2025-02041,2025-10-17,2025-10,North America,Mexico,Ava Thompson,CRM Suite (annual),Software,2,828.0,1656.0,280.0,1376.0
SO-2025-05590,2025-10-17,2025-10,LATAM,Brazil,Mateo Silva,CRM Suite (annual),Software,18,846.0,15228.0,2520.0,12708.0
SO-2025-04527,2025-10-17,2025-10,Europe,France,Emma Laurent,Wireless Mouse,Accessories,5,64.35,321.75,120.0,201.75
SO-2025-03680,2025-10-17,2025-10,North America,Canada,Liam Chen,Mechanical Keyboard,Accessories,5,107.9,539.5,310.0,229.5
SO-2025-05920,2025-10-17,2025-10,APAC,Singapore,Haruto Sato,CRM Suite (annual),Software,3,855.0,2565.0,420.0,2145.0
SO-2025-00940,2025-10-17,2025-10,North America,Canada,Sofia Ramirez,CRM Suite (annual),Software,18,765.0,13770.0,2520.0,11250.0
SO-2025-00488,2025-10-17,2025-10,North America,Mexico,Ava Thompson,Noise-Cancel Headset,Accessories,4,228.0,912.0,472.0,440.0
SO-2025-01635,2025-10-17,2025-10,North America,Canada,Liam Chen,Wireless Mouse,Accessories,8,64.35,514.8,192.0,322.8
SO-2025-05073,2025-10-17,2025-10,North America,United States,Liam Chen,CRM Suite (annual),Software,14,738.0,10332.0,1960.0,8372.0
SO-2025-02828,2025-10-17,2025-10,LATAM,Brazil,Camila Rojas,Noise-Cancel Headset,Accessories,3,199.2,597.6,354.0,243.6
SO-2025-01021,2025-10-17,2025-10,APAC,Japan,Priya Nair,USB-C Dock,Accessories,4,151.2,604.8,352.0,252.8
SO-2025-00888,2025-10-17,2025-10,North America,United States,Liam Chen,Laptop Air 13,Hardware,1,850.5,850.5,700.0,150.5
SO-2025-01594,2025-10-17,2025-10,Europe,France,Noah Muller,USB-C Dock,Accessories,4,171.0,684.0,352.0,332.0
SO-2025-04007,2025-10-17,2025-10,North America,United States,Sofia Ramirez,Analytics Add-on,Software,22,364.5,8019.0,1540.0,6479.0
SO-2025-02875,2025-10-17,2025-10,Europe,Spain,Oliver Smith,Laptop Pro 15,Hardware,4,1334.0,5336.0,3920.0,1416.0
SO-2025-04044,2025-10-17,2025-10,North America,Mexico,Ava Thompson,Noise-Cancel Headset,Accessories,3,196.8,590.4,354.0,236.4
SO-2025-02106,2025-10-17,2025-10,North America,United States,Liam Chen,Analytics Add-on,Software,17,378.0,6426.0,1190.0,5236.0
SO-2025-03504,2025-10-18,2025-10,LATAM,Brazil,Camila Rojas,Noise-Cancel Headset,Accessories,5,194.4,972.0,590.0,382.0
SO-2025-00529,2025-10-18,2025-10,Europe,Spain,Oliver Smith,CRM Suite (annual),Software,18,846.0,15228.0,2520.0,12708.0
SO-2025-04668,2025-10-18,2025-10,North America,United States,Sofia Ramirez,Mechanical Keyboard,Accessories,5,114.4,572.0,310.0,262.0
SO-2025-01704,2025-10-18,2025-10,Europe,Germany,Oliver Smith,Security Suite,Software,23,581.0,13363.0,2530.0,10833.0
SO-2025-00841,2025-10-18,2025-10,APAC,Australia,Haruto Sato,Security Suite,Software,8,623.0,4984.0,880.0,4104.0
SO-2025-03395,2025-10-18,2025-10,APAC,Japan,Priya Nair,Noise-Cancel Headset,Accessories,4,201.6,806.4,472.0,334.4
SO-2025-05328,2025-10-18,2025-10,Europe,France,Noah Muller,Analytics Add-on,Software,1,382.5,382.5,70.0,312.5
SO-2025-05119,2025-10-18,2025-10,LATAM,Brazil,Mateo Silva,Laptop Air 13,Hardware,4,966.0,3864.0,2800.0,1064.0
SO-2025-04059,2025-10-18,2025-10,Europe,Spain,Noah Muller,UltraWide Monitor 34,Hardware,4,582.8,2331.2,1640.0,691.2
SO-2025-02121,2025-10-18,2025-10,APAC,Japan,Chloe Wong,Laptop Air 13,Hardware,1,913.5,913.5,700.0,213.5
SO-2025-01466,2025-10-18,2025-10,Europe,Spain,Emma Laurent,CRM Suite (annual),Software,14,774.0,10836.0,1960.0,8876.0
SO-2025-00680,2025-10-18,2025-10,Europe,United Kingdom,Emma Laurent,Wireless Mouse,Accessories,3,55.25,165.75,72.0,93.75
SO-2025-01544,2025-10-18,2025-10,Europe,Germany,Noah Muller,CRM Suite (annual),Software,13,864.0,11232.0,1820.0,9412.0
SO-2025-02113,2025-10-18,2025-10,North America,United States,Liam Chen,Security Suite,Software,1,602.0,602.0,110.0,492.0
SO-2025-05878,2025-10-18,2025-10,APAC,Australia,Priya Nair,Security Suite,Software,17,672.0,11424.0,1870.0,9554.0
SO-2025-00609,2025-10-18,2025-10,LATAM,Argentina,Camila Rojas,Noise-Cancel Headset,Accessories,8,196.8,1574.4,944.0,630.4
SO-2025-01538,2025-10-18,2025-10,North America,United States,Sofia Ramirez,UltraWide Monitor 34,Hardware,2,496.0,992.0,820.0,172.0
SO-2025-00056,2025-10-18,2025-10,North America,Canada,Sofia Ramirez,Security Suite,Software,22,595.0,13090.0,2420.0,10670.0
SO-2025-04050,2025-10-18,2025-10,North America,Canada,Sofia Ramirez,Noise-Cancel Headset,Accessories,8,220.8,1766.4,944.0,822.4
SO-2025-02356,2025-10-18,2025-10,Europe,France,Oliver Smith,Wireless Mouse,Accessories,2,52.65,105.3,48.0,57.3
SO-2025-02201,2025-10-18,2025-10,Europe,Spain,Oliver Smith,UltraWide Monitor 34,Hardware,4,551.8,2207.2,1640.0,567.2
SO-2025-03741,2025-10-19,2025-10,Europe,Germany,Noah Muller,Security Suite,Software,5,679.0,3395.0,550.0,2845.0
SO-2025-00282,2025-10-19,2025-10,North America,Canada,Liam Chen,CRM Suite (annual),Software,18,720.0,12960.0,2520.0,10440.0
SO-2025-04450,2025-10-19,2025-10,LATAM,Brazil,Mateo Silva,Noise-Cancel Headset,Accessories,8,213.6,1708.8,944.0,764.8
SO-2025-01445,2025-10-19,2025-10,LATAM,Argentina,Diego Fernandez,Noise-Cancel Headset,Accessories,7,237.6,1663.2,826.0,837.2
SO-2025-04818,2025-10-19,2025-10,Europe,France,Oliver Smith,Mechanical Keyboard,Accessories,5,114.4,572.0,310.0,262.0
SO-2025-05350,2025-10-19,2025-10,Europe,United Kingdom,Emma Laurent,Laptop Pro 15,Hardware,4,1421.0,5684.0,3920.0,1764.0
SO-2025-00666,2025-10-19,2025-10,North America,Canada,Sofia Ramirez,Noise-Cancel Headset,Accessories,2,232.8,465.6,236.0,229.6
SO-2025-03018,2025-10-19,2025-10,Europe,France,Oliver Smith,Analytics Add-on,Software,23,405.0,9315.0,1610.0,7705.0
SO-2025-04626,2025-10-19,2025-10,APAC,Australia,Haruto Sato,Laptop Pro 15,Hardware,1,1174.5,1174.5,980.0,194.5
SO-2025-02077,2025-10-19,2025-10,North America,Canada,Sofia Ramirez,Security Suite,Software,24,595.0,14280.0,2640.0,11640.0
SO-2025-03560,2025-10-19,2025-10,APAC,Singapore,Priya Nair,Wireless Mouse,Accessories,1,64.35,64.35,24.0,40.35
SO-2025-05914,2025-10-19,2025-10,North America,Mexico,Sofia Ramirez,Wireless Mouse,Accessories,7,53.3,373.1,168.0,205.1
SO-2025-00164,2025-10-19,2025-10,North America,Canada,Sofia Ramirez,Security Suite,Software,20,616.0,12320.0,2200.0,10120.0
SO-2025-05955,2025-10-19,2025-10,LATAM,Brazil,Camila Rojas,CRM Suite (annual),Software,7,774.0,5418.0,980.0,4438.0
SO-2025-00253,2025-10-19,2025-10,Europe,Spain,Noah Muller,Analytics Add-on,Software,8,445.5,3564.0,560.0,3004.0
SO-2025-02401,2025-10-20,2025-10,North America,United States,Ava Thompson,Laptop Pro 15,Hardware,3,1247.0,3741.0,2940.0,801.0
SO-2025-05516,2025-10-20,2025-10,Europe,France,Noah Muller,USB-C Dock,Accessories,10,147.6,1476.0,880.0,596.0
SO-2025-00708,2025-10-20,2025-10,Europe,United Kingdom,Oliver Smith,Laptop Air 13,Hardware,4,871.5,3486.0,2800.0,686.0
SO-2025-03383,2025-10-20,2025-10,North America,Canada,Ava Thompson,Noise-Cancel Headset,Accessories,2,196.8,393.6,236.0,157.6
SO-2025-02573,2025-10-20,2025-10,Europe,Spain,Noah Muller,Mechanical Keyboard,Accessories,6,105.3,631.8,372.0,259.8
SO-2025-05114,2025-10-20,2025-10,North America,Canada,Sofia Ramirez,Wireless Mouse,Accessories,4,63.05,252.2,96.0,156.2
SO-2025-01876,2025-10-20,2025-10,North America,United States,Sofia Ramirez,Security Suite,Software,7,644.0,4508.0,770.0,3738.0
SO-2025-03170,2025-10-20,2025-10,North America,Canada,Ava Thompson,Analytics Add-on,Software,18,427.5,7695.0,1260.0,6435.0
SO-2025-05062,2025-10-20,2025-10,Europe,France,Emma Laurent,Analytics Add-on,Software,13,391.5,5089.5,910.0,4179.5
SO-2025-04866,2025-10-20,2025-10,Europe,United Kingdom,Oliver Smith,Wireless Mouse,Accessories,5,53.95,269.75,120.0,149.75
SO-2025-03226,2025-10-20,2025-10,North America,United States,Sofia Ramirez,Noise-Cancel Headset,Accessories,8,211.2,1689.6,944.0,745.6
SO-2025-02615,2025-10-20,2025-10,Europe,France,Emma Laurent,Noise-Cancel Headset,Accessories,4,225.6,902.4,472.0,430.4
SO-2025-04547,2025-10-20,2025-10,APAC,Australia,Haruto Sato,Noise-Cancel Headset,Accessories,7,237.6,1663.2,826.0,837.2
SO-2025-05718,2025-10-20,2025-10,Europe,Germany,Noah Muller,Wireless Mouse,Accessories,8,53.3,426.4,192.0,234.4
SO-2025-03823,2025-10-20,2025-10,Europe,Spain,Emma Laurent,Laptop Pro 15,Hardware,4,1247.0,4988.0,3920.0,1068.0
SO-2025-03405,2025-10-20,2025-10,Europe,Germany,Emma Laurent,CRM Suite (annual),Software,9,747.0,6723.0,1260.0,5463.0
SO-2025-03603,2025-10-20,2025-10,North America,Canada,Sofia Ramirez,Wireless Mouse,Accessories,6,54.6,327.6,144.0,183.6
SO-2025-05195,2025-10-20,2025-10,Europe,United Kingdom,Noah Muller,UltraWide Monitor 34,Hardware,1,496.0,496.0,410.0,86.0
SO-2025-02902,2025-10-20,2025-10,Europe,Germany,Oliver Smith,Laptop Air 13,Hardware,3,945.0,2835.0,2100.0,735.0
SO-2025-04069,2025-10-20,2025-10,APAC,Japan,Haruto Sato,Security Suite,Software,7,665.0,4655.0,770.0,3885.0
SO-2025-02426,2025-10-20,2025-10,North America,Canada,Liam Chen,USB-C Dock,Accessories,3,149.4,448.2,264.0,184.2
SO-2025-02795,2025-10-20,2025-10,North America,United States,Liam Chen,Laptop Air 13,Hardware,4,850.5,3402.0,2800.0,602.0
SO-2025-03370,2025-10-20,2025-10,North America,United States,Ava Thompson,Wireless Mouse,Accessories,3,57.2,171.6,72.0,99.6
SO-2025-01741,2025-10-20,2025-10,LATAM,Brazil,Camila Rojas,Laptop Air 13,Hardware,4,882.0,3528.0,2800.0,728.0
SO-2025-04764,2025-10-20,2025-10,North America,Mexico,Ava Thompson,UltraWide Monitor 34,Hardware,3,502.2,1506.6,1230.0,276.6
SO-2025-01866,2025-10-20,2025-10,APAC,Singapore,Haruto Sato,Noise-Cancel Headset,Accessories,8,240.0,1920.0,944.0,976.0
SO-2025-04006,2025-10-21,2025-10,Europe,Germany,Noah Muller,Analytics Add-on,Software,1,445.5,445.5,70.0,375.5
SO-2025-01643,2025-10-21,2025-10,North America,United States,Liam Chen,USB-C Dock,Accessories,7,145.8,1020.6,616.0,404.6
SO-2025-03147,2025-10-21,2025-10,APAC,Australia,Haruto Sato,Wireless Mouse,Accessories,8,59.15,473.2,192.0,281.2
SO-2025-02891,2025-10-21,2025-10,LATAM,Argentina,Camila Rojas,Wireless Mouse,Accessories,2,57.85,115.7,48.0,67.7
SO-2025-00746,2025-10-21,2025-10,APAC,India,Haruto Sato,Laptop Air 13,Hardware,3,934.5,2803.5,2100.0,703.5
SO-2025-00270,2025-10-21,2025-10,North America,United States,Ava Thompson,CRM Suite (annual),Software,10,801.0,8010.0,1400.0,6610.0
SO-2025-03702,2025-10-21,2025-10,Europe,United Kingdom,Noah Muller,Laptop Pro 15,Hardware,2,1406.5,2813.0,1960.0,853.0
SO-2025-03541,2025-10-21,2025-10,North America,Canada,Sofia Ramirez,Mechanical Keyboard,Accessories,2,106.6,213.2,124.0,89.2
SO-2025-05640,2025-10-21,2025-10,Europe,Spain,Emma Laurent,Laptop Pro 15,Hardware,3,1203.5,3610.5,2940.0,670.5
SO-2025-04614,2025-10-21,2025-10,North America,Canada,Ava Thompson,Security Suite,Software,11,623.0,6853.0,1210.0,5643.0
SO-2025-02467,2025-10-21,2025-10,North America,Mexico,Sofia Ramirez,Analytics Add-on,Software,18,387.0,6966.0,1260.0,5706.0
SO-2025-02861,2025-10-21,2025-10,LATAM,Chile,Camila Rojas,Wireless Mouse,Accessories,3,61.75,185.25,72.0,113.25
SO-2025-02741,2025-10-21,2025-10,North America,United States,Liam Chen,Wireless Mouse,Accessories,9,55.25,497.25,216.0,281.25
SO-2025-00124,2025-10-21,2025-10,North America,Canada,Sofia Ramirez,Analytics Add-on,Software,13,364.5,4738.5,910.0,3828.5
SO-2025-01317,2025-10-21,2025-10,Europe,France,Emma Laurent,Analytics Add-on,Software,11,423.0,4653.0,770.0,3883.0
SO-2025-05431,2025-10-21,2025-10,Europe,Spain,Emma Laurent,Security Suite,Software,5,651.0,3255.0,550.0,2705.0
SO-2025-05998,2025-10-21,2025-10,Europe,Spain,Oliver Smith,Laptop Air 13,Hardware,1,924.0,924.0,700.0,224.0
SO-2025-01949,2025-10-21,2025-10,LATAM,Argentina,Mateo Silva,Mechanical Keyboard,Accessories,4,120.9,483.6,248.0,235.6
SO-2025-05609,2025-10-21,2025-10,Europe,France,Oliver Smith,CRM Suite (annual),Software,22,855.0,18810.0,3080.0,15730.0
SO-2025-00275,2025-10-21,2025-10,LATAM,Argentina,Camila Rojas,Noise-Cancel Headset,Accessories,4,194.4,777.6,472.0,305.6
SO-2025-05972,2025-10-22,2025-10,Europe,Spain,Oliver Smith,Analytics Add-on,Software,21,400.5,8410.5,1470.0,6940.5
SO-2025-03352,2025-10-22,2025-10,North America,United States,Sofia Ramirez,Noise-Cancel Headset,Accessories,8,228.0,1824.0,944.0,880.0
SO-2025-02643,2025-10-22,2025-10,LATAM,Argentina,Camila Rojas,Security Suite,Software,1,637.0,637.0,110.0,527.0
SO-2025-04932,2025-10-22,2025-10,LATAM,Chile,Diego Fernandez,Security Suite,Software,12,686.0,8232.0,1320.0,6912.0
SO-2025-01816,2025-10-22,2025-10,LATAM,Brazil,Mateo Silva,CRM Suite (annual),Software,2,801.0,1602.0,280.0,1322.0
SO-2025-03730,2025-10-22,2025-10,LATAM,Argentina,Camila Rojas,Security Suite,Software,21,630.0,13230.0,2310.0,10920.0
SO-2025-04144,2025-10-22,2025-10,Europe,Spain,Oliver Smith,Laptop Air 13,Hardware,4,892.5,3570.0,2800.0,770.0
SO-2025-00782,2025-10-22,2025-10,Europe,Germany,Emma Laurent,Analytics Add-on,Software,8,405.0,3240.0,560.0,2680.0
SO-2025-05358,2025-10-22,2025-10,Europe,Germany,Oliver Smith,USB-C Dock,Accessories,8,149.4,1195.2,704.0,491.2
SO-2025-05889,2025-10-22,2025-10,APAC,Japan,Priya Nair,Laptop Air 13,Hardware,2,924.0,1848.0,1400.0,448.0
SO-2025-05981,2025-10-22,2025-10,North America,United States,Ava Thompson,Analytics Add-on,Software,14,450.0,6300.0,980.0,5320.0
SO-2025-05772,2025-10-22,2025-10,Europe,Germany,Noah Muller,Noise-Cancel Headset,Accessories,2,208.8,417.6,236.0,181.6
SO-2025-05685,2025-10-22,2025-10,APAC,India,Chloe Wong,Laptop Air 13,Hardware,4,976.5,3906.0,2800.0,1106.0
SO-2025-04063,2025-10-22,2025-10,APAC,Australia,Haruto Sato,Mechanical Keyboard,Accessories,6,115.7,694.2,372.0,322.2
SO-2025-02096,2025-10-22,2025-10,Europe,Germany,Emma Laurent,Security Suite,Software,19,700.0,13300.0,2090.0,11210.0
SO-2025-03458,2025-10-22,2025-10,North America,Canada,Liam Chen,USB-C Dock,Accessories,9,147.6,1328.4,792.0,536.4
SO-2025-05711,2025-10-22,2025-10,North America,Canada,Ava Thompson,Analytics Add-on,Software,3,423.0,1269.0,210.0,1059.0
SO-2025-00367,2025-10-22,2025-10,Europe,Germany,Oliver Smith,Noise-Cancel Headset,Accessories,7,220.8,1545.6,826.0,719.6
SO-2025-00747,2025-10-22,2025-10,North America,United States,Ava Thompson,UltraWide Monitor 34,Hardware,1,502.2,502.2,410.0,92.2
SO-2025-05813,2025-10-22,2025-10,North America,Canada,Ava Thompson,Security Suite,Software,17,595.0,10115.0,1870.0,8245.0
SO-2025-02050,2025-10-22,2025-10,North America,Mexico,Sofia Ramirez,Laptop Air 13,Hardware,2,850.5,1701.0,1400.0,301.0
SO-2025-00188,2025-10-22,2025-10,LATAM,Chile,Mateo Silva,Mechanical Keyboard,Accessories,10,113.1,1131.0,620.0,511.0
SO-2025-00752,2025-10-22,2025-10,APAC,Japan,Priya Nair,USB-C Dock,Accessories,2,151.2,302.4,176.0,126.4
SO-2025-05414,2025-10-22,2025-10,Europe,France,Emma Laurent,Noise-Cancel Headset,Accessories,8,206.4,1651.2,944.0,707.2
SO-2025-03905,2025-10-22,2025-10,Europe,Germany,Oliver Smith,Mechanical Keyboard,Accessories,9,118.3,1064.7,558.0,506.7
SO-2025-02108,2025-10-22,2025-10,LATAM,Chile,Diego Fernandez,Analytics Add-on,Software,17,369.0,6273.0,1190.0,5083.0
SO-2025-01302,2025-10-23,2025-10,LATAM,Argentina,Camila Rojas,CRM Suite (annual),Software,15,756.0,11340.0,2100.0,9240.0
SO-2025-00259,2025-10-23,2025-10,APAC,India,Priya Nair,Mechanical Keyboard,Accessories,5,122.2,611.0,310.0,301.0
SO-2025-04091,2025-10-23,2025-10,North America,United States,Liam Chen,Noise-Cancel Headset,Accessories,3,228.0,684.0,354.0,330.0
SO-2025-01232,2025-10-23,2025-10,Europe,France,Noah Muller,Security Suite,Software,22,567.0,12474.0,2420.0,10054.0
SO-2025-04257,2025-10-23,2025-10,North America,Canada,Ava Thompson,Laptop Pro 15,Hardware,4,1421.0,5684.0,3920.0,1764.0
SO-2025-01812,2025-10-23,2025-10,Europe,France,Emma Laurent,Analytics Add-on,Software,9,441.0,3969.0,630.0,3339.0
SO-2025-04982,2025-10-23,2025-10,Europe,United Kingdom,Noah Muller,CRM Suite (annual),Software,9,891.0,8019.0,1260.0,6759.0
SO-2025-05165,2025-10-23,2025-10,Europe,Spain,Oliver Smith,Security Suite,Software,24,665.0,15960.0,2640.0,13320.0
SO-2025-02549,2025-10-24,2025-10,APAC,India,Chloe Wong,Analytics Add-on,Software,21,418.5,8788.5,1470.0,7318.5
SO-2025-03655,2025-10-24,2025-10,LATAM,Argentina,Mateo Silva,Analytics Add-on,Software,15,423.0,6345.0,1050.0,5295.0
SO-2025-04343,2025-10-24,2025-10,Europe,Germany,Emma Laurent,Mechanical Keyboard,Accessories,8,110.5,884.0,496.0,388.0
SO-2025-05446,2025-10-24,2025-10,North America,Canada,Ava Thompson,USB-C Dock,Accessories,9,180.0,1620.0,792.0,828.0
SO-2025-01186,2025-10-24,2025-10,APAC,Singapore,Haruto Sato,UltraWide Monitor 34,Hardware,1,582.8,582.8,410.0,172.8
SO-2025-00831,2025-10-24,2025-10,APAC,Australia,Priya Nair,Wireless Mouse,Accessories,4,53.3,213.2,96.0,117.2
SO-2025-02863,2025-10-24,2025-10,Europe,Spain,Oliver Smith,Security Suite,Software,13,637.0,8281.0,1430.0,6851.0
SO-2025-03408,2025-10-24,2025-10,APAC,India,Priya Nair,Security Suite,Software,24,623.0,14952.0,2640.0,12312.0
SO-2025-04449,2025-10-24,2025-10,North America,Canada,Liam Chen,CRM Suite (annual),Software,18,756.0,13608.0,2520.0,11088.0
SO-2025-04072,2025-10-24,2025-10,APAC,Singapore,Chloe Wong,Analytics Add-on,Software,20,436.5,8730.0,1400.0,7330.0
SO-2025-00284,2025-10-24,2025-10,Europe,Spain,Emma Laurent,Security Suite,Software,13,637.0,8281.0,1430.0,6851.0
SO-2025-05976,2025-10-24,2025-10,Europe,Spain,Emma Laurent,Mechanical Keyboard,Accessories,2,107.9,215.8,124.0,91.8
SO-2025-05051,2025-10-24,2025-10,North America,United States,Ava Thompson,Wireless Mouse,Accessories,4,57.85,231.4,96.0,135.4
SO-2025-03903,2025-10-24,2025-10,Europe,France,Emma Laurent,Security Suite,Software,8,616.0,4928.0,880.0,4048.0
SO-2025-00510,2025-10-24,2025-10,Europe,France,Oliver Smith,USB-C Dock,Accessories,10,176.4,1764.0,880.0,884.0
SO-2025-04295,2025-10-24,2025-10,APAC,Japan,Chloe Wong,Security Suite,Software,25,679.0,16975.0,2750.0,14225.0
SO-2025-01966,2025-10-25,2025-10,North America,Mexico,Ava Thompson,Mechanical Keyboard,Accessories,7,122.2,855.4,434.0,421.4
SO-2025-01005,2025-10-25,2025-10,Europe,United Kingdom,Noah Muller,Noise-Cancel Headset,Accessories,6,201.6,1209.6,708.0,501.6
SO-2025-00180,2025-10-25,2025-10,Europe,France,Oliver Smith,Mechanical Keyboard,Accessories,8,128.7,1029.6,496.0,533.6
SO-2025-02137,2025-10-25,2025-10,North America,Mexico,Sofia Ramirez,Laptop Pro 15,Hardware,1,1421.0,1421.0,980.0,441.0
SO-2025-00291,2025-10-25,2025-10,North America,Mexico,Liam Chen,UltraWide Monitor 34,Hardware,3,545.6,1636.8,1230.0,406.8
SO-2025-01657,2025-10-25,2025-10,North America,Canada,Liam Chen,Mechanical Keyboard,Accessories,8,120.9,967.2,496.0,471.2
SO-2025-04042,2025-10-25,2025-10,North America,United States,Ava Thompson,Wireless Mouse,Accessories,3,62.4,187.2,72.0,115.2
SO-2025-04488,2025-10-25,2025-10,Europe,United Kingdom,Noah Muller,Analytics Add-on,Software,1,432.0,432.0,70.0,362.0
SO-2025-02721,2025-10-25,2025-10,Europe,United Kingdom,Oliver Smith,Analytics Add-on,Software,25,396.0,9900.0,1750.0,8150.0
SO-2025-04131,2025-10-25,2025-10,APAC,Singapore,Priya Nair,Analytics Add-on,Software,4,418.5,1674.0,280.0,1394.0
SO-2025-02129,2025-10-25,2025-10,APAC,Australia,Priya Nair,Mechanical Keyboard,Accessories,9,118.3,1064.7,558.0,506.7
SO-2025-03064,2025-10-25,2025-10,Europe,Germany,Noah Muller,Wireless Mouse,Accessories,1,65.0,65.0,24.0,41.0
SO-2025-05480,2025-10-25,2025-10,North America,United States,Liam Chen,Wireless Mouse,Accessories,1,60.45,60.45,24.0,36.45
SO-2025-01158,2025-10-25,2025-10,APAC,Singapore,Chloe Wong,CRM Suite (annual),Software,23,891.0,20493.0,3220.0,17273.0
SO-2025-01934,2025-10-25,2025-10,North America,United States,Sofia Ramirez,Analytics Add-on,Software,16,436.5,6984.0,1120.0,5864.0
SO-2025-01800,2025-10-25,2025-10,APAC,Japan,Chloe Wong,Analytics Add-on,Software,7,364.5,2551.5,490.0,2061.5
SO-2025-01132,2025-10-25,2025-10,North America,United States,Liam Chen,Security Suite,Software,7,686.0,4802.0,770.0,4032.0
SO-2025-05674,2025-10-25,2025-10,APAC,Australia,Chloe Wong,USB-C Dock,Accessories,9,160.2,1441.8,792.0,649.8
SO-2025-04242,2025-10-25,2025-10,North America,Mexico,Liam Chen,Laptop Pro 15,Hardware,4,1421.0,5684.0,3920.0,1764.0
SO-2025-00379,2025-10-25,2025-10,APAC,Australia,Haruto Sato,USB-C Dock,Accessories,1,158.4,158.4,88.0,70.4
SO-2025-01462,2025-10-25,2025-10,APAC,India,Haruto Sato,Security Suite,Software,20,595.0,11900.0,2200.0,9700.0
SO-2025-05342,2025-10-25,2025-10,North America,Mexico,Liam Chen,Wireless Mouse,Accessories,1,56.55,56.55,24.0,32.55
SO-2025-05661,2025-10-25,2025-10,APAC,India,Haruto Sato,USB-C Dock,Accessories,2,154.8,309.6,176.0,133.6
SO-2025-01682,2025-10-26,2025-10,North America,United States,Sofia Ramirez,Noise-Cancel Headset,Accessories,6,194.4,1166.4,708.0,458.4
SO-2025-00071,2025-10-26,2025-10,Europe,Germany,Emma Laurent,UltraWide Monitor 34,Hardware,4,558.0,2232.0,1640.0,592.0
SO-2025-05109,2025-10-26,2025-10,APAC,Japan,Chloe Wong,Noise-Cancel Headset,Accessories,5,206.4,1032.0,590.0,442.0
SO-2025-02053,2025-10-26,2025-10,Europe,France,Noah Muller,Laptop Air 13,Hardware,2,1008.0,2016.0,1400.0,616.0
SO-2025-01742,2025-10-26,2025-10,LATAM,Brazil,Camila Rojas,Analytics Add-on,Software,21,414.0,8694.0,1470.0,7224.0
SO-2025-05360,2025-10-26,2025-10,Europe,Spain,Oliver Smith,Security Suite,Software,4,595.0,2380.0,440.0,1940.0
SO-2025-02165,2025-10-26,2025-10,North America,United States,Sofia Ramirez,Security Suite,Software,8,616.0,4928.0,880.0,4048.0
SO-2025-01291,2025-10-26,2025-10,LATAM,Brazil,Mateo Silva,USB-C Dock,Accessories,5,174.6,873.0,440.0,433.0
SO-2025-00321,2025-10-26,2025-10,LATAM,Chile,Mateo Silva,Wireless Mouse,Accessories,6,64.35,386.1,144.0,242.1
SO-2025-00249,2025-10-26,2025-10,Europe,Spain,Noah Muller,Noise-Cancel Headset,Accessories,9,232.8,2095.2,1062.0,1033.2
SO-2025-00350,2025-10-26,2025-10,APAC,Japan,Chloe Wong,Laptop Air 13,Hardware,3,1008.0,3024.0,2100.0,924.0
SO-2025-04637,2025-10-26,2025-10,Europe,Germany,Noah Muller,Mechanical Keyboard,Accessories,6,124.8,748.8,372.0,376.8
SO-2025-02592,2025-10-26,2025-10,Europe,France,Emma Laurent,UltraWide Monitor 34,Hardware,1,520.8,520.8,410.0,110.8
SO-2025-03970,2025-10-26,2025-10,North America,Canada,Liam Chen,Laptop Air 13,Hardware,4,934.5,3738.0,2800.0,938.0
SO-2025-00885,2025-10-26,2025-10,North America,Mexico,Ava Thompson,USB-C Dock,Accessories,4,172.8,691.2,352.0,339.2
SO-2025-00898,2025-10-26,2025-10,Europe,Spain,Emma Laurent,Wireless Mouse,Accessories,10,52.65,526.5,240.0,286.5
SO-2025-01815,2025-10-26,2025-10,North America,Canada,Sofia Ramirez,Mechanical Keyboard,Accessories,3,118.3,354.9,186.0,168.9
SO-2025-03196,2025-10-26,2025-10,LATAM,Brazil,Diego Fernandez,Wireless Mouse,Accessories,4,56.55,226.2,96.0,130.2
SO-2025-04234,2025-10-26,2025-10,North America,United States,Liam Chen,Security Suite,Software,9,616.0,5544.0,990.0,4554.0
SO-2025-01831,2025-10-26,2025-10,Europe,Spain,Oliver Smith,Analytics Add-on,Software,14,418.5,5859.0,980.0,4879.0
SO-2025-04259,2025-10-26,2025-10,North America,Canada,Sofia Ramirez,Noise-Cancel Headset,Accessories,7,194.4,1360.8,826.0,534.8
SO-2025-01923,2025-10-26,2025-10,North America,Mexico,Ava Thompson,Mechanical Keyboard,Accessories,2,114.4,228.8,124.0,104.8
SO-2025-02813,2025-10-26,2025-10,North America,Canada,Ava Thompson,USB-C Dock,Accessories,9,151.2,1360.8,792.0,568.8
SO-2025-03534,2025-10-27,2025-10,Europe,Germany,Noah Muller,Security Suite,Software,23,602.0,13846.0,2530.0,11316.0
SO-2025-04110,2025-10-27,2025-10,North America,Mexico,Sofia Ramirez,Analytics Add-on,Software,3,382.5,1147.5,210.0,937.5
SO-2025-00360,2025-10-27,2025-10,LATAM,Chile,Mateo Silva,CRM Suite (annual),Software,15,801.0,12015.0,2100.0,9915.0
SO-2025-00944,2025-10-27,2025-10,North America,Canada,Ava Thompson,Laptop Pro 15,Hardware,3,1392.0,4176.0,2940.0,1236.0
SO-2025-01680,2025-10-27,2025-10,North America,United States,Ava Thompson,UltraWide Monitor 34,Hardware,3,582.8,1748.4,1230.0,518.4
SO-2025-03954,2025-10-27,2025-10,North America,Mexico,Sofia Ramirez,Laptop Air 13,Hardware,1,976.5,976.5,700.0,276.5
SO-2025-05926,2025-10-27,2025-10,North America,Canada,Ava Thompson,USB-C Dock,Accessories,7,176.4,1234.8,616.0,618.8
SO-2025-00292,2025-10-27,2025-10,North America,Canada,Ava Thompson,Security Suite,Software,17,672.0,11424.0,1870.0,9554.0
SO-2025-00134,2025-10-27,2025-10,LATAM,Argentina,Mateo Silva,Noise-Cancel Headset,Accessories,6,230.4,1382.4,708.0,674.4
SO-2025-03692,2025-10-27,2025-10,North America,United States,Ava Thompson,CRM Suite (annual),Software,12,801.0,9612.0,1680.0,7932.0
SO-2025-02091,2025-10-27,2025-10,North America,Mexico,Ava Thompson,Laptop Pro 15,Hardware,2,1276.0,2552.0,1960.0,592.0
SO-2025-00230,2025-10-27,2025-10,Europe,Germany,Emma Laurent,Noise-Cancel Headset,Accessories,8,218.4,1747.2,944.0,803.2
SO-2025-04388,2025-10-27,2025-10,North America,Canada,Sofia Ramirez,Mechanical Keyboard,Accessories,5,115.7,578.5,310.0,268.5
SO-2025-03818,2025-10-27,2025-10,North America,Mexico,Sofia Ramirez,Noise-Cancel Headset,Accessories,1,220.8,220.8,118.0,102.8
SO-2025-03180,2025-10-27,2025-10,North America,Canada,Ava Thompson,CRM Suite (annual),Software,15,900.0,13500.0,2100.0,11400.0
SO-2025-04219,2025-10-27,2025-10,Europe,United Kingdom,Emma Laurent,CRM Suite (annual),Software,22,873.0,19206.0,3080.0,16126.0
SO-2025-02705,2025-10-27,2025-10,Europe,Spain,Noah Muller,Noise-Cancel Headset,Accessories,6,213.6,1281.6,708.0,573.6
SO-2025-00664,2025-10-27,2025-10,North America,United States,Sofia Ramirez,Laptop Air 13,Hardware,2,934.5,1869.0,1400.0,469.0
SO-2025-02663,2025-10-27,2025-10,North America,Canada,Liam Chen,Mechanical Keyboard,Accessories,1,122.2,122.2,62.0,60.2
SO-2025-02205,2025-10-28,2025-10,Europe,United Kingdom,Noah Muller,Analytics Add-on,Software,6,405.0,2430.0,420.0,2010.0
SO-2025-00383,2025-10-28,2025-10,APAC,India,Haruto Sato,USB-C Dock,Accessories,9,172.8,1555.2,792.0,763.2
SO-2025-02251,2025-10-28,2025-10,North America,Canada,Ava Thompson,Analytics Add-on,Software,7,400.5,2803.5,490.0,2313.5
SO-2025-04291,2025-10-28,2025-10,LATAM,Brazil,Diego Fernandez,Analytics Add-on,Software,22,405.0,8910.0,1540.0,7370.0
SO-2025-03393,2025-10-28,2025-10,North America,Mexico,Ava Thompson,UltraWide Monitor 34,Hardware,3,564.2,1692.6,1230.0,462.6
SO-2025-01262,2025-10-28,2025-10,LATAM,Argentina,Camila Rojas,Wireless Mouse,Accessories,2,53.3,106.6,48.0,58.6
SO-2025-05687,2025-10-28,2025-10,LATAM,Brazil,Camila Rojas,UltraWide Monitor 34,Hardware,4,520.8,2083.2,1640.0,443.2
SO-2025-05946,2025-10-28,2025-10,North America,Canada,Sofia Ramirez,USB-C Dock,Accessories,2,149.4,298.8,176.0,122.8
SO-2025-01928,2025-10-28,2025-10,APAC,Japan,Priya Nair,Wireless Mouse,Accessories,3,57.2,171.6,72.0,99.6
SO-2025-01561,2025-10-28,2025-10,LATAM,Brazil,Diego Fernandez,CRM Suite (annual),Software,16,900.0,14400.0,2240.0,12160.0
SO-2025-02408,2025-10-28,2025-10,APAC,Japan,Priya Nair,USB-C Dock,Accessories,3,167.4,502.2,264.0,238.2
SO-2025-05447,2025-10-28,2025-10,LATAM,Chile,Diego Fernandez,Analytics Add-on,Software,14,405.0,5670.0,980.0,4690.0
SO-2025-05244,2025-10-28,2025-10,North America,Mexico,Liam Chen,Laptop Pro 15,Hardware,1,1232.5,1232.5,980.0,252.5
SO-2025-05170,2025-10-28,2025-10,Europe,France,Noah Muller,CRM Suite (annual),Software,9,747.0,6723.0,1260.0,5463.0
SO-2025-01204,2025-10-28,2025-10,APAC,Singapore,Priya Nair,Noise-Cancel Headset,Accessories,8,223.2,1785.6,944.0,841.6
SO-2025-01430,2025-10-28,2025-10,North America,Mexico,Sofia Ramirez,Noise-Cancel Headset,Accessories,1,206.4,206.4,118.0,88.4
SO-2025-03918,2025-10-28,2025-10,APAC,India,Priya Nair,Security Suite,Software,13,637.0,8281.0,1430.0,6851.0
SO-2025-03512,2025-10-28,2025-10,Europe,France,Noah Muller,CRM Suite (annual),Software,10,846.0,8460.0,1400.0,7060.0
SO-2025-01185,2025-10-28,2025-10,North America,Mexico,Sofia Ramirez,Laptop Pro 15,Hardware,3,1334.0,4002.0,2940.0,1062.0
SO-2025-01940,2025-10-28,2025-10,APAC,Japan,Priya Nair,CRM Suite (annual),Software,20,738.0,14760.0,2800.0,11960.0
SO-2025-01194,2025-10-28,2025-10,APAC,Australia,Chloe Wong,CRM Suite (annual),Software,25,864.0,21600.0,3500.0,18100.0
SO-2025-02845,2025-10-28,2025-10,Europe,Spain,Noah Muller,CRM Suite (annual),Software,4,891.0,3564.0,560.0,3004.0
SO-2025-01024,2025-10-28,2025-10,North America,Canada,Sofia Ramirez,Wireless Mouse,Accessories,8,55.9,447.2,192.0,255.2
SO-2025-02832,2025-10-28,2025-10,North America,Canada,Ava Thompson,Analytics Add-on,Software,25,432.0,10800.0,1750.0,9050.0
SO-2025-05266,2025-10-28,2025-10,LATAM,Brazil,Mateo Silva,Analytics Add-on,Software,5,378.0,1890.0,350.0,1540.0
SO-2025-00462,2025-10-28,2025-10,North America,United States,Sofia Ramirez,Analytics Add-on,Software,3,423.0,1269.0,210.0,1059.0
SO-2025-02380,2025-10-29,2025-10,LATAM,Chile,Mateo Silva,Analytics Add-on,Software,5,387.0,1935.0,350.0,1585.0
SO-2025-00663,2025-10-29,2025-10,Europe,France,Oliver Smith,Laptop Pro 15,Hardware,3,1290.5,3871.5,2940.0,931.5
SO-2025-02938,2025-10-29,2025-10,North America,United States,Ava Thompson,Mechanical Keyboard,Accessories,4,124.8,499.2,248.0,251.2
SO-2025-00623,2025-10-29,2025-10,North America,Mexico,Liam Chen,Wireless Mouse,Accessories,3,53.95,161.85,72.0,89.85
SO-2025-03404,2025-10-29,2025-10,Europe,Spain,Noah Muller,USB-C Dock,Accessories,4,153.0,612.0,352.0,260.0
SO-2025-02981,2025-10-29,2025-10,North America,United States,Ava Thompson,Analytics Add-on,Software,6,378.0,2268.0,420.0,1848.0
SO-2025-02708,2025-10-29,2025-10,North America,Mexico,Ava Thompson,Wireless Mouse,Accessories,8,63.05,504.4,192.0,312.4
SO-2025-02006,2025-10-29,2025-10,Europe,France,Oliver Smith,USB-C Dock,Accessories,7,153.0,1071.0,616.0,455.0
SO-2025-02884,2025-10-29,2025-10,LATAM,Argentina,Diego Fernandez,CRM Suite (annual),Software,25,720.0,18000.0,3500.0,14500.0
SO-2025-04249,2025-10-29,2025-10,Europe,Spain,Noah Muller,Security Suite,Software,10,630.0,6300.0,1100.0,5200.0
SO-2025-01131,2025-10-29,2025-10,North America,Mexico,Liam Chen,Wireless Mouse,Accessories,10,65.0,650.0,240.0,410.0
SO-2025-03596,2025-10-29,2025-10,LATAM,Brazil,Diego Fernandez,USB-C Dock,Accessories,10,160.2,1602.0,880.0,722.0
SO-2025-03787,2025-10-29,2025-10,North America,Mexico,Liam Chen,USB-C Dock,Accessories,1,172.8,172.8,88.0,84.8
SO-2025-01881,2025-10-29,2025-10,North America,Canada,Sofia Ramirez,USB-C Dock,Accessories,4,154.8,619.2,352.0,267.2
SO-2025-03788,2025-10-29,2025-10,Europe,United Kingdom,Emma Laurent,Noise-Cancel Headset,Accessories,4,201.6,806.4,472.0,334.4
SO-2025-05622,2025-10-29,2025-10,North America,United States,Sofia Ramirez,UltraWide Monitor 34,Hardware,4,570.4,2281.6,1640.0,641.6
SO-2025-00701,2025-10-29,2025-10,LATAM,Argentina,Camila Rojas,Wireless Mouse,Accessories,5,63.05,315.25,120.0,195.25
SO-2025-02193,2025-10-29,2025-10,North America,Mexico,Ava Thompson,Security Suite,Software,7,686.0,4802.0,770.0,4032.0
SO-2025-00349,2025-10-29,2025-10,North America,Mexico,Liam Chen,Wireless Mouse,Accessories,4,62.4,249.6,96.0,153.6
SO-2025-01038,2025-10-29,2025-10,Europe,United Kingdom,Oliver Smith,Noise-Cancel Headset,Accessories,7,211.2,1478.4,826.0,652.4
SO-2025-02281,2025-10-29,2025-10,North America,United States,Liam Chen,UltraWide Monitor 34,Hardware,2,595.2,1190.4,820.0,370.4
SO-2025-02451,2025-10-29,2025-10,Europe,Germany,Noah Muller,Analytics Add-on,Software,12,418.5,5022.0,840.0,4182.0
SO-2025-00474,2025-10-29,2025-10,Europe,Germany,Noah Muller,USB-C Dock,Accessories,4,147.6,590.4,352.0,238.4
SO-2025-03916,2025-10-29,2025-10,North America,United States,Liam Chen,CRM Suite (annual),Software,8,765.0,6120.0,1120.0,5000.0
SO-2025-02535,2025-10-29,2025-10,North America,United States,Sofia Ramirez,Wireless Mouse,Accessories,3,63.7,191.1,72.0,119.1
SO-2025-02442,2025-10-29,2025-10,LATAM,Brazil,Camila Rojas,Laptop Pro 15,Hardware,4,1290.5,5162.0,3920.0,1242.0
SO-2025-02439,2025-10-30,2025-10,North America,Canada,Liam Chen,Security Suite,Software,24,616.0,14784.0,2640.0,12144.0
SO-2025-02909,2025-10-30,2025-10,APAC,Australia,Chloe Wong,Analytics Add-on,Software,15,369.0,5535.0,1050.0,4485.0
SO-2025-05694,2025-10-30,2025-10,North America,United States,Sofia Ramirez,Security Suite,Software,20,567.0,11340.0,2200.0,9140.0
SO-2025-05206,2025-10-30,2025-10,LATAM,Chile,Mateo Silva,Wireless Mouse,Accessories,7,60.45,423.15,168.0,255.15
SO-2025-00992,2025-10-30,2025-10,Europe,Spain,Noah Muller,CRM Suite (annual),Software,17,900.0,15300.0,2380.0,12920.0
SO-2025-04898,2025-10-30,2025-10,APAC,Japan,Priya Nair,Noise-Cancel Headset,Accessories,3,196.8,590.4,354.0,236.4
SO-2025-04703,2025-10-30,2025-10,North America,Mexico,Liam Chen,Wireless Mouse,Accessories,6,63.7,382.2,144.0,238.2
SO-2025-05068,2025-10-30,2025-10,Europe,United Kingdom,Noah Muller,Analytics Add-on,Software,10,391.5,3915.0,700.0,3215.0
SO-2025-04083,2025-10-30,2025-10,Europe,France,Emma Laurent,Noise-Cancel Headset,Accessories,9,237.6,2138.4,1062.0,1076.4
SO-2025-05428,2025-10-30,2025-10,North America,Canada,Ava Thompson,Laptop Air 13,Hardware,4,955.5,3822.0,2800.0,1022.0
SO-2025-05164,2025-10-30,2025-10,North America,United States,Liam Chen,Laptop Air 13,Hardware,4,892.5,3570.0,2800.0,770.0
SO-2025-05403,2025-10-30,2025-10,North America,Mexico,Ava Thompson,Mechanical Keyboard,Accessories,6,110.5,663.0,372.0,291.0
SO-2025-01365,2025-10-30,2025-10,North America,Mexico,Ava Thompson,USB-C Dock,Accessories,9,162.0,1458.0,792.0,666.0
SO-2025-04571,2025-10-30,2025-10,Europe,Spain,Oliver Smith,Wireless Mouse,Accessories,5,52.65,263.25,120.0,143.25
SO-2025-04448,2025-10-31,2025-10,North America,Canada,Liam Chen,Noise-Cancel Headset,Accessories,9,235.2,2116.8,1062.0,1054.8
SO-2025-03259,2025-10-31,2025-10,North America,Canada,Liam Chen,UltraWide Monitor 34,Hardware,1,576.6,576.6,410.0,166.6
SO-2025-01144,2025-10-31,2025-10,Europe,France,Noah Muller,UltraWide Monitor 34,Hardware,1,558.0,558.0,410.0,148.0
SO-2025-03287,2025-10-31,2025-10,North America,Canada,Liam Chen,CRM Suite (annual),Software,22,855.0,18810.0,3080.0,15730.0
SO-2025-01345,2025-10-31,2025-10,LATAM,Brazil,Mateo Silva,Analytics Add-on,Software,4,441.0,1764.0,280.0,1484.0
SO-2025-01689,2025-10-31,2025-10,APAC,Singapore,Haruto Sato,Analytics Add-on,Software,13,387.0,5031.0,910.0,4121.0
SO-2025-04610,2025-10-31,2025-10,APAC,Australia,Haruto Sato,CRM Suite (annual),Software,3,720.0,2160.0,420.0,1740.0
SO-2025-05565,2025-10-31,2025-10,LATAM,Brazil,Mateo Silva,UltraWide Monitor 34,Hardware,2,558.0,1116.0,820.0,296.0
SO-2025-05181,2025-10-31,2025-10,APAC,Japan,Haruto Sato,Security Suite,Software,23,574.0,13202.0,2530.0,10672.0
SO-2025-04270,2025-10-31,2025-10,North America,Canada,Sofia Ramirez,Noise-Cancel Headset,Accessories,9,228.0,2052.0,1062.0,990.0
SO-2025-01749,2025-10-31,2025-10,Europe,France,Noah Muller,Analytics Add-on,Software,22,405.0,8910.0,1540.0,7370.0
SO-2025-01948,2025-10-31,2025-10,APAC,Australia,Priya Nair,Wireless Mouse,Accessories,1,59.8,59.8,24.0,35.8
SO-2025-00145,2025-10-31,2025-10,Europe,Germany,Emma Laurent,Noise-Cancel Headset,Accessories,8,211.2,1689.6,944.0,745.6
SO-2025-02151,2025-10-31,2025-10,APAC,Australia,Chloe Wong,Security Suite,Software,16,574.0,9184.0,1760.0,7424.0
SO-2025-04826,2025-10-31,2025-10,LATAM,Chile,Diego Fernandez,Laptop Air 13,Hardware,2,850.5,1701.0,1400.0,301.0
SO-2025-02149,2025-10-31,2025-10,LATAM,Chile,Mateo Silva,Laptop Air 13,Hardware,1,997.5,997.5,700.0,297.5
SO-2025-02876,2025-11-01,2025-11,North America,United States,Ava Thompson,Security Suite,Software,6,686.0,4116.0,660.0,3456.0
SO-2025-04673,2025-11-01,2025-11,North America,Canada,Ava Thompson,Laptop Air 13,Hardware,3,903.0,2709.0,2100.0,609.0
SO-2025-05240,2025-11-01,2025-11,Europe,France,Noah Muller,CRM Suite (annual),Software,12,774.0,9288.0,1680.0,7608.0
SO-2025-05055,2025-11-01,2025-11,Europe,France,Oliver Smith,Laptop Air 13,Hardware,1,892.5,892.5,700.0,192.5
SO-2025-01703,2025-11-01,2025-11,North America,Canada,Liam Chen,Laptop Air 13,Hardware,2,924.0,1848.0,1400.0,448.0
SO-2025-03371,2025-11-01,2025-11,North America,Canada,Liam Chen,USB-C Dock,Accessories,3,147.6,442.8,264.0,178.8
SO-2025-03071,2025-11-01,2025-11,Europe,Spain,Emma Laurent,Wireless Mouse,Accessories,2,57.2,114.4,48.0,66.4
SO-2025-05869,2025-11-01,2025-11,North America,Canada,Ava Thompson,USB-C Dock,Accessories,1,145.8,145.8,88.0,57.8
SO-2025-05651,2025-11-01,2025-11,North America,Canada,Sofia Ramirez,USB-C Dock,Accessories,3,151.2,453.6,264.0,189.6
SO-2025-00951,2025-11-01,2025-11,North America,Canada,Ava Thompson,Noise-Cancel Headset,Accessories,4,223.2,892.8,472.0,420.8
SO-2025-00695,2025-11-01,2025-11,LATAM,Argentina,Mateo Silva,Laptop Air 13,Hardware,4,913.5,3654.0,2800.0,854.0
SO-2025-00955,2025-11-01,2025-11,North America,Mexico,Liam Chen,Mechanical Keyboard,Accessories,7,113.1,791.7,434.0,357.7
SO-2025-05800,2025-11-01,2025-11,North America,United States,Liam Chen,Wireless Mouse,Accessories,10,53.95,539.5,240.0,299.5
SO-2025-01505,2025-11-01,2025-11,North America,Canada,Liam Chen,CRM Suite (annual),Software,23,729.0,16767.0,3220.0,13547.0
SO-2025-04493,2025-11-01,2025-11,LATAM,Argentina,Diego Fernandez,CRM Suite (annual),Software,21,774.0,16254.0,2940.0,13314.0
SO-2025-02979,2025-11-01,2025-11,APAC,Australia,Priya Nair,CRM Suite (annual),Software,22,729.0,16038.0,3080.0,12958.0
SO-2025-00111,2025-11-01,2025-11,Europe,Spain,Emma Laurent,Laptop Pro 15,Hardware,3,1276.0,3828.0,2940.0,888.0
SO-2025-03941,2025-11-01,2025-11,Europe,United Kingdom,Emma Laurent,Wireless Mouse,Accessories,9,58.5,526.5,216.0,310.5
SO-2025-02860,2025-11-01,2025-11,North America,United States,Liam Chen,UltraWide Monitor 34,Hardware,3,558.0,1674.0,1230.0,444.0
SO-2025-03415,2025-11-01,2025-11,APAC,Japan,Chloe Wong,Noise-Cancel Headset,Accessories,5,216.0,1080.0,590.0,490.0
SO-2025-00990,2025-11-02,2025-11,North America,United States,Sofia Ramirez,Analytics Add-on,Software,14,360.0,5040.0,980.0,4060.0
SO-2025-01072,2025-11-02,2025-11,North America,Mexico,Liam Chen,Laptop Pro 15,Hardware,1,1290.5,1290.5,980.0,310.5
SO-2025-05765,2025-11-02,2025-11,Europe,United Kingdom,Noah Muller,Noise-Cancel Headset,Accessories,10,213.6,2136.0,1180.0,956.0
SO-2025-02132,2025-11-02,2025-11,Europe,Germany,Noah Muller,UltraWide Monitor 34,Hardware,1,558.0,558.0,410.0,148.0
SO-2025-00214,2025-11-02,2025-11,APAC,India,Priya Nair,Laptop Air 13,Hardware,3,955.5,2866.5,2100.0,766.5
SO-2025-02919,2025-11-02,2025-11,Europe,Spain,Emma Laurent,Laptop Air 13,Hardware,4,913.5,3654.0,2800.0,854.0
SO-2025-02079,2025-11-02,2025-11,LATAM,Chile,Mateo Silva,CRM Suite (annual),Software,13,720.0,9360.0,1820.0,7540.0
SO-2025-03514,2025-11-02,2025-11,Europe,France,Noah Muller,Security Suite,Software,25,616.0,15400.0,2750.0,12650.0
SO-2025-00400,2025-11-02,2025-11,LATAM,Brazil,Camila Rojas,Analytics Add-on,Software,25,373.5,9337.5,1750.0,7587.5
SO-2025-02180,2025-11-02,2025-11,LATAM,Brazil,Diego Fernandez,Analytics Add-on,Software,12,414.0,4968.0,840.0,4128.0
SO-2025-04588,2025-11-02,2025-11,North America,United States,Sofia Ramirez,Laptop Air 13,Hardware,3,997.5,2992.5,2100.0,892.5
SO-2025-04229,2025-11-02,2025-11,Europe,United Kingdom,Oliver Smith,UltraWide Monitor 34,Hardware,3,570.4,1711.2,1230.0,481.2
SO-2025-03763,2025-11-02,2025-11,Europe,Germany,Emma Laurent,Analytics Add-on,Software,12,432.0,5184.0,840.0,4344.0
SO-2025-03204,2025-11-02,2025-11,North America,Canada,Liam Chen,Analytics Add-on,Software,23,400.5,9211.5,1610.0,7601.5
SO-2025-04915,2025-11-02,2025-11,Europe,Germany,Emma Laurent,Laptop Air 13,Hardware,2,1029.0,2058.0,1400.0,658.0
SO-2025-03912,2025-11-02,2025-11,APAC,India,Chloe Wong,Security Suite,Software,2,665.0,1330.0,220.0,1110.0
SO-2025-05046,2025-11-02,2025-11,Europe,United Kingdom,Oliver Smith,Noise-Cancel Headset,Accessories,4,235.2,940.8,472.0,468.8
SO-2025-05044,2025-11-02,2025-11,LATAM,Brazil,Diego Fernandez,Analytics Add-on,Software,8,445.5,3564.0,560.0,3004.0
SO-2025-04949,2025-11-02,2025-11,North America,United States,Sofia Ramirez,Security Suite,Software,24,630.0,15120.0,2640.0,12480.0
SO-2025-03283,2025-11-03,2025-11,North America,United States,Liam Chen,Security Suite,Software,13,651.0,8463.0,1430.0,7033.0
SO-2025-02836,2025-11-03,2025-11,Europe,Germany,Noah Muller,Laptop Air 13,Hardware,4,1008.0,4032.0,2800.0,1232.0
SO-2025-03897,2025-11-03,2025-11,LATAM,Brazil,Diego Fernandez,Laptop Pro 15,Hardware,2,1406.5,2813.0,1960.0,853.0
SO-2025-05093,2025-11-03,2025-11,North America,Mexico,Sofia Ramirez,CRM Suite (annual),Software,1,729.0,729.0,140.0,589.0
SO-2025-04882,2025-11-03,2025-11,North America,Mexico,Ava Thompson,Wireless Mouse,Accessories,2,56.55,113.1,48.0,65.1
SO-2025-05226,2025-11-03,2025-11,North America,Mexico,Sofia Ramirez,Wireless Mouse,Accessories,5,59.15,295.75,120.0,175.75
SO-2025-04938,2025-11-03,2025-11,Europe,United Kingdom,Oliver Smith,CRM Suite (annual),Software,6,891.0,5346.0,840.0,4506.0
SO-2025-02417,2025-11-03,2025-11,Europe,Spain,Noah Muller,Analytics Add-on,Software,9,418.5,3766.5,630.0,3136.5
SO-2025-02653,2025-11-03,2025-11,North America,Canada,Sofia Ramirez,Laptop Pro 15,Hardware,3,1334.0,4002.0,2940.0,1062.0
SO-2025-04039,2025-11-03,2025-11,Europe,Germany,Emma Laurent,Noise-Cancel Headset,Accessories,7,204.0,1428.0,826.0,602.0
SO-2025-01265,2025-11-03,2025-11,North America,Mexico,Liam Chen,USB-C Dock,Accessories,7,165.6,1159.2,616.0,543.2
SO-2025-04894,2025-11-03,2025-11,APAC,Japan,Priya Nair,Security Suite,Software,6,560.0,3360.0,660.0,2700.0
SO-2025-00085,2025-11-03,2025-11,North America,Canada,Ava Thompson,CRM Suite (annual),Software,19,792.0,15048.0,2660.0,12388.0
SO-2025-02274,2025-11-03,2025-11,North America,Canada,Liam Chen,Wireless Mouse,Accessories,9,62.4,561.6,216.0,345.6
SO-2025-00506,2025-11-04,2025-11,North America,Mexico,Ava Thompson,Security Suite,Software,6,686.0,4116.0,660.0,3456.0
SO-2025-01088,2025-11-04,2025-11,North America,United States,Liam Chen,Wireless Mouse,Accessories,6,54.6,327.6,144.0,183.6
SO-2025-00811,2025-11-04,2025-11,Europe,Germany,Oliver Smith,Laptop Pro 15,Hardware,1,1421.0,1421.0,980.0,441.0
SO-2025-02997,2025-11-04,2025-11,Europe,Spain,Noah Muller,Security Suite,Software,16,616.0,9856.0,1760.0,8096.0
SO-2025-05249,2025-11-04,2025-11,APAC,Singapore,Chloe Wong,Laptop Air 13,Hardware,4,966.0,3864.0,2800.0,1064.0
SO-2025-02994,2025-11-04,2025-11,LATAM,Brazil,Camila Rojas,Laptop Air 13,Hardware,4,913.5,3654.0,2800.0,854.0
SO-2025-05747,2025-11-04,2025-11,North America,Mexico,Ava Thompson,Wireless Mouse,Accessories,1,52.0,52.0,24.0,28.0
SO-2025-05580,2025-11-04,2025-11,North America,United States,Sofia Ramirez,Security Suite,Software,18,574.0,10332.0,1980.0,8352.0
SO-2025-04708,2025-11-04,2025-11,North America,United States,Liam Chen,Laptop Pro 15,Hardware,2,1348.5,2697.0,1960.0,737.0
SO-2025-03812,2025-11-04,2025-11,APAC,Singapore,Chloe Wong,Laptop Pro 15,Hardware,1,1232.5,1232.5,980.0,252.5
SO-2025-03601,2025-11-04,2025-11,APAC,Singapore,Haruto Sato,USB-C Dock,Accessories,5,167.4,837.0,440.0,397.0
SO-2025-04542,2025-11-04,2025-11,Europe,Germany,Noah Muller,Mechanical Keyboard,Accessories,8,111.8,894.4,496.0,398.4
SO-2025-04532,2025-11-04,2025-11,North America,Mexico,Liam Chen,Laptop Air 13,Hardware,3,892.5,2677.5,2100.0,577.5
SO-2025-01581,2025-11-04,2025-11,North America,Mexico,Sofia Ramirez,Laptop Pro 15,Hardware,1,1203.5,1203.5,980.0,223.5
SO-2025-02423,2025-11-04,2025-11,North America,Mexico,Sofia Ramirez,CRM Suite (annual),Software,24,783.0,18792.0,3360.0,15432.0
SO-2025-02526,2025-11-05,2025-11,APAC,Japan,Haruto Sato,Mechanical Keyboard,Accessories,4,128.7,514.8,248.0,266.8
SO-2025-02738,2025-11-05,2025-11,APAC,India,Haruto Sato,Wireless Mouse,Accessories,9,60.45,544.05,216.0,328.05
SO-2025-03597,2025-11-05,2025-11,Europe,France,Oliver Smith,UltraWide Monitor 34,Hardware,2,601.4,1202.8,820.0,382.8
SO-2025-03409,2025-11-05,2025-11,North America,Mexico,Liam Chen,CRM Suite (annual),Software,2,819.0,1638.0,280.0,1358.0
SO-2025-02752,2025-11-05,2025-11,Europe,France,Emma Laurent,Noise-Cancel Headset,Accessories,7,228.0,1596.0,826.0,770.0
SO-2025-00643,2025-11-05,2025-11,North America,Canada,Ava Thompson,USB-C Dock,Accessories,3,172.8,518.4,264.0,254.4
SO-2025-03192,2025-11-05,2025-11,North America,United States,Sofia Ramirez,CRM Suite (annual),Software,22,819.0,18018.0,3080.0,14938.0
SO-2025-03137,2025-11-05,2025-11,North America,Canada,Liam Chen,UltraWide Monitor 34,Hardware,2,514.6,1029.2,820.0,209.2
SO-2025-01215,2025-11-05,2025-11,Europe,Germany,Oliver Smith,Mechanical Keyboard,Accessories,3,110.5,331.5,186.0,145.5
SO-2025-00556,2025-11-05,2025-11,North America,United States,Sofia Ramirez,Analytics Add-on,Software,7,441.0,3087.0,490.0,2597.0
SO-2025-05299,2025-11-05,2025-11,North America,United States,Ava Thompson,CRM Suite (annual),Software,9,765.0,6885.0,1260.0,5625.0
SO-2025-00957,2025-11-05,2025-11,North America,Mexico,Sofia Ramirez,Wireless Mouse,Accessories,5,63.7,318.5,120.0,198.5
SO-2025-00563,2025-11-05,2025-11,APAC,Australia,Priya Nair,CRM Suite (annual),Software,21,882.0,18522.0,2940.0,15582.0
SO-2025-01032,2025-11-05,2025-11,APAC,Singapore,Priya Nair,Noise-Cancel Headset,Accessories,3,199.2,597.6,354.0,243.6
SO-2025-02022,2025-11-05,2025-11,Europe,France,Noah Muller,Laptop Pro 15,Hardware,1,1406.5,1406.5,980.0,426.5
SO-2025-01314,2025-11-05,2025-11,North America,Canada,Liam Chen,USB-C Dock,Accessories,1,169.2,169.2,88.0,81.2
SO-2025-00869,2025-11-05,2025-11,North America,Mexico,Sofia Ramirez,Wireless Mouse,Accessories,5,59.8,299.0,120.0,179.0
SO-2025-04621,2025-11-05,2025-11,Europe,Spain,Oliver Smith,Laptop Air 13,Hardware,1,976.5,976.5,700.0,276.5
SO-2025-01090,2025-11-05,2025-11,APAC,Australia,Chloe Wong,Mechanical Keyboard,Accessories,6,122.2,733.2,372.0,361.2
SO-2025-05128,2025-11-05,2025-11,North America,Canada,Sofia Ramirez,Security Suite,Software,22,693.0,15246.0,2420.0,12826.0
SO-2025-00453,2025-11-05,2025-11,APAC,India,Priya Nair,Security Suite,Software,3,686.0,2058.0,330.0,1728.0
SO-2025-02733,2025-11-05,2025-11,North America,Mexico,Liam Chen,UltraWide Monitor 34,Hardware,2,533.2,1066.4,820.0,246.4
SO-2025-00882,2025-11-05,2025-11,APAC,India,Haruto Sato,UltraWide Monitor 34,Hardware,1,570.4,570.4,410.0,160.4
SO-2025-00483,2025-11-05,2025-11,North America,United States,Liam Chen,Wireless Mouse,Accessories,10,53.3,533.0,240.0,293.0
SO-2025-05814,2025-11-06,2025-11,APAC,Japan,Haruto Sato,Wireless Mouse,Accessories,5,55.25,276.25,120.0,156.25
SO-2025-02646,2025-11-06,2025-11,North America,United States,Liam Chen,CRM Suite (annual),Software,5,891.0,4455.0,700.0,3755.0
SO-2025-04825,2025-11-06,2025-11,LATAM,Chile,Diego Fernandez,Laptop Air 13,Hardware,1,871.5,871.5,700.0,171.5
SO-2025-03951,2025-11-06,2025-11,North America,United States,Liam Chen,Analytics Add-on,Software,21,414.0,8694.0,1470.0,7224.0
SO-2025-04512,2025-11-06,2025-11,LATAM,Argentina,Camila Rojas,Mechanical Keyboard,Accessories,1,104.0,104.0,62.0,42.0
SO-2025-02501,2025-11-06,2025-11,North America,United States,Ava Thompson,Laptop Air 13,Hardware,3,871.5,2614.5,2100.0,514.5
SO-2025-03762,2025-11-06,2025-11,LATAM,Chile,Mateo Silva,Analytics Add-on,Software,9,382.5,3442.5,630.0,2812.5
SO-2025-00614,2025-11-06,2025-11,Europe,Germany,Emma Laurent,Wireless Mouse,Accessories,10,60.45,604.5,240.0,364.5
SO-2025-03551,2025-11-06,2025-11,Europe,Spain,Emma Laurent,CRM Suite (annual),Software,2,855.0,1710.0,280.0,1430.0
SO-2025-05169,2025-11-06,2025-11,LATAM,Chile,Mateo Silva,Laptop Air 13,Hardware,1,871.5,871.5,700.0,171.5
SO-2025-05560,2025-11-06,2025-11,APAC,Japan,Chloe Wong,Security Suite,Software,24,595.0,14280.0,2640.0,11640.0
SO-2025-02279,2025-11-06,2025-11,APAC,Japan,Chloe Wong,Laptop Air 13,Hardware,1,1018.5,1018.5,700.0,318.5
SO-2025-00618,2025-11-06,2025-11,Europe,Germany,Oliver Smith,USB-C Dock,Accessories,6,151.2,907.2,528.0,379.2
SO-2025-01718,2025-11-06,2025-11,North America,United States,Ava Thompson,Laptop Pro 15,Hardware,2,1363.0,2726.0,1960.0,766.0
SO-2025-04753,2025-11-06,2025-11,Europe,United Kingdom,Emma Laurent,Laptop Pro 15,Hardware,2,1377.5,2755.0,1960.0,795.0
SO-2025-04282,2025-11-06,2025-11,Europe,Germany,Emma Laurent,CRM Suite (annual),Software,25,873.0,21825.0,3500.0,18325.0
SO-2025-00031,2025-11-06,2025-11,Europe,Spain,Noah Muller,Analytics Add-on,Software,2,436.5,873.0,140.0,733.0
SO-2025-04783,2025-11-06,2025-11,Europe,Germany,Oliver Smith,Laptop Air 13,Hardware,3,903.0,2709.0,2100.0,609.0
SO-2025-03790,2025-11-06,2025-11,LATAM,Chile,Camila Rojas,UltraWide Monitor 34,Hardware,4,520.8,2083.2,1640.0,443.2
SO-2025-02460,2025-11-06,2025-11,Europe,France,Oliver Smith,Analytics Add-on,Software,9,450.0,4050.0,630.0,3420.0
SO-2025-01394,2025-11-07,2025-11,North America,Canada,Ava Thompson,CRM Suite (annual),Software,19,783.0,14877.0,2660.0,12217.0
SO-2025-01487,2025-11-07,2025-11,Europe,United Kingdom,Emma Laurent,Security Suite,Software,18,658.0,11844.0,1980.0,9864.0
SO-2025-04896,2025-11-07,2025-11,Europe,Germany,Emma Laurent,UltraWide Monitor 34,Hardware,3,595.2,1785.6,1230.0,555.6
SO-2025-01588,2025-11-07,2025-11,Europe,Spain,Noah Muller,Analytics Add-on,Software,8,423.0,3384.0,560.0,2824.0
SO-2025-05019,2025-11-07,2025-11,Europe,Spain,Noah Muller,Wireless Mouse,Accessories,2,64.35,128.7,48.0,80.7
SO-2025-05124,2025-11-07,2025-11,Europe,United Kingdom,Emma Laurent,UltraWide Monitor 34,Hardware,1,545.6,545.6,410.0,135.6
SO-2025-05583,2025-11-07,2025-11,Europe,France,Noah Muller,Noise-Cancel Headset,Accessories,2,194.4,388.8,236.0,152.8
SO-2025-02570,2025-11-07,2025-11,North America,United States,Sofia Ramirez,Mechanical Keyboard,Accessories,10,111.8,1118.0,620.0,498.0
SO-2025-03225,2025-11-07,2025-11,Europe,Spain,Noah Muller,Mechanical Keyboard,Accessories,7,109.2,764.4,434.0,330.4
SO-2025-05372,2025-11-07,2025-11,LATAM,Argentina,Diego Fernandez,USB-C Dock,Accessories,8,151.2,1209.6,704.0,505.6
SO-2025-02633,2025-11-07,2025-11,North America,Canada,Ava Thompson,UltraWide Monitor 34,Hardware,2,539.4,1078.8,820.0,258.8
SO-2025-04990,2025-11-07,2025-11,Europe,Spain,Noah Muller,Analytics Add-on,Software,7,418.5,2929.5,490.0,2439.5
SO-2025-05881,2025-11-07,2025-11,Europe,Germany,Oliver Smith,Noise-Cancel Headset,Accessories,2,199.2,398.4,236.0,162.4
SO-2025-02435,2025-11-07,2025-11,North America,United States,Liam Chen,Laptop Pro 15,Hardware,2,1189.0,2378.0,1960.0,418.0
SO-2025-00658,2025-11-07,2025-11,Europe,Spain,Oliver Smith,Laptop Air 13,Hardware,3,987.0,2961.0,2100.0,861.0
SO-2025-05759,2025-11-07,2025-11,North America,United States,Sofia Ramirez,USB-C Dock,Accessories,4,176.4,705.6,352.0,353.6
SO-2025-02666,2025-11-07,2025-11,APAC,Singapore,Priya Nair,UltraWide Monitor 34,Hardware,2,570.4,1140.8,820.0,320.8
SO-2025-05928,2025-11-07,2025-11,Europe,France,Emma Laurent,Laptop Pro 15,Hardware,4,1261.5,5046.0,3920.0,1126.0
SO-2025-03622,2025-11-07,2025-11,Europe,United Kingdom,Oliver Smith,Analytics Add-on,Software,10,436.5,4365.0,700.0,3665.0
SO-2025-05053,2025-11-07,2025-11,North America,Mexico,Ava Thompson,Mechanical Keyboard,Accessories,9,122.2,1099.8,558.0,541.8
SO-2025-01250,2025-11-07,2025-11,Europe,United Kingdom,Oliver Smith,CRM Suite (annual),Software,20,864.0,17280.0,2800.0,14480.0
SO-2025-04983,2025-11-08,2025-11,Europe,Spain,Oliver Smith,Wireless Mouse,Accessories,10,54.6,546.0,240.0,306.0
SO-2025-02293,2025-11-08,2025-11,North America,Canada,Liam Chen,UltraWide Monitor 34,Hardware,1,551.8,551.8,410.0,141.8
SO-2025-04858,2025-11-08,2025-11,North America,United States,Ava Thompson,Laptop Air 13,Hardware,1,882.0,882.0,700.0,182.0
SO-2025-04290,2025-11-08,2025-11,North America,Mexico,Liam Chen,Mechanical Keyboard,Accessories,5,126.1,630.5,310.0,320.5
SO-2025-00935,2025-11-08,2025-11,North America,Canada,Liam Chen,Noise-Cancel Headset,Accessories,6,196.8,1180.8,708.0,472.8
SO-2025-02965,2025-11-08,2025-11,North America,Mexico,Sofia Ramirez,Laptop Air 13,Hardware,3,987.0,2961.0,2100.0,861.0
SO-2025-03885,2025-11-08,2025-11,APAC,Japan,Haruto Sato,Noise-Cancel Headset,Accessories,10,237.6,2376.0,1180.0,1196.0
SO-2025-04533,2025-11-08,2025-11,Europe,Spain,Oliver Smith,Laptop Pro 15,Hardware,4,1435.5,5742.0,3920.0,1822.0
SO-2025-05502,2025-11-08,2025-11,Europe,France,Emma Laurent,Analytics Add-on,Software,12,423.0,5076.0,840.0,4236.0
SO-2025-01775,2025-11-08,2025-11,APAC,Australia,Priya Nair,UltraWide Monitor 34,Hardware,1,564.2,564.2,410.0,154.2
SO-2025-02642,2025-11-08,2025-11,North America,United States,Liam Chen,Wireless Mouse,Accessories,8,64.35,514.8,192.0,322.8
SO-2025-02003,2025-11-08,2025-11,APAC,India,Chloe Wong,Analytics Add-on,Software,15,427.5,6412.5,1050.0,5362.5
SO-2025-00309,2025-11-08,2025-11,North America,United States,Ava Thompson,UltraWide Monitor 34,Hardware,4,576.6,2306.4,1640.0,666.4
SO-2025-04001,2025-11-08,2025-11,Europe,Germany,Emma Laurent,Noise-Cancel Headset,Accessories,8,206.4,1651.2,944.0,707.2
SO-2025-02474,2025-11-08,2025-11,North America,United States,Liam Chen,USB-C Dock,Accessories,7,149.4,1045.8,616.0,429.8
SO-2025-01899,2025-11-08,2025-11,North America,Mexico,Sofia Ramirez,USB-C Dock,Accessories,1,156.6,156.6,88.0,68.6
SO-2025-02829,2025-11-08,2025-11,North America,Canada,Sofia Ramirez,Wireless Mouse,Accessories,8,52.65,421.2,192.0,229.2
SO-2025-00604,2025-11-08,2025-11,Europe,Germany,Emma Laurent,Wireless Mouse,Accessories,6,58.5,351.0,144.0,207.0
SO-2025-03630,2025-11-08,2025-11,Europe,Spain,Emma Laurent,Mechanical Keyboard,Accessories,6,114.4,686.4,372.0,314.4
SO-2025-02879,2025-11-08,2025-11,Europe,United Kingdom,Oliver Smith,CRM Suite (annual),Software,17,828.0,14076.0,2380.0,11696.0
SO-2025-04065,2025-11-08,2025-11,North America,Canada,Liam Chen,Wireless Mouse,Accessories,3,59.15,177.45,72.0,105.45
SO-2025-02354,2025-11-08,2025-11,North America,Mexico,Sofia Ramirez,USB-C Dock,Accessories,10,162.0,1620.0,880.0,740.0
SO-2025-05021,2025-11-08,2025-11,Europe,Germany,Emma Laurent,Security Suite,Software,14,595.0,8330.0,1540.0,6790.0
SO-2025-05192,2025-11-08,2025-11,APAC,Australia,Haruto Sato,Wireless Mouse,Accessories,1,53.95,53.95,24.0,29.95
SO-2025-00176,2025-11-08,2025-11,Europe,Spain,Oliver Smith,Laptop Pro 15,Hardware,3,1232.5,3697.5,2940.0,757.5
SO-2025-01327,2025-11-08,2025-11,Europe,Spain,Oliver Smith,Laptop Air 13,Hardware,4,955.5,3822.0,2800.0,1022.0
SO-2025-05484,2025-11-08,2025-11,Europe,France,Noah Muller,Laptop Pro 15,Hardware,3,1363.0,4089.0,2940.0,1149.0
SO-2025-03886,2025-11-09,2025-11,LATAM,Chile,Mateo Silva,Noise-Cancel Headset,Accessories,3,225.6,676.8,354.0,322.8
SO-2025-04857,2025-11-09,2025-11,North America,United States,Ava Thompson,USB-C Dock,Accessories,4,144.0,576.0,352.0,224.0
SO-2025-02067,2025-11-09,2025-11,LATAM,Brazil,Camila Rojas,Mechanical Keyboard,Accessories,9,110.5,994.5,558.0,436.5
SO-2025-01122,2025-11-09,2025-11,APAC,India,Chloe Wong,Security Suite,Software,23,595.0,13685.0,2530.0,11155.0
SO-2025-01443,2025-11-09,2025-11,APAC,India,Priya Nair,Laptop Pro 15,Hardware,4,1334.0,5336.0,3920.0,1416.0
SO-2025-02897,2025-11-09,2025-11,Europe,Spain,Noah Muller,Wireless Mouse,Accessories,8,55.9,447.2,192.0,255.2
SO-2025-04479,2025-11-09,2025-11,Europe,United Kingdom,Emma Laurent,USB-C Dock,Accessories,6,171.0,1026.0,528.0,498.0
SO-2025-03053,2025-11-09,2025-11,APAC,Australia,Haruto Sato,Mechanical Keyboard,Accessories,10,118.3,1183.0,620.0,563.0
SO-2025-03959,2025-11-09,2025-11,APAC,Australia,Priya Nair,USB-C Dock,Accessories,7,172.8,1209.6,616.0,593.6
SO-2025-00262,2025-11-09,2025-11,LATAM,Chile,Camila Rojas,Laptop Air 13,Hardware,2,997.5,1995.0,1400.0,595.0
SO-2025-00923,2025-11-09,2025-11,APAC,Australia,Priya Nair,CRM Suite (annual),Software,8,828.0,6624.0,1120.0,5504.0
SO-2025-02865,2025-11-09,2025-11,LATAM,Chile,Camila Rojas,Analytics Add-on,Software,14,373.5,5229.0,980.0,4249.0
SO-2025-03178,2025-11-09,2025-11,North America,Mexico,Sofia Ramirez,Noise-Cancel Headset,Accessories,5,240.0,1200.0,590.0,610.0
SO-2025-03303,2025-11-09,2025-11,Europe,United Kingdom,Oliver Smith,Laptop Air 13,Hardware,4,903.0,3612.0,2800.0,812.0
SO-2025-05894,2025-11-09,2025-11,North America,United States,Liam Chen,Analytics Add-on,Software,16,445.5,7128.0,1120.0,6008.0
SO-2025-03726,2025-11-09,2025-11,APAC,Singapore,Chloe Wong,USB-C Dock,Accessories,7,149.4,1045.8,616.0,429.8
SO-2025-04559,2025-11-09,2025-11,Europe,Germany,Emma Laurent,Wireless Mouse,Accessories,8,56.55,452.4,192.0,260.4
SO-2025-03552,2025-11-09,2025-11,North America,Mexico,Ava Thompson,UltraWide Monitor 34,Hardware,4,533.2,2132.8,1640.0,492.8
SO-2025-02799,2025-11-09,2025-11,North America,United States,Ava Thompson,UltraWide Monitor 34,Hardware,2,514.6,1029.2,820.0,209.2
SO-2025-01889,2025-11-10,2025-11,North America,United States,Liam Chen,Laptop Pro 15,Hardware,4,1421.0,5684.0,3920.0,1764.0
SO-2025-02617,2025-11-10,2025-11,Europe,Spain,Oliver Smith,Security Suite,Software,19,665.0,12635.0,2090.0,10545.0
SO-2025-05338,2025-11-10,2025-11,APAC,Singapore,Chloe Wong,Wireless Mouse,Accessories,2,55.9,111.8,48.0,63.8
SO-2025-00489,2025-11-10,2025-11,North America,Canada,Sofia Ramirez,USB-C Dock,Accessories,3,178.2,534.6,264.0,270.6
SO-2025-04960,2025-11-10,2025-11,LATAM,Brazil,Camila Rojas,Analytics Add-on,Software,3,396.0,1188.0,210.0,978.0
SO-2025-00972,2025-11-10,2025-11,Europe,Germany,Noah Muller,Mechanical Keyboard,Accessories,7,110.5,773.5,434.0,339.5
SO-2025-02869,2025-11-10,2025-11,North America,Mexico,Liam Chen,Analytics Add-on,Software,25,414.0,10350.0,1750.0,8600.0
SO-2025-05329,2025-11-10,2025-11,Europe,Germany,Emma Laurent,Noise-Cancel Headset,Accessories,10,225.6,2256.0,1180.0,1076.0
SO-2025-05045,2025-11-10,2025-11,North America,Mexico,Sofia Ramirez,Mechanical Keyboard,Accessories,7,113.1,791.7,434.0,357.7
SO-2025-03301,2025-11-10,2025-11,North America,Canada,Ava Thompson,Security Suite,Software,7,616.0,4312.0,770.0,3542.0
SO-2025-03309,2025-11-10,2025-11,North America,Mexico,Sofia Ramirez,Analytics Add-on,Software,9,441.0,3969.0,630.0,3339.0
SO-2025-05584,2025-11-10,2025-11,North America,Mexico,Sofia Ramirez,USB-C Dock,Accessories,4,160.2,640.8,352.0,288.8
SO-2025-03407,2025-11-10,2025-11,APAC,Singapore,Chloe Wong,Security Suite,Software,23,567.0,13041.0,2530.0,10511.0
SO-2025-01684,2025-11-10,2025-11,North America,Canada,Liam Chen,CRM Suite (annual),Software,24,846.0,20304.0,3360.0,16944.0
SO-2025-05653,2025-11-10,2025-11,North America,Canada,Ava Thompson,Laptop Pro 15,Hardware,4,1276.0,5104.0,3920.0,1184.0
SO-2025-00199,2025-11-10,2025-11,North America,United States,Liam Chen,Wireless Mouse,Accessories,9,63.05,567.45,216.0,351.45
SO-2025-04741,2025-11-10,2025-11,Europe,Spain,Emma Laurent,Noise-Cancel Headset,Accessories,9,206.4,1857.6,1062.0,795.6
SO-2025-02742,2025-11-10,2025-11,North America,Canada,Ava Thompson,Mechanical Keyboard,Accessories,5,111.8,559.0,310.0,249.0
SO-2025-01457,2025-11-10,2025-11,LATAM,Argentina,Camila Rojas,CRM Suite (annual),Software,3,747.0,2241.0,420.0,1821.0
SO-2025-02199,2025-11-10,2025-11,APAC,India,Priya Nair,Analytics Add-on,Software,4,360.0,1440.0,280.0,1160.0
SO-2025-05419,2025-11-11,2025-11,Europe,Spain,Oliver Smith,Laptop Pro 15,Hardware,3,1450.0,4350.0,2940.0,1410.0
SO-2025-05349,2025-11-11,2025-11,Europe,Spain,Emma Laurent,Laptop Pro 15,Hardware,1,1450.0,1450.0,980.0,470.0
SO-2025-04520,2025-11-11,2025-11,Europe,France,Noah Muller,USB-C Dock,Accessories,2,167.4,334.8,176.0,158.8
SO-2025-03699,2025-11-11,2025-11,LATAM,Argentina,Mateo Silva,Analytics Add-on,Software,24,364.5,8748.0,1680.0,7068.0
SO-2025-05049,2025-11-11,2025-11,APAC,Singapore,Priya Nair,Mechanical Keyboard,Accessories,6,122.2,733.2,372.0,361.2
SO-2025-02457,2025-11-11,2025-11,Europe,Germany,Noah Muller,Analytics Add-on,Software,5,436.5,2182.5,350.0,1832.5
SO-2025-02628,2025-11-11,2025-11,APAC,India,Chloe Wong,CRM Suite (annual),Software,13,864.0,11232.0,1820.0,9412.0
SO-2025-05137,2025-11-11,2025-11,Europe,United Kingdom,Oliver Smith,CRM Suite (annual),Software,25,765.0,19125.0,3500.0,15625.0
SO-2025-00518,2025-11-11,2025-11,Europe,Spain,Oliver Smith,Noise-Cancel Headset,Accessories,8,235.2,1881.6,944.0,937.6
SO-2025-02143,2025-11-11,2025-11,North America,United States,Sofia Ramirez,Wireless Mouse,Accessories,1,64.35,64.35,24.0,40.35
SO-2025-00540,2025-11-11,2025-11,Europe,Germany,Oliver Smith,Laptop Pro 15,Hardware,2,1334.0,2668.0,1960.0,708.0
SO-2025-05250,2025-11-11,2025-11,LATAM,Argentina,Diego Fernandez,Security Suite,Software,17,574.0,9758.0,1870.0,7888.0
SO-2025-00412,2025-11-11,2025-11,North America,Mexico,Ava Thompson,Security Suite,Software,13,630.0,8190.0,1430.0,6760.0
SO-2025-04577,2025-11-11,2025-11,North America,United States,Sofia Ramirez,UltraWide Monitor 34,Hardware,2,508.4,1016.8,820.0,196.8
SO-2025-02208,2025-11-11,2025-11,APAC,Japan,Haruto Sato,Security Suite,Software,13,623.0,8099.0,1430.0,6669.0
SO-2025-00335,2025-11-11,2025-11,North America,Canada,Liam Chen,Laptop Air 13,Hardware,2,924.0,1848.0,1400.0,448.0
SO-2025-03850,2025-11-11,2025-11,APAC,India,Haruto Sato,Laptop Air 13,Hardware,3,997.5,2992.5,2100.0,892.5
SO-2025-04176,2025-11-11,2025-11,Europe,Spain,Noah Muller,Mechanical Keyboard,Accessories,6,111.8,670.8,372.0,298.8
SO-2025-05252,2025-11-11,2025-11,North America,Mexico,Sofia Ramirez,CRM Suite (annual),Software,12,783.0,9396.0,1680.0,7716.0
SO-2025-03555,2025-11-11,2025-11,North America,United States,Liam Chen,Mechanical Keyboard,Accessories,2,115.7,231.4,124.0,107.4
SO-2025-02767,2025-11-11,2025-11,APAC,Japan,Chloe Wong,Wireless Mouse,Accessories,1,55.25,55.25,24.0,31.25
SO-2025-01135,2025-11-11,2025-11,Europe,Germany,Oliver Smith,UltraWide Monitor 34,Hardware,4,502.2,2008.8,1640.0,368.8
SO-2025-05644,2025-11-11,2025-11,Europe,France,Noah Muller,Mechanical Keyboard,Accessories,4,117.0,468.0,248.0,220.0
SO-2025-04029,2025-11-11,2025-11,APAC,Japan,Chloe Wong,Security Suite,Software,5,665.0,3325.0,550.0,2775.0
SO-2025-00757,2025-11-11,2025-11,Europe,United Kingdom,Emma Laurent,USB-C Dock,Accessories,7,158.4,1108.8,616.0,492.8
SO-2025-03491,2025-11-11,2025-11,Europe,Germany,Oliver Smith,Laptop Pro 15,Hardware,2,1276.0,2552.0,1960.0,592.0
SO-2025-02715,2025-11-11,2025-11,LATAM,Brazil,Mateo Silva,Laptop Air 13,Hardware,2,850.5,1701.0,1400.0,301.0
SO-2025-04909,2025-11-12,2025-11,LATAM,Argentina,Camila Rojas,Analytics Add-on,Software,1,445.5,445.5,70.0,375.5
SO-2025-04731,2025-11-12,2025-11,APAC,India,Chloe Wong,Mechanical Keyboard,Accessories,4,106.6,426.4,248.0,178.4
SO-2025-03940,2025-11-12,2025-11,Europe,Germany,Noah Muller,Analytics Add-on,Software,23,405.0,9315.0,1610.0,7705.0
SO-2025-00415,2025-11-12,2025-11,APAC,Japan,Chloe Wong,USB-C Dock,Accessories,2,180.0,360.0,176.0,184.0
SO-2025-03111,2025-11-12,2025-11,North America,Mexico,Sofia Ramirez,Analytics Add-on,Software,3,391.5,1174.5,210.0,964.5
SO-2025-02717,2025-11-12,2025-11,Europe,Germany,Noah Muller,USB-C Dock,Accessories,9,160.2,1441.8,792.0,649.8
SO-2025-02975,2025-11-12,2025-11,APAC,Australia,Chloe Wong,USB-C Dock,Accessories,6,154.8,928.8,528.0,400.8
SO-2025-00740,2025-11-12,2025-11,Europe,France,Noah Muller,USB-C Dock,Accessories,3,176.4,529.2,264.0,265.2
SO-2025-04263,2025-11-12,2025-11,Europe,Spain,Noah Muller,Laptop Pro 15,Hardware,1,1203.5,1203.5,980.0,223.5
SO-2025-05265,2025-11-12,2025-11,North America,United States,Liam Chen,Security Suite,Software,8,665.0,5320.0,880.0,4440.0
SO-2025-02877,2025-11-12,2025-11,North America,Mexico,Sofia Ramirez,UltraWide Monitor 34,Hardware,2,589.0,1178.0,820.0,358.0
SO-2025-04794,2025-11-12,2025-11,North America,United States,Ava Thompson,Mechanical Keyboard,Accessories,8,118.3,946.4,496.0,450.4
SO-2025-00140,2025-11-12,2025-11,North America,Canada,Ava Thompson,UltraWide Monitor 34,Hardware,1,564.2,564.2,410.0,154.2
SO-2025-02410,2025-11-12,2025-11,APAC,India,Haruto Sato,Laptop Pro 15,Hardware,4,1377.5,5510.0,3920.0,1590.0
SO-2025-01617,2025-11-12,2025-11,North America,United States,Liam Chen,USB-C Dock,Accessories,7,149.4,1045.8,616.0,429.8
SO-2025-04998,2025-11-12,2025-11,APAC,Japan,Priya Nair,UltraWide Monitor 34,Hardware,1,613.8,613.8,410.0,203.8
SO-2025-02358,2025-11-12,2025-11,Europe,Germany,Oliver Smith,Security Suite,Software,17,651.0,11067.0,1870.0,9197.0
SO-2025-02405,2025-11-12,2025-11,Europe,United Kingdom,Emma Laurent,Wireless Mouse,Accessories,7,54.6,382.2,168.0,214.2
SO-2025-02626,2025-11-13,2025-11,LATAM,Brazil,Diego Fernandez,Noise-Cancel Headset,Accessories,10,237.6,2376.0,1180.0,1196.0
SO-2025-03807,2025-11-13,2025-11,Europe,France,Noah Muller,Wireless Mouse,Accessories,10,62.4,624.0,240.0,384.0
SO-2025-01539,2025-11-13,2025-11,APAC,Australia,Priya Nair,Analytics Add-on,Software,12,418.5,5022.0,840.0,4182.0
SO-2025-02900,2025-11-13,2025-11,North America,Canada,Ava Thompson,UltraWide Monitor 34,Hardware,3,613.8,1841.4,1230.0,611.4
SO-2025-03061,2025-11-13,2025-11,Europe,Spain,Oliver Smith,Wireless Mouse,Accessories,10,62.4,624.0,240.0,384.0
SO-2025-01478,2025-11-13,2025-11,Europe,Germany,Noah Muller,Mechanical Keyboard,Accessories,7,115.7,809.9,434.0,375.9
SO-2025-02539,2025-11-13,2025-11,North America,United States,Ava Thompson,Mechanical Keyboard,Accessories,3,123.5,370.5,186.0,184.5
SO-2025-01188,2025-11-13,2025-11,Europe,United Kingdom,Emma Laurent,Laptop Pro 15,Hardware,2,1203.5,2407.0,1960.0,447.0
SO-2025-05871,2025-11-13,2025-11,North America,United States,Liam Chen,Laptop Air 13,Hardware,1,955.5,955.5,700.0,255.5
SO-2025-03994,2025-11-13,2025-11,APAC,Australia,Chloe Wong,Laptop Air 13,Hardware,4,913.5,3654.0,2800.0,854.0
SO-2025-03618,2025-11-13,2025-11,APAC,Japan,Haruto Sato,Noise-Cancel Headset,Accessories,6,220.8,1324.8,708.0,616.8
SO-2025-01246,2025-11-13,2025-11,Europe,Spain,Noah Muller,Laptop Air 13,Hardware,1,882.0,882.0,700.0,182.0
SO-2025-00570,2025-11-13,2025-11,Europe,Spain,Noah Muller,Laptop Pro 15,Hardware,3,1421.0,4263.0,2940.0,1323.0
SO-2025-03373,2025-11-13,2025-11,North America,United States,Liam Chen,CRM Suite (annual),Software,7,882.0,6174.0,980.0,5194.0
SO-2025-04195,2025-11-13,2025-11,APAC,Singapore,Haruto Sato,USB-C Dock,Accessories,6,165.6,993.6,528.0,465.6
SO-2025-04203,2025-11-13,2025-11,North America,United States,Ava Thompson,Mechanical Keyboard,Accessories,9,114.4,1029.6,558.0,471.6
SO-2025-05851,2025-11-13,2025-11,APAC,Australia,Priya Nair,Security Suite,Software,22,616.0,13552.0,2420.0,11132.0
SO-2025-05146,2025-11-13,2025-11,APAC,Singapore,Haruto Sato,USB-C Dock,Accessories,9,160.2,1441.8,792.0,649.8
SO-2025-03746,2025-11-13,2025-11,Europe,Spain,Noah Muller,Security Suite,Software,11,665.0,7315.0,1210.0,6105.0
SO-2025-01883,2025-11-13,2025-11,APAC,India,Haruto Sato,USB-C Dock,Accessories,8,158.4,1267.2,704.0,563.2
SO-2025-00159,2025-11-13,2025-11,Europe,United Kingdom,Emma Laurent,Wireless Mouse,Accessories,5,60.45,302.25,120.0,182.25
SO-2025-03900,2025-11-14,2025-11,North America,Mexico,Liam Chen,Mechanical Keyboard,Accessories,8,117.0,936.0,496.0,440.0
SO-2025-01513,2025-11-14,2025-11,North America,Canada,Liam Chen,CRM Suite (annual),Software,5,891.0,4455.0,700.0,3755.0
SO-2025-04484,2025-11-14,2025-11,North America,United States,Sofia Ramirez,Wireless Mouse,Accessories,10,59.15,591.5,240.0,351.5
SO-2025-01124,2025-11-14,2025-11,Europe,France,Noah Muller,Wireless Mouse,Accessories,8,64.35,514.8,192.0,322.8
SO-2025-05112,2025-11-14,2025-11,APAC,Japan,Chloe Wong,Analytics Add-on,Software,18,400.5,7209.0,1260.0,5949.0
SO-2025-00676,2025-11-14,2025-11,Europe,United Kingdom,Noah Muller,CRM Suite (annual),Software,20,729.0,14580.0,2800.0,11780.0
SO-2025-00015,2025-11-14,2025-11,Europe,Spain,Emma Laurent,USB-C Dock,Accessories,8,160.2,1281.6,704.0,577.6
SO-2025-03463,2025-11-14,2025-11,Europe,Germany,Oliver Smith,Laptop Air 13,Hardware,4,934.5,3738.0,2800.0,938.0
SO-2025-04446,2025-11-14,2025-11,North America,United States,Liam Chen,Laptop Air 13,Hardware,1,871.5,871.5,700.0,171.5
SO-2025-01853,2025-11-14,2025-11,APAC,Australia,Priya Nair,CRM Suite (annual),Software,18,864.0,15552.0,2520.0,13032.0
SO-2025-05820,2025-11-14,2025-11,Europe,United Kingdom,Noah Muller,Laptop Pro 15,Hardware,4,1290.5,5162.0,3920.0,1242.0
SO-2025-02687,2025-11-14,2025-11,Europe,France,Oliver Smith,CRM Suite (annual),Software,4,783.0,3132.0,560.0,2572.0
SO-2025-04543,2025-11-14,2025-11,Europe,United Kingdom,Oliver Smith,Analytics Add-on,Software,20,418.5,8370.0,1400.0,6970.0
SO-2025-02400,2025-11-14,2025-11,LATAM,Argentina,Diego Fernandez,Noise-Cancel Headset,Accessories,5,220.8,1104.0,590.0,514.0
SO-2025-03643,2025-11-14,2025-11,North America,Mexico,Sofia Ramirez,USB-C Dock,Accessories,6,151.2,907.2,528.0,379.2
SO-2025-00386,2025-11-14,2025-11,North America,Mexico,Ava Thompson,CRM Suite (annual),Software,25,891.0,22275.0,3500.0,18775.0
SO-2025-02068,2025-11-15,2025-11,Europe,Spain,Oliver Smith,Noise-Cancel Headset,Accessories,2,223.2,446.4,236.0,210.4
SO-2025-00755,2025-11-15,2025-11,Europe,United Kingdom,Emma Laurent,Laptop Air 13,Hardware,4,955.5,3822.0,2800.0,1022.0
SO-2025-04287,2025-11-15,2025-11,LATAM,Chile,Diego Fernandez,Analytics Add-on,Software,9,445.5,4009.5,630.0,3379.5
SO-2025-05463,2025-11-15,2025-11,North America,Canada,Liam Chen,CRM Suite (annual),Software,10,738.0,7380.0,1400.0,5980.0
SO-2025-04429,2025-11-15,2025-11,North America,United States,Ava Thompson,CRM Suite (annual),Software,21,846.0,17766.0,2940.0,14826.0
SO-2025-03656,2025-11-15,2025-11,Europe,Spain,Noah Muller,Noise-Cancel Headset,Accessories,3,220.8,662.4,354.0,308.4
SO-2025-00369,2025-11-15,2025-11,LATAM,Argentina,Diego Fernandez,Laptop Pro 15,Hardware,1,1232.5,1232.5,980.0,252.5
SO-2025-02529,2025-11-15,2025-11,Europe,Spain,Oliver Smith,Laptop Air 13,Hardware,2,1018.5,2037.0,1400.0,637.0
SO-2025-01486,2025-11-15,2025-11,Europe,Spain,Noah Muller,Wireless Mouse,Accessories,6,58.5,351.0,144.0,207.0
SO-2025-04707,2025-11-15,2025-11,APAC,Japan,Chloe Wong,Laptop Air 13,Hardware,2,1008.0,2016.0,1400.0,616.0
SO-2025-01267,2025-11-15,2025-11,Europe,France,Emma Laurent,Analytics Add-on,Software,10,387.0,3870.0,700.0,3170.0
SO-2025-04642,2025-11-15,2025-11,North America,Mexico,Sofia Ramirez,Laptop Pro 15,Hardware,3,1174.5,3523.5,2940.0,583.5
SO-2025-05388,2025-11-15,2025-11,North America,Mexico,Liam Chen,Security Suite,Software,7,567.0,3969.0,770.0,3199.0
SO-2025-04647,2025-11-15,2025-11,Europe,Spain,Noah Muller,Analytics Add-on,Software,9,432.0,3888.0,630.0,3258.0
SO-2025-00830,2025-11-16,2025-11,APAC,Australia,Chloe Wong,Wireless Mouse,Accessories,8,61.1,488.8,192.0,296.8
SO-2025-05371,2025-11-16,2025-11,North America,Mexico,Ava Thompson,USB-C Dock,Accessories,4,151.2,604.8,352.0,252.8
SO-2025-04271,2025-11-16,2025-11,APAC,Japan,Haruto Sato,CRM Suite (annual),Software,6,756.0,4536.0,840.0,3696.0
SO-2025-02929,2025-11-16,2025-11,North America,Canada,Sofia Ramirez,Analytics Add-on,Software,15,382.5,5737.5,1050.0,4687.5
SO-2025-00620,2025-11-16,2025-11,APAC,Japan,Priya Nair,CRM Suite (annual),Software,9,837.0,7533.0,1260.0,6273.0
SO-2025-05641,2025-11-16,2025-11,LATAM,Brazil,Camila Rojas,Laptop Pro 15,Hardware,4,1203.5,4814.0,3920.0,894.0
SO-2025-04247,2025-11-16,2025-11,North America,Mexico,Liam Chen,Security Suite,Software,23,679.0,15617.0,2530.0,13087.0
SO-2025-03117,2025-11-16,2025-11,LATAM,Chile,Camila Rojas,UltraWide Monitor 34,Hardware,3,496.0,1488.0,1230.0,258.0
SO-2025-03444,2025-11-16,2025-11,Europe,United Kingdom,Noah Muller,Analytics Add-on,Software,17,423.0,7191.0,1190.0,6001.0
SO-2025-01886,2025-11-16,2025-11,Europe,France,Emma Laurent,Wireless Mouse,Accessories,6,57.2,343.2,144.0,199.2
SO-2025-04300,2025-11-16,2025-11,Europe,United Kingdom,Oliver Smith,Noise-Cancel Headset,Accessories,7,196.8,1377.6,826.0,551.6
SO-2025-02458,2025-11-16,2025-11,APAC,Japan,Chloe Wong,Laptop Pro 15,Hardware,4,1392.0,5568.0,3920.0,1648.0
SO-2025-02664,2025-11-16,2025-11,Europe,France,Noah Muller,UltraWide Monitor 34,Hardware,1,520.8,520.8,410.0,110.8
SO-2025-05524,2025-11-16,2025-11,APAC,India,Haruto Sato,Wireless Mouse,Accessories,2,61.1,122.2,48.0,74.2
SO-2025-02582,2025-11-16,2025-11,North America,Canada,Liam Chen,Laptop Air 13,Hardware,2,840.0,1680.0,1400.0,280.0
SO-2025-03068,2025-11-16,2025-11,North America,Mexico,Sofia Ramirez,Wireless Mouse,Accessories,1,57.2,57.2,24.0,33.2
SO-2025-04009,2025-11-16,2025-11,North America,Mexico,Ava Thompson,Laptop Pro 15,Hardware,3,1261.5,3784.5,2940.0,844.5
SO-2025-03631,2025-11-16,2025-11,Europe,United Kingdom,Emma Laurent,Wireless Mouse,Accessories,9,58.5,526.5,216.0,310.5
SO-2025-04781,2025-11-16,2025-11,Europe,France,Oliver Smith,Wireless Mouse,Accessories,5,60.45,302.25,120.0,182.25
SO-2025-02146,2025-11-17,2025-11,North America,Canada,Liam Chen,Noise-Cancel Headset,Accessories,6,225.6,1353.6,708.0,645.6
SO-2025-04946,2025-11-17,2025-11,LATAM,Argentina,Mateo Silva,Mechanical Keyboard,Accessories,2,122.2,244.4,124.0,120.4
SO-2025-05022,2025-11-17,2025-11,North America,Mexico,Sofia Ramirez,Wireless Mouse,Accessories,7,59.15,414.05,168.0,246.05
SO-2025-04364,2025-11-17,2025-11,North America,Mexico,Ava Thompson,CRM Suite (annual),Software,1,873.0,873.0,140.0,733.0
SO-2025-03097,2025-11-17,2025-11,LATAM,Brazil,Camila Rojas,Wireless Mouse,Accessories,9,55.9,503.1,216.0,287.1
SO-2025-05520,2025-11-17,2025-11,APAC,Singapore,Priya Nair,Security Suite,Software,2,644.0,1288.0,220.0,1068.0
SO-2025-03142,2025-11-17,2025-11,North America,United States,Ava Thompson,Security Suite,Software,16,609.0,9744.0,1760.0,7984.0
SO-2025-04024,2025-11-17,2025-11,Europe,United Kingdom,Noah Muller,Security Suite,Software,19,686.0,13034.0,2090.0,10944.0
SO-2025-02002,2025-11-17,2025-11,Europe,United Kingdom,Emma Laurent,Laptop Air 13,Hardware,1,955.5,955.5,700.0,255.5
SO-2025-05728,2025-11-17,2025-11,Europe,Germany,Noah Muller,Noise-Cancel Headset,Accessories,3,223.2,669.6,354.0,315.6
SO-2025-02262,2025-11-17,2025-11,North America,Canada,Liam Chen,Analytics Add-on,Software,2,450.0,900.0,140.0,760.0
SO-2025-01419,2025-11-17,2025-11,Europe,Germany,Noah Muller,CRM Suite (annual),Software,5,720.0,3600.0,700.0,2900.0
SO-2025-03285,2025-11-17,2025-11,North America,Canada,Liam Chen,Mechanical Keyboard,Accessories,5,118.3,591.5,310.0,281.5
SO-2025-01496,2025-11-17,2025-11,APAC,India,Haruto Sato,Mechanical Keyboard,Accessories,10,128.7,1287.0,620.0,667.0
SO-2025-05409,2025-11-17,2025-11,North America,Mexico,Ava Thompson,USB-C Dock,Accessories,1,160.2,160.2,88.0,72.2
SO-2025-04963,2025-11-17,2025-11,North America,Canada,Sofia Ramirez,Wireless Mouse,Accessories,1,57.85,57.85,24.0,33.85
SO-2025-03646,2025-11-17,2025-11,LATAM,Brazil,Diego Fernandez,Wireless Mouse,Accessories,4,58.5,234.0,96.0,138.0
SO-2025-02183,2025-11-17,2025-11,Europe,Spain,Oliver Smith,Laptop Air 13,Hardware,4,966.0,3864.0,2800.0,1064.0
SO-2025-01000,2025-11-17,2025-11,North America,United States,Liam Chen,Wireless Mouse,Accessories,10,61.75,617.5,240.0,377.5
SO-2025-04530,2025-11-17,2025-11,APAC,Australia,Chloe Wong,Laptop Air 13,Hardware,4,882.0,3528.0,2800.0,728.0
SO-2025-05631,2025-11-17,2025-11,Europe,United Kingdom,Oliver Smith,Security Suite,Software,25,665.0,16625.0,2750.0,13875.0
SO-2025-04253,2025-11-17,2025-11,Europe,Spain,Oliver Smith,UltraWide Monitor 34,Hardware,4,589.0,2356.0,1640.0,716.0
SO-2025-05006,2025-11-17,2025-11,LATAM,Chile,Diego Fernandez,Noise-Cancel Headset,Accessories,7,223.2,1562.4,826.0,736.4
SO-2025-00879,2025-11-18,2025-11,Europe,United Kingdom,Emma Laurent,Wireless Mouse,Accessories,2,63.7,127.4,48.0,79.4
SO-2025-03213,2025-11-18,2025-11,North America,Mexico,Sofia Ramirez,Analytics Add-on,Software,17,391.5,6655.5,1190.0,5465.5
SO-2025-03507,2025-11-18,2025-11,APAC,Australia,Chloe Wong,Security Suite,Software,12,609.0,7308.0,1320.0,5988.0
SO-2025-02071,2025-11-18,2025-11,North America,Mexico,Liam Chen,Laptop Pro 15,Hardware,4,1218.0,4872.0,3920.0,952.0
SO-2025-02118,2025-11-18,2025-11,APAC,Australia,Haruto Sato,Wireless Mouse,Accessories,5,57.85,289.25,120.0,169.25
SO-2025-05731,2025-11-18,2025-11,LATAM,Chile,Camila Rojas,Security Suite,Software,25,693.0,17325.0,2750.0,14575.0
SO-2025-03511,2025-11-18,2025-11,North America,Mexico,Liam Chen,Mechanical Keyboard,Accessories,7,104.0,728.0,434.0,294.0
SO-2025-02352,2025-11-18,2025-11,APAC,Japan,Haruto Sato,Wireless Mouse,Accessories,3,56.55,169.65,72.0,97.65
SO-2025-04934,2025-11-18,2025-11,North America,Mexico,Ava Thompson,Analytics Add-on,Software,18,427.5,7695.0,1260.0,6435.0
SO-2025-05913,2025-11-18,2025-11,North America,Canada,Ava Thompson,Mechanical Keyboard,Accessories,6,117.0,702.0,372.0,330.0
SO-2025-01554,2025-11-18,2025-11,Europe,Germany,Emma Laurent,Wireless Mouse,Accessories,8,58.5,468.0,192.0,276.0
SO-2025-04890,2025-11-18,2025-11,LATAM,Chile,Camila Rojas,Wireless Mouse,Accessories,5,54.6,273.0,120.0,153.0
SO-2025-00030,2025-11-18,2025-11,North America,Mexico,Sofia Ramirez,Analytics Add-on,Software,3,364.5,1093.5,210.0,883.5
SO-2025-00251,2025-11-18,2025-11,Europe,France,Emma Laurent,Analytics Add-on,Software,12,418.5,5022.0,840.0,4182.0
SO-2025-04950,2025-11-18,2025-11,LATAM,Brazil,Camila Rojas,Noise-Cancel Headset,Accessories,10,208.8,2088.0,1180.0,908.0
SO-2025-01435,2025-11-18,2025-11,North America,Mexico,Sofia Ramirez,Wireless Mouse,Accessories,10,63.7,637.0,240.0,397.0
SO-2025-01652,2025-11-18,2025-11,North America,Mexico,Sofia Ramirez,Security Suite,Software,23,700.0,16100.0,2530.0,13570.0
SO-2025-00217,2025-11-18,2025-11,North America,United States,Ava Thompson,Mechanical Keyboard,Accessories,5,122.2,611.0,310.0,301.0
SO-2025-05094,2025-11-18,2025-11,North America,Canada,Sofia Ramirez,CRM Suite (annual),Software,19,837.0,15903.0,2660.0,13243.0
SO-2025-04413,2025-11-19,2025-11,Europe,France,Noah Muller,Security Suite,Software,12,560.0,6720.0,1320.0,5400.0
SO-2025-03216,2025-11-19,2025-11,Europe,Spain,Oliver Smith,Noise-Cancel Headset,Accessories,4,230.4,921.6,472.0,449.6
SO-2025-04497,2025-11-19,2025-11,North America,United States,Liam Chen,Wireless Mouse,Accessories,6,57.2,343.2,144.0,199.2
SO-2025-01427,2025-11-19,2025-11,Europe,Germany,Oliver Smith,USB-C Dock,Accessories,10,147.6,1476.0,880.0,596.0
SO-2025-00749,2025-11-19,2025-11,North America,United States,Liam Chen,Noise-Cancel Headset,Accessories,6,213.6,1281.6,708.0,573.6
SO-2025-05231,2025-11-19,2025-11,North America,United States,Sofia Ramirez,Analytics Add-on,Software,1,423.0,423.0,70.0,353.0
SO-2025-01353,2025-11-19,2025-11,Europe,Spain,Oliver Smith,Laptop Air 13,Hardware,3,945.0,2835.0,2100.0,735.0
SO-2025-05238,2025-11-19,2025-11,APAC,Australia,Priya Nair,CRM Suite (annual),Software,20,783.0,15660.0,2800.0,12860.0
SO-2025-00587,2025-11-19,2025-11,Europe,United Kingdom,Emma Laurent,Noise-Cancel Headset,Accessories,6,220.8,1324.8,708.0,616.8
SO-2025-02192,2025-11-19,2025-11,Europe,Germany,Noah Muller,Mechanical Keyboard,Accessories,2,122.2,244.4,124.0,120.4
SO-2025-04713,2025-11-19,2025-11,APAC,Japan,Haruto Sato,UltraWide Monitor 34,Hardware,1,558.0,558.0,410.0,148.0
SO-2025-04522,2025-11-19,2025-11,North America,United States,Sofia Ramirez,Mechanical Keyboard,Accessories,6,120.9,725.4,372.0,353.4
SO-2025-02908,2025-11-19,2025-11,APAC,Japan,Priya Nair,Wireless Mouse,Accessories,9,60.45,544.05,216.0,328.05
SO-2025-00610,2025-11-19,2025-11,APAC,Singapore,Haruto Sato,Security Suite,Software,17,658.0,11186.0,1870.0,9316.0
SO-2025-04080,2025-11-19,2025-11,North America,Canada,Ava Thompson,Security Suite,Software,24,665.0,15960.0,2640.0,13320.0
SO-2025-05797,2025-11-19,2025-11,North America,United States,Liam Chen,UltraWide Monitor 34,Hardware,3,620.0,1860.0,1230.0,630.0
SO-2025-05356,2025-11-19,2025-11,North America,United States,Liam Chen,Mechanical Keyboard,Accessories,8,110.5,884.0,496.0,388.0
SO-2025-03516,2025-11-19,2025-11,North America,Mexico,Liam Chen,Noise-Cancel Headset,Accessories,1,228.0,228.0,118.0,110.0
SO-2025-02508,2025-11-19,2025-11,Europe,Spain,Emma Laurent,Analytics Add-on,Software,6,441.0,2646.0,420.0,2226.0
SO-2025-01789,2025-11-19,2025-11,Europe,United Kingdom,Noah Muller,Laptop Air 13,Hardware,4,1008.0,4032.0,2800.0,1232.0
SO-2025-01659,2025-11-19,2025-11,North America,Canada,Liam Chen,Security Suite,Software,6,623.0,3738.0,660.0,3078.0
SO-2025-04724,2025-11-20,2025-11,APAC,Singapore,Chloe Wong,USB-C Dock,Accessories,8,162.0,1296.0,704.0,592.0
SO-2025-01279,2025-11-20,2025-11,North America,Canada,Ava Thompson,Laptop Air 13,Hardware,1,892.5,892.5,700.0,192.5
SO-2025-05829,2025-11-20,2025-11,North America,Canada,Ava Thompson,Security Suite,Software,24,581.0,13944.0,2640.0,11304.0
SO-2025-02238,2025-11-20,2025-11,APAC,Australia,Chloe Wong,Analytics Add-on,Software,14,360.0,5040.0,980.0,4060.0
SO-2025-05604,2025-11-20,2025-11,North America,United States,Liam Chen,CRM Suite (annual),Software,23,846.0,19458.0,3220.0,16238.0
SO-2025-04776,2025-11-20,2025-11,APAC,Australia,Haruto Sato,Analytics Add-on,Software,24,427.5,10260.0,1680.0,8580.0
SO-2025-01998,2025-11-20,2025-11,North America,Mexico,Sofia Ramirez,Laptop Air 13,Hardware,4,850.5,3402.0,2800.0,602.0
SO-2025-04782,2025-11-20,2025-11,APAC,India,Chloe Wong,Noise-Cancel Headset,Accessories,8,204.0,1632.0,944.0,688.0
SO-2025-01857,2025-11-20,2025-11,North America,Mexico,Sofia Ramirez,Security Suite,Software,15,609.0,9135.0,1650.0,7485.0
SO-2025-04519,2025-11-20,2025-11,Europe,Germany,Oliver Smith,Analytics Add-on,Software,24,436.5,10476.0,1680.0,8796.0
SO-2025-02906,2025-11-20,2025-11,APAC,Australia,Priya Nair,USB-C Dock,Accessories,2,180.0,360.0,176.0,184.0
SO-2025-00975,2025-11-20,2025-11,North America,Mexico,Liam Chen,Laptop Air 13,Hardware,3,850.5,2551.5,2100.0,451.5
SO-2025-00340,2025-11-20,2025-11,Europe,United Kingdom,Noah Muller,CRM Suite (annual),Software,22,783.0,17226.0,3080.0,14146.0
SO-2025-05012,2025-11-20,2025-11,Europe,Spain,Oliver Smith,Noise-Cancel Headset,Accessories,8,216.0,1728.0,944.0,784.0
SO-2025-04881,2025-11-20,2025-11,APAC,Japan,Haruto Sato,UltraWide Monitor 34,Hardware,1,582.8,582.8,410.0,172.8
SO-2025-03005,2025-11-20,2025-11,North America,United States,Sofia Ramirez,Analytics Add-on,Software,16,400.5,6408.0,1120.0,5288.0
SO-2025-00959,2025-11-20,2025-11,APAC,India,Chloe Wong,Mechanical Keyboard,Accessories,3,122.2,366.6,186.0,180.6
SO-2025-00950,2025-11-20,2025-11,North America,Canada,Sofia Ramirez,Noise-Cancel Headset,Accessories,7,230.4,1612.8,826.0,786.8
SO-2025-02553,2025-11-20,2025-11,LATAM,Argentina,Diego Fernandez,Laptop Pro 15,Hardware,3,1392.0,4176.0,2940.0,1236.0
SO-2025-04008,2025-11-20,2025-11,North America,Mexico,Sofia Ramirez,Security Suite,Software,23,588.0,13524.0,2530.0,10994.0
SO-2025-02518,2025-11-20,2025-11,APAC,Japan,Chloe Wong,Security Suite,Software,20,567.0,11340.0,2200.0,9140.0
SO-2025-04658,2025-11-20,2025-11,APAC,Australia,Haruto Sato,Noise-Cancel Headset,Accessories,10,225.6,2256.0,1180.0,1076.0
SO-2025-02734,2025-11-20,2025-11,North America,Mexico,Ava Thompson,Wireless Mouse,Accessories,3,52.65,157.95,72.0,85.95
SO-2025-03158,2025-11-20,2025-11,APAC,India,Chloe Wong,Security Suite,Software,17,637.0,10829.0,1870.0,8959.0
SO-2025-04631,2025-11-20,2025-11,LATAM,Chile,Diego Fernandez,Security Suite,Software,21,623.0,13083.0,2310.0,10773.0
SO-2025-02428,2025-11-20,2025-11,Europe,Spain,Oliver Smith,UltraWide Monitor 34,Hardware,3,601.4,1804.2,1230.0,574.2
SO-2025-01781,2025-11-20,2025-11,North America,Canada,Sofia Ramirez,Laptop Air 13,Hardware,1,924.0,924.0,700.0,224.0
SO-2025-03757,2025-11-20,2025-11,APAC,India,Haruto Sato,Noise-Cancel Headset,Accessories,7,196.8,1377.6,826.0,551.6
SO-2025-00445,2025-11-21,2025-11,Europe,Germany,Noah Muller,Laptop Pro 15,Hardware,2,1261.5,2523.0,1960.0,563.0
SO-2025-05187,2025-11-21,2025-11,North America,Canada,Sofia Ramirez,Wireless Mouse,Accessories,1,59.8,59.8,24.0,35.8
SO-2025-05322,2025-11-21,2025-11,Europe,Spain,Oliver Smith,Wireless Mouse,Accessories,10,55.25,552.5,240.0,312.5
SO-2025-05545,2025-11-21,2025-11,APAC,Japan,Haruto Sato,CRM Suite (annual),Software,7,810.0,5670.0,980.0,4690.0
SO-2025-05319,2025-11-21,2025-11,North America,Canada,Liam Chen,Noise-Cancel Headset,Accessories,5,218.4,1092.0,590.0,502.0
SO-2025-01209,2025-11-21,2025-11,North America,United States,Sofia Ramirez,Security Suite,Software,6,581.0,3486.0,660.0,2826.0
SO-2025-05803,2025-11-21,2025-11,APAC,Japan,Chloe Wong,Mechanical Keyboard,Accessories,3,120.9,362.7,186.0,176.7
SO-2025-01316,2025-11-21,2025-11,North America,Mexico,Ava Thompson,Security Suite,Software,17,630.0,10710.0,1870.0,8840.0
SO-2025-05547,2025-11-21,2025-11,North America,Mexico,Ava Thompson,Security Suite,Software,18,616.0,11088.0,1980.0,9108.0
SO-2025-00468,2025-11-21,2025-11,North America,United States,Liam Chen,Noise-Cancel Headset,Accessories,9,240.0,2160.0,1062.0,1098.0
SO-2025-05735,2025-11-21,2025-11,Europe,United Kingdom,Emma Laurent,UltraWide Monitor 34,Hardware,2,564.2,1128.4,820.0,308.4
SO-2025-03707,2025-11-21,2025-11,LATAM,Chile,Camila Rojas,Wireless Mouse,Accessories,3,57.85,173.55,72.0,101.55
SO-2025-04476,2025-11-21,2025-11,North America,Mexico,Ava Thompson,UltraWide Monitor 34,Hardware,3,589.0,1767.0,1230.0,537.0
SO-2025-03386,2025-11-21,2025-11,North America,Mexico,Ava Thompson,Wireless Mouse,Accessories,2,54.6,109.2,48.0,61.2
SO-2025-04873,2025-11-21,2025-11,North America,United States,Sofia Ramirez,UltraWide Monitor 34,Hardware,3,527.0,1581.0,1230.0,351.0
SO-2025-03635,2025-11-21,2025-11,North America,Canada,Sofia Ramirez,Laptop Pro 15,Hardware,3,1276.0,3828.0,2940.0,888.0
SO-2025-04940,2025-11-21,2025-11,APAC,Australia,Chloe Wong,Laptop Pro 15,Hardware,1,1276.0,1276.0,980.0,296.0
SO-2025-04231,2025-11-21,2025-11,Europe,United Kingdom,Emma Laurent,Security Suite,Software,23,574.0,13202.0,2530.0,10672.0
SO-2025-04119,2025-11-21,2025-11,Europe,France,Emma Laurent,Laptop Air 13,Hardware,3,861.0,2583.0,2100.0,483.0
SO-2025-03139,2025-11-21,2025-11,North America,United States,Liam Chen,Wireless Mouse,Accessories,4,57.2,228.8,96.0,132.8
SO-2025-02406,2025-11-21,2025-11,APAC,Japan,Haruto Sato,CRM Suite (annual),Software,6,891.0,5346.0,840.0,4506.0
SO-2025-00202,2025-11-21,2025-11,North America,United States,Ava Thompson,Laptop Pro 15,Hardware,4,1247.0,4988.0,3920.0,1068.0
SO-2025-02781,2025-11-22,2025-11,Europe,United Kingdom,Noah Muller,Noise-Cancel Headset,Accessories,8,194.4,1555.2,944.0,611.2
SO-2025-02540,2025-11-22,2025-11,North America,Mexico,Liam Chen,Security Suite,Software,18,602.0,10836.0,1980.0,8856.0
SO-2025-02562,2025-11-22,2025-11,North America,United States,Liam Chen,Analytics Add-on,Software,17,378.0,6426.0,1190.0,5236.0
SO-2025-04304,2025-11-22,2025-11,APAC,India,Priya Nair,Mechanical Keyboard,Accessories,3,118.3,354.9,186.0,168.9
SO-2025-03781,2025-11-22,2025-11,Europe,Spain,Emma Laurent,Wireless Mouse,Accessories,4,60.45,241.8,96.0,145.8
SO-2025-02843,2025-11-22,2025-11,North America,Canada,Ava Thompson,Mechanical Keyboard,Accessories,4,122.2,488.8,248.0,240.8
SO-2025-02332,2025-11-22,2025-11,North America,United States,Ava Thompson,USB-C Dock,Accessories,2,145.8,291.6,176.0,115.6
SO-2025-00591,2025-11-22,2025-11,North America,United States,Liam Chen,Analytics Add-on,Software,6,441.0,2646.0,420.0,2226.0
SO-2025-04074,2025-11-22,2025-11,North America,United States,Sofia Ramirez,Mechanical Keyboard,Accessories,9,107.9,971.1,558.0,413.1
SO-2025-00575,2025-11-22,2025-11,North America,Canada,Sofia Ramirez,Laptop Air 13,Hardware,4,945.0,3780.0,2800.0,980.0
SO-2025-00220,2025-11-22,2025-11,North America,United States,Ava Thompson,Analytics Add-on,Software,22,378.0,8316.0,1540.0,6776.0
SO-2025-02100,2025-11-22,2025-11,North America,Canada,Liam Chen,Wireless Mouse,Accessories,5,65.0,325.0,120.0,205.0
SO-2025-04849,2025-11-22,2025-11,LATAM,Argentina,Camila Rojas,Analytics Add-on,Software,24,409.5,9828.0,1680.0,8148.0
SO-2025-04756,2025-11-22,2025-11,North America,United States,Ava Thompson,Analytics Add-on,Software,9,441.0,3969.0,630.0,3339.0
SO-2025-02585,2025-11-22,2025-11,Europe,Germany,Noah Muller,CRM Suite (annual),Software,12,828.0,9936.0,1680.0,8256.0
SO-2025-01224,2025-11-22,2025-11,LATAM,Chile,Diego Fernandez,USB-C Dock,Accessories,7,162.0,1134.0,616.0,518.0
SO-2025-04709,2025-11-22,2025-11,Europe,France,Noah Muller,Security Suite,Software,4,693.0,2772.0,440.0,2332.0
SO-2025-02680,2025-11-22,2025-11,North America,Canada,Ava Thompson,USB-C Dock,Accessories,9,147.6,1328.4,792.0,536.4
SO-2025-02213,2025-11-22,2025-11,North America,United States,Liam Chen,Laptop Pro 15,Hardware,1,1232.5,1232.5,980.0,252.5
SO-2025-04868,2025-11-22,2025-11,LATAM,Argentina,Mateo Silva,Wireless Mouse,Accessories,6,53.95,323.7,144.0,179.7
SO-2025-05464,2025-11-22,2025-11,Europe,Spain,Emma Laurent,Noise-Cancel Headset,Accessories,2,225.6,451.2,236.0,215.2
SO-2025-04618,2025-11-22,2025-11,Europe,United Kingdom,Noah Muller,USB-C Dock,Accessories,9,149.4,1344.6,792.0,552.6
SO-2025-05648,2025-11-22,2025-11,Europe,Spain,Oliver Smith,Wireless Mouse,Accessories,9,56.55,508.95,216.0,292.95
SO-2025-04622,2025-11-22,2025-11,Europe,Spain,Emma Laurent,Analytics Add-on,Software,16,378.0,6048.0,1120.0,4928.0
SO-2025-03706,2025-11-23,2025-11,North America,United States,Ava Thompson,Mechanical Keyboard,Accessories,4,126.1,504.4,248.0,256.4
SO-2025-03567,2025-11-23,2025-11,APAC,Singapore,Haruto Sato,Analytics Add-on,Software,8,396.0,3168.0,560.0,2608.0
SO-2025-04387,2025-11-23,2025-11,North America,Mexico,Liam Chen,Security Suite,Software,9,693.0,6237.0,990.0,5247.0
SO-2025-02483,2025-11-23,2025-11,LATAM,Chile,Camila Rojas,Laptop Pro 15,Hardware,2,1406.5,2813.0,1960.0,853.0
SO-2025-04723,2025-11-23,2025-11,Europe,United Kingdom,Emma Laurent,Mechanical Keyboard,Accessories,2,111.8,223.6,124.0,99.6
SO-2025-00672,2025-11-23,2025-11,APAC,Australia,Haruto Sato,Laptop Pro 15,Hardware,3,1406.5,4219.5,2940.0,1279.5
SO-2025-01401,2025-11-23,2025-11,APAC,Singapore,Priya Nair,Laptop Air 13,Hardware,3,945.0,2835.0,2100.0,735.0
SO-2025-01349,2025-11-23,2025-11,APAC,Singapore,Haruto Sato,Security Suite,Software,8,630.0,5040.0,880.0,4160.0
SO-2025-04284,2025-11-23,2025-11,North America,Canada,Sofia Ramirez,Wireless Mouse,Accessories,9,63.7,573.3,216.0,357.3
SO-2025-05276,2025-11-23,2025-11,Europe,Spain,Oliver Smith,Laptop Air 13,Hardware,3,934.5,2803.5,2100.0,703.5
SO-2025-01748,2025-11-23,2025-11,APAC,Singapore,Priya Nair,UltraWide Monitor 34,Hardware,1,607.6,607.6,410.0,197.6
SO-2025-04802,2025-11-23,2025-11,North America,United States,Liam Chen,USB-C Dock,Accessories,1,180.0,180.0,88.0,92.0
SO-2025-02036,2025-11-23,2025-11,Europe,United Kingdom,Noah Muller,Wireless Mouse,Accessories,1,63.05,63.05,24.0,39.05
SO-2025-01753,2025-11-23,2025-11,Europe,Spain,Oliver Smith,USB-C Dock,Accessories,7,178.2,1247.4,616.0,631.4
SO-2025-04226,2025-11-23,2025-11,North America,United States,Ava Thompson,Laptop Pro 15,Hardware,3,1276.0,3828.0,2940.0,888.0
SO-2025-04793,2025-11-23,2025-11,Europe,Germany,Oliver Smith,Wireless Mouse,Accessories,10,62.4,624.0,240.0,384.0
SO-2025-03468,2025-11-23,2025-11,APAC,Australia,Priya Nair,Security Suite,Software,21,574.0,12054.0,2310.0,9744.0
SO-2025-02945,2025-11-23,2025-11,Europe,Spain,Oliver Smith,Mechanical Keyboard,Accessories,3,118.3,354.9,186.0,168.9
SO-2025-00083,2025-11-23,2025-11,North America,United States,Sofia Ramirez,USB-C Dock,Accessories,5,158.4,792.0,440.0,352.0
SO-2025-00584,2025-11-23,2025-11,Europe,Germany,Emma Laurent,Analytics Add-on,Software,13,418.5,5440.5,910.0,4530.5
SO-2025-04578,2025-11-23,2025-11,Europe,Spain,Emma Laurent,Wireless Mouse,Accessories,4,62.4,249.6,96.0,153.6
SO-2025-02135,2025-11-23,2025-11,Europe,Germany,Oliver Smith,Wireless Mouse,Accessories,7,55.9,391.3,168.0,223.3
SO-2025-01702,2025-11-24,2025-11,APAC,Singapore,Haruto Sato,Wireless Mouse,Accessories,5,65.0,325.0,120.0,205.0
SO-2025-02425,2025-11-24,2025-11,Europe,Spain,Oliver Smith,USB-C Dock,Accessories,3,147.6,442.8,264.0,178.8
SO-2025-02649,2025-11-24,2025-11,Europe,France,Oliver Smith,Analytics Add-on,Software,15,382.5,5737.5,1050.0,4687.5
SO-2025-00991,2025-11-24,2025-11,Europe,France,Noah Muller,Wireless Mouse,Accessories,8,58.5,468.0,192.0,276.0
SO-2025-04377,2025-11-24,2025-11,North America,United States,Sofia Ramirez,UltraWide Monitor 34,Hardware,1,496.0,496.0,410.0,86.0
SO-2025-03067,2025-11-24,2025-11,LATAM,Brazil,Mateo Silva,Mechanical Keyboard,Accessories,1,124.8,124.8,62.0,62.8
SO-2025-02393,2025-11-24,2025-11,APAC,Singapore,Priya Nair,Wireless Mouse,Accessories,1,60.45,60.45,24.0,36.45
SO-2025-01555,2025-11-24,2025-11,North America,United States,Liam Chen,CRM Suite (annual),Software,13,873.0,11349.0,1820.0,9529.0
SO-2025-02305,2025-11-24,2025-11,LATAM,Chile,Camila Rojas,Noise-Cancel Headset,Accessories,2,225.6,451.2,236.0,215.2
SO-2025-00304,2025-11-24,2025-11,North America,Canada,Sofia Ramirez,Security Suite,Software,19,602.0,11438.0,2090.0,9348.0
SO-2025-01608,2025-11-24,2025-11,APAC,Singapore,Chloe Wong,Laptop Pro 15,Hardware,4,1261.5,5046.0,3920.0,1126.0
SO-2025-02523,2025-11-24,2025-11,North America,Canada,Liam Chen,USB-C Dock,Accessories,4,154.8,619.2,352.0,267.2
SO-2025-05746,2025-11-24,2025-11,APAC,India,Haruto Sato,USB-C Dock,Accessories,6,153.0,918.0,528.0,390.0
SO-2025-05668,2025-11-24,2025-11,APAC,India,Haruto Sato,USB-C Dock,Accessories,5,165.6,828.0,440.0,388.0
SO-2025-05536,2025-11-24,2025-11,North America,Canada,Sofia Ramirez,Analytics Add-on,Software,5,373.5,1867.5,350.0,1517.5
SO-2025-03433,2025-11-24,2025-11,North America,United States,Liam Chen,Security Suite,Software,18,672.0,12096.0,1980.0,10116.0
SO-2025-02278,2025-11-24,2025-11,APAC,India,Priya Nair,UltraWide Monitor 34,Hardware,1,551.8,551.8,410.0,141.8
SO-2025-05016,2025-11-24,2025-11,Europe,France,Emma Laurent,Security Suite,Software,22,637.0,14014.0,2420.0,11594.0
SO-2025-00245,2025-11-24,2025-11,North America,Canada,Liam Chen,Laptop Pro 15,Hardware,1,1290.5,1290.5,980.0,310.5
SO-2025-02937,2025-11-25,2025-11,North America,United States,Ava Thompson,Wireless Mouse,Accessories,4,59.15,236.6,96.0,140.6
SO-2025-00817,2025-11-25,2025-11,Europe,Germany,Noah Muller,Laptop Air 13,Hardware,3,945.0,2835.0,2100.0,735.0
SO-2025-00741,2025-11-25,2025-11,North America,United States,Liam Chen,Wireless Mouse,Accessories,8,53.3,426.4,192.0,234.4
SO-2025-03001,2025-11-25,2025-11,Europe,Germany,Emma Laurent,Analytics Add-on,Software,5,414.0,2070.0,350.0,1720.0
SO-2025-00739,2025-11-25,2025-11,North America,Canada,Sofia Ramirez,Laptop Pro 15,Hardware,4,1421.0,5684.0,3920.0,1764.0
SO-2025-04266,2025-11-25,2025-11,Europe,Germany,Emma Laurent,Analytics Add-on,Software,8,400.5,3204.0,560.0,2644.0
SO-2025-00929,2025-11-25,2025-11,LATAM,Argentina,Camila Rojas,Analytics Add-on,Software,8,396.0,3168.0,560.0,2608.0
SO-2025-01639,2025-11-25,2025-11,APAC,Singapore,Chloe Wong,Wireless Mouse,Accessories,4,59.8,239.2,96.0,143.2
SO-2025-03990,2025-11-25,2025-11,North America,Mexico,Sofia Ramirez,Analytics Add-on,Software,19,432.0,8208.0,1330.0,6878.0
SO-2025-05314,2025-11-25,2025-11,LATAM,Brazil,Mateo Silva,Security Suite,Software,1,686.0,686.0,110.0,576.0
SO-2025-00315,2025-11-25,2025-11,North America,Canada,Liam Chen,Mechanical Keyboard,Accessories,8,128.7,1029.6,496.0,533.6
SO-2025-00469,2025-11-25,2025-11,APAC,Singapore,Haruto Sato,Noise-Cancel Headset,Accessories,10,201.6,2016.0,1180.0,836.0
SO-2025-03947,2025-11-25,2025-11,North America,Mexico,Ava Thompson,Analytics Add-on,Software,2,445.5,891.0,140.0,751.0
SO-2025-00887,2025-11-25,2025-11,APAC,Australia,Chloe Wong,USB-C Dock,Accessories,2,151.2,302.4,176.0,126.4
SO-2025-00060,2025-11-25,2025-11,North America,Canada,Ava Thompson,Analytics Add-on,Software,5,450.0,2250.0,350.0,1900.0
SO-2025-05758,2025-11-25,2025-11,North America,Mexico,Ava Thompson,Laptop Air 13,Hardware,1,987.0,987.0,700.0,287.0
SO-2025-03826,2025-11-25,2025-11,Europe,France,Noah Muller,UltraWide Monitor 34,Hardware,4,551.8,2207.2,1640.0,567.2
SO-2025-01332,2025-11-25,2025-11,APAC,India,Priya Nair,Noise-Cancel Headset,Accessories,2,232.8,465.6,236.0,229.6
SO-2025-02194,2025-11-26,2025-11,APAC,India,Haruto Sato,Analytics Add-on,Software,14,414.0,5796.0,980.0,4816.0
SO-2025-00475,2025-11-26,2025-11,APAC,Singapore,Chloe Wong,Mechanical Keyboard,Accessories,3,111.8,335.4,186.0,149.4
SO-2025-01455,2025-11-26,2025-11,North America,Canada,Sofia Ramirez,Mechanical Keyboard,Accessories,2,115.7,231.4,124.0,107.4
SO-2025-05218,2025-11-26,2025-11,Europe,France,Noah Muller,Mechanical Keyboard,Accessories,10,123.5,1235.0,620.0,615.0
SO-2025-04096,2025-11-26,2025-11,Europe,Germany,Noah Muller,USB-C Dock,Accessories,4,145.8,583.2,352.0,231.2
SO-2025-04720,2025-11-26,2025-11,North America,Canada,Ava Thompson,Laptop Pro 15,Hardware,3,1421.0,4263.0,2940.0,1323.0
SO-2025-03414,2025-11-26,2025-11,Europe,Germany,Noah Muller,Laptop Air 13,Hardware,2,861.0,1722.0,1400.0,322.0
SO-2025-04784,2025-11-26,2025-11,North America,Mexico,Ava Thompson,USB-C Dock,Accessories,3,149.4,448.2,264.0,184.2
SO-2025-03000,2025-11-26,2025-11,North America,Canada,Sofia Ramirez,UltraWide Monitor 34,Hardware,1,601.4,601.4,410.0,191.4
SO-2025-04366,2025-11-26,2025-11,North America,Canada,Ava Thompson,Security Suite,Software,3,574.0,1722.0,330.0,1392.0
SO-2025-02010,2025-11-26,2025-11,APAC,Australia,Chloe Wong,Analytics Add-on,Software,13,427.5,5557.5,910.0,4647.5
SO-2025-03853,2025-11-26,2025-11,North America,United States,Liam Chen,Mechanical Keyboard,Accessories,5,106.6,533.0,310.0,223.0
SO-2025-02596,2025-11-26,2025-11,North America,Canada,Ava Thompson,Wireless Mouse,Accessories,3,56.55,169.65,72.0,97.65
SO-2025-00530,2025-11-26,2025-11,North America,United States,Ava Thompson,Wireless Mouse,Accessories,1,56.55,56.55,24.0,32.55
SO-2025-05387,2025-11-26,2025-11,Europe,Spain,Emma Laurent,UltraWide Monitor 34,Hardware,2,589.0,1178.0,820.0,358.0
SO-2025-01180,2025-11-26,2025-11,APAC,Japan,Haruto Sato,Wireless Mouse,Accessories,2,61.1,122.2,48.0,74.2
SO-2025-01847,2025-11-26,2025-11,North America,Mexico,Liam Chen,Laptop Pro 15,Hardware,4,1160.0,4640.0,3920.0,720.0
SO-2025-00970,2025-11-26,2025-11,Europe,France,Noah Muller,CRM Suite (annual),Software,18,729.0,13122.0,2520.0,10602.0
SO-2025-04047,2025-11-26,2025-11,Europe,Spain,Oliver Smith,Wireless Mouse,Accessories,5,65.0,325.0,120.0,205.0
SO-2025-02818,2025-11-26,2025-11,APAC,Australia,Priya Nair,Noise-Cancel Headset,Accessories,4,208.8,835.2,472.0,363.2
SO-2025-03214,2025-11-26,2025-11,APAC,Australia,Haruto Sato,Noise-Cancel Headset,Accessories,8,240.0,1920.0,944.0,976.0
SO-2025-03052,2025-11-26,2025-11,North America,Canada,Sofia Ramirez,Laptop Pro 15,Hardware,2,1203.5,2407.0,1960.0,447.0
SO-2025-00173,2025-11-26,2025-11,North America,Canada,Sofia Ramirez,Laptop Pro 15,Hardware,1,1319.5,1319.5,980.0,339.5
SO-2025-05626,2025-11-26,2025-11,North America,Canada,Sofia Ramirez,Laptop Air 13,Hardware,3,892.5,2677.5,2100.0,577.5
SO-2025-03860,2025-11-26,2025-11,North America,Canada,Liam Chen,Laptop Air 13,Hardware,1,955.5,955.5,700.0,255.5
SO-2025-00743,2025-11-27,2025-11,LATAM,Chile,Diego Fernandez,Security Suite,Software,7,602.0,4214.0,770.0,3444.0
SO-2025-05868,2025-11-27,2025-11,North America,Canada,Liam Chen,UltraWide Monitor 34,Hardware,4,595.2,2380.8,1640.0,740.8
SO-2025-04316,2025-11-27,2025-11,North America,Mexico,Ava Thompson,Laptop Air 13,Hardware,2,1029.0,2058.0,1400.0,658.0
SO-2025-03179,2025-11-27,2025-11,North America,Mexico,Liam Chen,Security Suite,Software,14,700.0,9800.0,1540.0,8260.0
SO-2025-02579,2025-11-27,2025-11,APAC,Singapore,Haruto Sato,Laptop Air 13,Hardware,4,1029.0,4116.0,2800.0,1316.0
SO-2025-02565,2025-11-27,2025-11,North America,Canada,Liam Chen,Wireless Mouse,Accessories,10,59.15,591.5,240.0,351.5
SO-2025-00876,2025-11-27,2025-11,APAC,India,Priya Nair,CRM Suite (annual),Software,23,837.0,19251.0,3220.0,16031.0
SO-2025-03752,2025-11-27,2025-11,Europe,Germany,Noah Muller,Noise-Cancel Headset,Accessories,8,223.2,1785.6,944.0,841.6
SO-2025-03938,2025-11-27,2025-11,Europe,France,Noah Muller,Security Suite,Software,3,630.0,1890.0,330.0,1560.0
SO-2025-00945,2025-11-27,2025-11,APAC,Australia,Haruto Sato,Security Suite,Software,18,609.0,10962.0,1980.0,8982.0
SO-2025-00644,2025-11-27,2025-11,Europe,United Kingdom,Noah Muller,Security Suite,Software,23,665.0,15295.0,2530.0,12765.0
SO-2025-04313,2025-11-27,2025-11,APAC,Australia,Priya Nair,CRM Suite (annual),Software,25,828.0,20700.0,3500.0,17200.0
SO-2025-02104,2025-11-27,2025-11,Europe,Spain,Emma Laurent,Laptop Air 13,Hardware,2,955.5,1911.0,1400.0,511.0
SO-2025-04945,2025-11-27,2025-11,APAC,India,Priya Nair,USB-C Dock,Accessories,5,144.0,720.0,440.0,280.0
SO-2025-05884,2025-11-27,2025-11,North America,United States,Liam Chen,Laptop Pro 15,Hardware,3,1435.5,4306.5,2940.0,1366.5
SO-2025-00277,2025-11-27,2025-11,North America,United States,Sofia Ramirez,CRM Suite (annual),Software,3,801.0,2403.0,420.0,1983.0
SO-2025-02931,2025-11-27,2025-11,North America,Canada,Liam Chen,Noise-Cancel Headset,Accessories,8,235.2,1881.6,944.0,937.6
SO-2025-03984,2025-11-27,2025-11,LATAM,Brazil,Camila Rojas,USB-C Dock,Accessories,2,145.8,291.6,176.0,115.6
SO-2025-05621,2025-11-28,2025-11,APAC,Singapore,Haruto Sato,Analytics Add-on,Software,4,391.5,1566.0,280.0,1286.0
SO-2025-02712,2025-11-28,2025-11,North America,Canada,Liam Chen,UltraWide Monitor 34,Hardware,4,558.0,2232.0,1640.0,592.0
SO-2025-00226,2025-11-28,2025-11,LATAM,Chile,Camila Rojas,CRM Suite (annual),Software,18,801.0,14418.0,2520.0,11898.0
SO-2025-00008,2025-11-28,2025-11,North America,Canada,Liam Chen,Noise-Cancel Headset,Accessories,6,232.8,1396.8,708.0,688.8
SO-2025-05010,2025-11-28,2025-11,Europe,Germany,Oliver Smith,Laptop Air 13,Hardware,2,1039.5,2079.0,1400.0,679.0
SO-2025-05201,2025-11-28,2025-11,Europe,United Kingdom,Noah Muller,Security Suite,Software,6,644.0,3864.0,660.0,3204.0
SO-2025-01120,2025-11-28,2025-11,North America,United States,Ava Thompson,Security Suite,Software,24,637.0,15288.0,2640.0,12648.0
SO-2025-00535,2025-11-28,2025-11,APAC,Australia,Chloe Wong,CRM Suite (annual),Software,21,837.0,17577.0,2940.0,14637.0
SO-2025-01910,2025-11-28,2025-11,North America,Canada,Sofia Ramirez,Wireless Mouse,Accessories,6,59.15,354.9,144.0,210.9
SO-2025-01647,2025-11-28,2025-11,LATAM,Argentina,Camila Rojas,CRM Suite (annual),Software,8,864.0,6912.0,1120.0,5792.0
SO-2025-01200,2025-11-28,2025-11,North America,Canada,Sofia Ramirez,Analytics Add-on,Software,2,441.0,882.0,140.0,742.0
SO-2025-02237,2025-11-28,2025-11,North America,United States,Ava Thompson,Security Suite,Software,2,581.0,1162.0,220.0,942.0
SO-2025-04374,2025-11-28,2025-11,APAC,India,Haruto Sato,Noise-Cancel Headset,Accessories,4,216.0,864.0,472.0,392.0
SO-2025-02299,2025-11-28,2025-11,North America,United States,Ava Thompson,Laptop Pro 15,Hardware,1,1377.5,1377.5,980.0,397.5
SO-2025-02285,2025-11-28,2025-11,Europe,Spain,Emma Laurent,Security Suite,Software,18,665.0,11970.0,1980.0,9990.0
SO-2025-05026,2025-11-28,2025-11,North America,Mexico,Liam Chen,Laptop Pro 15,Hardware,3,1160.0,3480.0,2940.0,540.0
SO-2025-00783,2025-11-28,2025-11,North America,United States,Ava Thompson,USB-C Dock,Accessories,3,149.4,448.2,264.0,184.2
SO-2025-00430,2025-11-28,2025-11,North America,United States,Liam Chen,CRM Suite (annual),Software,22,828.0,18216.0,3080.0,15136.0
SO-2025-02785,2025-11-28,2025-11,North America,Mexico,Liam Chen,Noise-Cancel Headset,Accessories,8,235.2,1881.6,944.0,937.6
SO-2025-05162,2025-11-28,2025-11,North America,Canada,Sofia Ramirez,Security Suite,Software,21,679.0,14259.0,2310.0,11949.0
SO-2025-01179,2025-11-29,2025-11,North America,Canada,Liam Chen,Noise-Cancel Headset,Accessories,3,199.2,597.6,354.0,243.6
SO-2025-04605,2025-11-29,2025-11,North America,Canada,Liam Chen,UltraWide Monitor 34,Hardware,4,613.8,2455.2,1640.0,815.2
SO-2025-02486,2025-11-29,2025-11,Europe,United Kingdom,Noah Muller,Laptop Air 13,Hardware,4,892.5,3570.0,2800.0,770.0
SO-2025-02619,2025-11-29,2025-11,Europe,United Kingdom,Oliver Smith,CRM Suite (annual),Software,22,774.0,17028.0,3080.0,13948.0
SO-2025-01233,2025-11-29,2025-11,LATAM,Chile,Diego Fernandez,Laptop Pro 15,Hardware,4,1174.5,4698.0,3920.0,778.0
SO-2025-02203,2025-11-29,2025-11,North America,United States,Sofia Ramirez,Mechanical Keyboard,Accessories,6,104.0,624.0,372.0,252.0
SO-2025-00372,2025-11-29,2025-11,APAC,Japan,Haruto Sato,Laptop Air 13,Hardware,4,1050.0,4200.0,2800.0,1400.0
SO-2025-00508,2025-11-29,2025-11,APAC,Australia,Priya Nair,Security Suite,Software,4,574.0,2296.0,440.0,1856.0
SO-2025-05140,2025-11-29,2025-11,North America,Canada,Ava Thompson,Noise-Cancel Headset,Accessories,10,211.2,2112.0,1180.0,932.0
SO-2025-01529,2025-11-29,2025-11,North America,Canada,Liam Chen,Analytics Add-on,Software,13,396.0,5148.0,910.0,4238.0
SO-2025-03600,2025-11-29,2025-11,North America,United States,Sofia Ramirez,Security Suite,Software,23,672.0,15456.0,2530.0,12926.0
SO-2025-00365,2025-11-29,2025-11,Europe,United Kingdom,Noah Muller,Security Suite,Software,14,574.0,8036.0,1540.0,6496.0
SO-2025-04115,2025-11-29,2025-11,Europe,Germany,Noah Muller,Wireless Mouse,Accessories,3,63.05,189.15,72.0,117.15
SO-2025-01410,2025-11-29,2025-11,APAC,Singapore,Haruto Sato,UltraWide Monitor 34,Hardware,1,601.4,601.4,410.0,191.4
SO-2025-05700,2025-11-29,2025-11,North America,Mexico,Ava Thompson,Wireless Mouse,Accessories,8,63.7,509.6,192.0,317.6
SO-2025-03476,2025-11-29,2025-11,APAC,India,Priya Nair,Analytics Add-on,Software,12,369.0,4428.0,840.0,3588.0
SO-2025-05301,2025-11-30,2025-11,Europe,United Kingdom,Noah Muller,Laptop Pro 15,Hardware,3,1203.5,3610.5,2940.0,670.5
SO-2025-03962,2025-11-30,2025-11,North America,United States,Sofia Ramirez,CRM Suite (annual),Software,22,801.0,17622.0,3080.0,14542.0
SO-2025-05168,2025-11-30,2025-11,North America,Mexico,Ava Thompson,Laptop Air 13,Hardware,3,1029.0,3087.0,2100.0,987.0
SO-2025-00596,2025-11-30,2025-11,APAC,India,Haruto Sato,Laptop Pro 15,Hardware,2,1276.0,2552.0,1960.0,592.0
SO-2025-02062,2025-11-30,2025-11,LATAM,Chile,Diego Fernandez,Mechanical Keyboard,Accessories,9,113.1,1017.9,558.0,459.9
SO-2025-02057,2025-11-30,2025-11,Europe,Germany,Emma Laurent,Analytics Add-on,Software,8,409.5,3276.0,560.0,2716.0
SO-2025-05015,2025-11-30,2025-11,Europe,France,Oliver Smith,Mechanical Keyboard,Accessories,9,111.8,1006.2,558.0,448.2
SO-2025-00921,2025-11-30,2025-11,Europe,United Kingdom,Oliver Smith,UltraWide Monitor 34,Hardware,4,601.4,2405.6,1640.0,765.6
SO-2025-00933,2025-11-30,2025-11,North America,Canada,Sofia Ramirez,Mechanical Keyboard,Accessories,5,130.0,650.0,310.0,340.0
SO-2025-00585,2025-11-30,2025-11,APAC,Japan,Priya Nair,Laptop Air 13,Hardware,4,892.5,3570.0,2800.0,770.0
SO-2025-02671,2025-11-30,2025-11,APAC,Australia,Haruto Sato,Laptop Air 13,Hardware,3,987.0,2961.0,2100.0,861.0
SO-2025-04992,2025-11-30,2025-11,North America,United States,Ava Thompson,Wireless Mouse,Accessories,5,53.3,266.5,120.0,146.5
SO-2025-03247,2025-11-30,2025-11,North America,United States,Ava Thompson,CRM Suite (annual),Software,8,855.0,6840.0,1120.0,5720.0
SO-2025-01149,2025-11-30,2025-11,North America,Mexico,Ava Thompson,Wireless Mouse,Accessories,8,61.1,488.8,192.0,296.8
SO-2025-03844,2025-11-30,2025-11,Europe,United Kingdom,Noah Muller,Security Suite,Software,25,665.0,16625.0,2750.0,13875.0
SO-2025-01917,2025-11-30,2025-11,Europe,United Kingdom,Noah Muller,Laptop Pro 15,Hardware,2,1319.5,2639.0,1960.0,679.0
SO-2025-03185,2025-11-30,2025-11,APAC,Singapore,Haruto Sato,Analytics Add-on,Software,11,360.0,3960.0,770.0,3190.0
SO-2025-03202,2025-11-30,2025-11,Europe,Germany,Noah Muller,Laptop Air 13,Hardware,2,1008.0,2016.0,1400.0,616.0
SO-2025-01361,2025-11-30,2025-11,APAC,Singapore,Haruto Sato,Wireless Mouse,Accessories,1,59.8,59.8,24.0,35.8
SO-2025-01507,2025-11-30,2025-11,Europe,Spain,Emma Laurent,Laptop Air 13,Hardware,2,903.0,1806.0,1400.0,406.0
SO-2025-05497,2025-12-01,2025-12,LATAM,Argentina,Diego Fernandez,Noise-Cancel Headset,Accessories,3,220.8,662.4,354.0,308.4
SO-2025-00965,2025-12-01,2025-12,Europe,Germany,Emma Laurent,Security Suite,Software,8,595.0,4760.0,880.0,3880.0
SO-2025-01469,2025-12-01,2025-12,APAC,Australia,Haruto Sato,Laptop Pro 15,Hardware,2,1319.5,2639.0,1960.0,679.0
SO-2025-02403,2025-12-01,2025-12,APAC,Japan,Haruto Sato,Wireless Mouse,Accessories,9,52.0,468.0,216.0,252.0
SO-2025-01851,2025-12-01,2025-12,APAC,Japan,Priya Nair,Wireless Mouse,Accessories,8,59.8,478.4,192.0,286.4
SO-2025-05610,2025-12-01,2025-12,North America,Canada,Sofia Ramirez,Laptop Pro 15,Hardware,1,1348.5,1348.5,980.0,368.5
SO-2025-01855,2025-12-01,2025-12,APAC,Japan,Haruto Sato,Laptop Pro 15,Hardware,3,1435.5,4306.5,2940.0,1366.5
SO-2025-05435,2025-12-01,2025-12,APAC,Japan,Priya Nair,Laptop Pro 15,Hardware,4,1232.5,4930.0,3920.0,1010.0
SO-2025-02934,2025-12-01,2025-12,North America,United States,Ava Thompson,Laptop Pro 15,Hardware,2,1232.5,2465.0,1960.0,505.0
SO-2025-05638,2025-12-01,2025-12,Europe,France,Emma Laurent,CRM Suite (annual),Software,15,846.0,12690.0,2100.0,10590.0
SO-2025-05647,2025-12-01,2025-12,APAC,India,Haruto Sato,Security Suite,Software,11,567.0,6237.0,1210.0,5027.0
SO-2025-03345,2025-12-01,2025-12,APAC,Singapore,Priya Nair,Laptop Air 13,Hardware,3,850.5,2551.5,2100.0,451.5
SO-2025-01609,2025-12-01,2025-12,North America,Mexico,Ava Thompson,CRM Suite (annual),Software,12,837.0,10044.0,1680.0,8364.0
SO-2025-01708,2025-12-01,2025-12,Europe,Germany,Emma Laurent,Laptop Pro 15,Hardware,4,1334.0,5336.0,3920.0,1416.0
SO-2025-00835,2025-12-01,2025-12,Europe,France,Noah Muller,CRM Suite (annual),Software,19,765.0,14535.0,2660.0,11875.0
SO-2025-02169,2025-12-01,2025-12,LATAM,Brazil,Mateo Silva,Security Suite,Software,1,616.0,616.0,110.0,506.0
SO-2025-01296,2025-12-01,2025-12,North America,Canada,Ava Thompson,Security Suite,Software,2,574.0,1148.0,220.0,928.0
SO-2025-04718,2025-12-01,2025-12,North America,United States,Ava Thompson,Mechanical Keyboard,Accessories,5,113.1,565.5,310.0,255.5
SO-2025-02765,2025-12-01,2025-12,APAC,Australia,Haruto Sato,Wireless Mouse,Accessories,10,64.35,643.5,240.0,403.5
SO-2025-03246,2025-12-01,2025-12,North America,Canada,Sofia Ramirez,Wireless Mouse,Accessories,4,61.1,244.4,96.0,148.4
SO-2025-01665,2025-12-01,2025-12,Europe,United Kingdom,Emma Laurent,UltraWide Monitor 34,Hardware,2,595.2,1190.4,820.0,370.4
SO-2025-04528,2025-12-01,2025-12,Europe,Spain,Oliver Smith,Security Suite,Software,12,588.0,7056.0,1320.0,5736.0
SO-2025-01426,2025-12-01,2025-12,LATAM,Argentina,Mateo Silva,CRM Suite (annual),Software,20,738.0,14760.0,2800.0,11960.0
SO-2025-05243,2025-12-01,2025-12,Europe,United Kingdom,Emma Laurent,CRM Suite (annual),Software,9,855.0,7695.0,1260.0,6435.0
SO-2025-00810,2025-12-02,2025-12,North America,Mexico,Ava Thompson,Laptop Pro 15,Hardware,1,1189.0,1189.0,980.0,209.0
SO-2025-05184,2025-12-02,2025-12,APAC,Japan,Priya Nair,Wireless Mouse,Accessories,7,59.15,414.05,168.0,246.05
SO-2025-04382,2025-12-02,2025-12,Europe,Germany,Noah Muller,Laptop Air 13,Hardware,3,882.0,2646.0,2100.0,546.0
SO-2025-01849,2025-12-02,2025-12,Europe,France,Emma Laurent,Wireless Mouse,Accessories,7,60.45,423.15,168.0,255.15
SO-2025-04362,2025-12-02,2025-12,North America,Canada,Ava Thompson,Mechanical Keyboard,Accessories,10,124.8,1248.0,620.0,628.0
SO-2025-00171,2025-12-02,2025-12,North America,Canada,Ava Thompson,CRM Suite (annual),Software,25,855.0,21375.0,3500.0,17875.0
SO-2025-03580,2025-12-02,2025-12,North America,Mexico,Ava Thompson,USB-C Dock,Accessories,2,160.2,320.4,176.0,144.4
SO-2025-00417,2025-12-02,2025-12,North America,Mexico,Liam Chen,Analytics Add-on,Software,13,405.0,5265.0,910.0,4355.0
SO-2025-05613,2025-12-02,2025-12,North America,Mexico,Liam Chen,UltraWide Monitor 34,Hardware,3,589.0,1767.0,1230.0,537.0
SO-2025-01715,2025-12-02,2025-12,North America,United States,Ava Thompson,USB-C Dock,Accessories,3,162.0,486.0,264.0,222.0
SO-2025-03929,2025-12-02,2025-12,LATAM,Chile,Mateo Silva,Noise-Cancel Headset,Accessories,7,223.2,1562.4,826.0,736.4
SO-2025-00154,2025-12-02,2025-12,APAC,India,Priya Nair,Noise-Cancel Headset,Accessories,1,237.6,237.6,118.0,119.6
SO-2025-01264,2025-12-02,2025-12,APAC,Australia,Chloe Wong,Analytics Add-on,Software,16,387.0,6192.0,1120.0,5072.0
SO-2025-05601,2025-12-02,2025-12,APAC,India,Haruto Sato,USB-C Dock,Accessories,10,180.0,1800.0,880.0,920.0
SO-2025-02753,2025-12-02,2025-12,Europe,United Kingdom,Oliver Smith,Laptop Pro 15,Hardware,1,1290.5,1290.5,980.0,310.5
SO-2025-03316,2025-12-02,2025-12,North America,United States,Ava Thompson,Wireless Mouse,Accessories,8,57.85,462.8,192.0,270.8
SO-2025-00235,2025-12-02,2025-12,APAC,Japan,Haruto Sato,Laptop Pro 15,Hardware,3,1261.5,3784.5,2940.0,844.5
SO-2025-03079,2025-12-02,2025-12,North America,United States,Sofia Ramirez,CRM Suite (annual),Software,6,729.0,4374.0,840.0,3534.0
SO-2025-05131,2025-12-02,2025-12,Europe,France,Emma Laurent,Wireless Mouse,Accessories,4,56.55,226.2,96.0,130.2
SO-2025-01747,2025-12-02,2025-12,Europe,France,Noah Muller,Noise-Cancel Headset,Accessories,7,211.2,1478.4,826.0,652.4
SO-2025-04509,2025-12-02,2025-12,Europe,France,Emma Laurent,Laptop Pro 15,Hardware,3,1406.5,4219.5,2940.0,1279.5
SO-2025-01625,2025-12-03,2025-12,North America,Mexico,Sofia Ramirez,Mechanical Keyboard,Accessories,7,130.0,910.0,434.0,476.0
SO-2025-02590,2025-12-03,2025-12,North America,Canada,Ava Thompson,Wireless Mouse,Accessories,1,58.5,58.5,24.0,34.5
SO-2025-00002,2025-12-03,2025-12,Europe,United Kingdom,Noah Muller,Laptop Air 13,Hardware,2,945.0,1890.0,1400.0,490.0
SO-2025-02735,2025-12-03,2025-12,LATAM,Argentina,Mateo Silva,Security Suite,Software,21,679.0,14259.0,2310.0,11949.0
SO-2025-01714,2025-12-03,2025-12,Europe,Spain,Emma Laurent,Laptop Pro 15,Hardware,3,1232.5,3697.5,2940.0,757.5
SO-2025-00586,2025-12-03,2025-12,North America,Mexico,Liam Chen,UltraWide Monitor 34,Hardware,1,533.2,533.2,410.0,123.2
SO-2025-03636,2025-12-03,2025-12,North America,United States,Sofia Ramirez,UltraWide Monitor 34,Hardware,4,607.6,2430.4,1640.0,790.4
SO-2025-04595,2025-12-03,2025-12,APAC,Japan,Priya Nair,Wireless Mouse,Accessories,10,62.4,624.0,240.0,384.0
SO-2025-05041,2025-12-03,2025-12,North America,Mexico,Liam Chen,USB-C Dock,Accessories,4,163.8,655.2,352.0,303.2
SO-2025-01961,2025-12-03,2025-12,Europe,Germany,Oliver Smith,CRM Suite (annual),Software,21,837.0,17577.0,2940.0,14637.0
SO-2025-01879,2025-12-03,2025-12,North America,Canada,Liam Chen,UltraWide Monitor 34,Hardware,3,533.2,1599.6,1230.0,369.6
SO-2025-05295,2025-12-03,2025-12,North America,Canada,Liam Chen,Security Suite,Software,14,588.0,8232.0,1540.0,6692.0
SO-2025-00097,2025-12-03,2025-12,LATAM,Brazil,Diego Fernandez,CRM Suite (annual),Software,20,792.0,15840.0,2800.0,13040.0
SO-2025-03105,2025-12-03,2025-12,Europe,United Kingdom,Emma Laurent,Wireless Mouse,Accessories,2,54.6,109.2,48.0,61.2
SO-2025-05861,2025-12-03,2025-12,Europe,Spain,Oliver Smith,Wireless Mouse,Accessories,7,54.6,382.2,168.0,214.2
SO-2025-05496,2025-12-03,2025-12,LATAM,Brazil,Diego Fernandez,Laptop Pro 15,Hardware,1,1276.0,1276.0,980.0,296.0
SO-2025-03311,2025-12-03,2025-12,North America,United States,Liam Chen,USB-C Dock,Accessories,10,156.6,1566.0,880.0,686.0
SO-2025-00283,2025-12-03,2025-12,LATAM,Argentina,Mateo Silva,Mechanical Keyboard,Accessories,3,110.5,331.5,186.0,145.5
SO-2025-01386,2025-12-03,2025-12,North America,Mexico,Sofia Ramirez,Analytics Add-on,Software,13,427.5,5557.5,910.0,4647.5
SO-2025-03472,2025-12-03,2025-12,North America,Mexico,Ava Thompson,Noise-Cancel Headset,Accessories,1,211.2,211.2,118.0,93.2
SO-2025-02235,2025-12-03,2025-12,LATAM,Brazil,Camila Rojas,USB-C Dock,Accessories,8,153.0,1224.0,704.0,520.0
SO-2025-02181,2025-12-03,2025-12,APAC,Japan,Priya Nair,Laptop Air 13,Hardware,4,1039.5,4158.0,2800.0,1358.0
SO-2025-05620,2025-12-03,2025-12,APAC,India,Haruto Sato,Noise-Cancel Headset,Accessories,5,216.0,1080.0,590.0,490.0
SO-2025-03517,2025-12-03,2025-12,Europe,France,Oliver Smith,Security Suite,Software,4,651.0,2604.0,440.0,2164.0
SO-2025-02225,2025-12-03,2025-12,North America,United States,Sofia Ramirez,Laptop Air 13,Hardware,4,861.0,3444.0,2800.0,644.0
SO-2025-04819,2025-12-03,2025-12,North America,Mexico,Liam Chen,Wireless Mouse,Accessories,3,52.0,156.0,72.0,84.0
SO-2025-04739,2025-12-04,2025-12,APAC,Japan,Chloe Wong,Laptop Pro 15,Hardware,2,1247.0,2494.0,1960.0,534.0
SO-2025-04804,2025-12-04,2025-12,Europe,France,Emma Laurent,Laptop Air 13,Hardware,3,934.5,2803.5,2100.0,703.5
SO-2025-01383,2025-12-04,2025-12,North America,United States,Ava Thompson,Laptop Air 13,Hardware,3,871.5,2614.5,2100.0,514.5
SO-2025-02622,2025-12-04,2025-12,North America,United States,Ava Thompson,Security Suite,Software,25,623.0,15575.0,2750.0,12825.0
SO-2025-05294,2025-12-04,2025-12,Europe,Spain,Oliver Smith,Mechanical Keyboard,Accessories,1,106.6,106.6,62.0,44.6
SO-2025-00254,2025-12-04,2025-12,North America,Canada,Liam Chen,Wireless Mouse,Accessories,7,55.9,391.3,168.0,223.3
SO-2025-01360,2025-12-04,2025-12,North America,Canada,Liam Chen,Security Suite,Software,3,686.0,2058.0,330.0,1728.0
SO-2025-03802,2025-12-04,2025-12,North America,United States,Sofia Ramirez,UltraWide Monitor 34,Hardware,4,620.0,2480.0,1640.0,840.0
SO-2025-01638,2025-12-04,2025-12,North America,United States,Ava Thompson,Security Suite,Software,19,658.0,12502.0,2090.0,10412.0
SO-2025-00424,2025-12-04,2025-12,North America,United States,Liam Chen,USB-C Dock,Accessories,1,153.0,153.0,88.0,65.0
SO-2025-00028,2025-12-04,2025-12,North America,Mexico,Liam Chen,Analytics Add-on,Software,4,427.5,1710.0,280.0,1430.0
SO-2025-01520,2025-12-04,2025-12,Europe,Spain,Emma Laurent,UltraWide Monitor 34,Hardware,2,496.0,992.0,820.0,172.0
SO-2025-04652,2025-12-04,2025-12,APAC,Japan,Chloe Wong,USB-C Dock,Accessories,10,165.6,1656.0,880.0,776.0
SO-2025-00064,2025-12-04,2025-12,Europe,Spain,Oliver Smith,USB-C Dock,Accessories,9,158.4,1425.6,792.0,633.6
SO-2025-03519,2025-12-04,2025-12,North America,Canada,Ava Thompson,Analytics Add-on,Software,5,369.0,1845.0,350.0,1495.0
SO-2025-01846,2025-12-04,2025-12,LATAM,Chile,Mateo Silva,Security Suite,Software,11,658.0,7238.0,1210.0,6028.0
SO-2025-00361,2025-12-04,2025-12,APAC,Australia,Priya Nair,Analytics Add-on,Software,2,409.5,819.0,140.0,679.0
SO-2025-01245,2025-12-04,2025-12,Europe,Spain,Oliver Smith,CRM Suite (annual),Software,11,765.0,8415.0,1540.0,6875.0
SO-2025-00053,2025-12-04,2025-12,Europe,Germany,Emma Laurent,Laptop Pro 15,Hardware,4,1450.0,5800.0,3920.0,1880.0
SO-2025-00820,2025-12-04,2025-12,Europe,Germany,Emma Laurent,Analytics Add-on,Software,22,432.0,9504.0,1540.0,7964.0
SO-2025-00629,2025-12-04,2025-12,North America,United States,Ava Thompson,Noise-Cancel Headset,Accessories,7,225.6,1579.2,826.0,753.2
SO-2025-03343,2025-12-04,2025-12,APAC,Australia,Priya Nair,Noise-Cancel Headset,Accessories,6,230.4,1382.4,708.0,674.4
SO-2025-00800,2025-12-05,2025-12,Europe,United Kingdom,Noah Muller,Noise-Cancel Headset,Accessories,5,232.8,1164.0,590.0,574.0
SO-2025-03446,2025-12-05,2025-12,North America,United States,Sofia Ramirez,Analytics Add-on,Software,5,432.0,2160.0,350.0,1810.0
SO-2025-00754,2025-12-05,2025-12,APAC,India,Priya Nair,Wireless Mouse,Accessories,6,54.6,327.6,144.0,183.6
SO-2025-00528,2025-12-05,2025-12,LATAM,Chile,Mateo Silva,Wireless Mouse,Accessories,6,55.9,335.4,144.0,191.4
SO-2025-04416,2025-12-05,2025-12,North America,Canada,Sofia Ramirez,Laptop Air 13,Hardware,3,987.0,2961.0,2100.0,861.0
SO-2025-04189,2025-12-05,2025-12,APAC,Singapore,Priya Nair,Noise-Cancel Headset,Accessories,1,237.6,237.6,118.0,119.6
SO-2025-03871,2025-12-05,2025-12,North America,Canada,Liam Chen,Laptop Pro 15,Hardware,3,1305.0,3915.0,2940.0,975.0
SO-2025-00484,2025-12-05,2025-12,North America,Mexico,Ava Thompson,Analytics Add-on,Software,16,418.5,6696.0,1120.0,5576.0
SO-2025-03271,2025-12-05,2025-12,North America,Mexico,Ava Thompson,Laptop Air 13,Hardware,2,1039.5,2079.0,1400.0,679.0
SO-2025-03107,2025-12-05,2025-12,APAC,Australia,Haruto Sato,Mechanical Keyboard,Accessories,10,119.6,1196.0,620.0,576.0
SO-2025-04164,2025-12-05,2025-12,APAC,Australia,Priya Nair,Security Suite,Software,1,602.0,602.0,110.0,492.0
SO-2025-04017,2025-12-05,2025-12,APAC,Australia,Chloe Wong,Analytics Add-on,Software,15,369.0,5535.0,1050.0,4485.0
SO-2025-00855,2025-12-05,2025-12,North America,Mexico,Ava Thompson,USB-C Dock,Accessories,2,147.6,295.2,176.0,119.2
SO-2025-03048,2025-12-05,2025-12,LATAM,Argentina,Camila Rojas,UltraWide Monitor 34,Hardware,2,551.8,1103.6,820.0,283.6
SO-2025-01109,2025-12-05,2025-12,LATAM,Argentina,Diego Fernandez,Noise-Cancel Headset,Accessories,10,196.8,1968.0,1180.0,788.0
SO-2025-01231,2025-12-05,2025-12,Europe,United Kingdom,Emma Laurent,Laptop Pro 15,Hardware,2,1189.0,2378.0,1960.0,418.0
SO-2025-00269,2025-12-05,2025-12,APAC,Singapore,Priya Nair,Laptop Air 13,Hardware,1,976.5,976.5,700.0,276.5
SO-2025-05877,2025-12-05,2025-12,North America,United States,Liam Chen,Mechanical Keyboard,Accessories,7,104.0,728.0,434.0,294.0
SO-2025-01483,2025-12-05,2025-12,LATAM,Argentina,Diego Fernandez,Security Suite,Software,3,560.0,1680.0,330.0,1350.0
SO-2025-05324,2025-12-05,2025-12,North America,United States,Liam Chen,Analytics Add-on,Software,16,405.0,6480.0,1120.0,5360.0
SO-2025-04706,2025-12-05,2025-12,North America,Canada,Ava Thompson,Wireless Mouse,Accessories,8,53.95,431.6,192.0,239.6
SO-2025-05316,2025-12-05,2025-12,APAC,India,Priya Nair,Wireless Mouse,Accessories,6,56.55,339.3,144.0,195.3
SO-2025-01828,2025-12-05,2025-12,APAC,India,Haruto Sato,Security Suite,Software,14,574.0,8036.0,1540.0,6496.0
SO-2025-00229,2025-12-05,2025-12,Europe,United Kingdom,Noah Muller,Mechanical Keyboard,Accessories,8,115.7,925.6,496.0,429.6
SO-2025-01175,2025-12-05,2025-12,North America,United States,Sofia Ramirez,UltraWide Monitor 34,Hardware,2,576.6,1153.2,820.0,333.2
SO-2025-05185,2025-12-05,2025-12,Europe,France,Emma Laurent,Mechanical Keyboard,Accessories,5,110.5,552.5,310.0,242.5
SO-2025-01642,2025-12-06,2025-12,LATAM,Brazil,Camila Rojas,Mechanical Keyboard,Accessories,9,107.9,971.1,558.0,413.1
SO-2025-05563,2025-12-06,2025-12,North America,Canada,Liam Chen,Laptop Air 13,Hardware,1,882.0,882.0,700.0,182.0
SO-2025-01201,2025-12-06,2025-12,LATAM,Brazil,Diego Fernandez,Noise-Cancel Headset,Accessories,10,218.4,2184.0,1180.0,1004.0
SO-2025-01334,2025-12-06,2025-12,APAC,Japan,Priya Nair,Mechanical Keyboard,Accessories,5,126.1,630.5,310.0,320.5
SO-2025-02545,2025-12-06,2025-12,APAC,Japan,Priya Nair,USB-C Dock,Accessories,4,171.0,684.0,352.0,332.0
SO-2025-02253,2025-12-06,2025-12,Europe,France,Oliver Smith,Security Suite,Software,16,672.0,10752.0,1760.0,8992.0
SO-2025-00373,2025-12-06,2025-12,Europe,United Kingdom,Emma Laurent,UltraWide Monitor 34,Hardware,2,508.4,1016.8,820.0,196.8
SO-2025-04801,2025-12-06,2025-12,APAC,Singapore,Chloe Wong,Security Suite,Software,12,616.0,7392.0,1320.0,6072.0
SO-2025-01272,2025-12-06,2025-12,North America,United States,Sofia Ramirez,Noise-Cancel Headset,Accessories,10,235.2,2352.0,1180.0,1172.0
SO-2025-02351,2025-12-06,2025-12,APAC,Australia,Haruto Sato,UltraWide Monitor 34,Hardware,1,558.0,558.0,410.0,148.0
SO-2025-03040,2025-12-06,2025-12,Europe,Spain,Oliver Smith,UltraWide Monitor 34,Hardware,1,570.4,570.4,410.0,160.4
SO-2025-04260,2025-12-06,2025-12,APAC,Australia,Priya Nair,Wireless Mouse,Accessories,5,53.3,266.5,120.0,146.5
SO-2025-03325,2025-12-06,2025-12,North America,United States,Ava Thompson,Mechanical Keyboard,Accessories,1,127.4,127.4,62.0,65.4
SO-2025-01212,2025-12-06,2025-12,Europe,United Kingdom,Noah Muller,Mechanical Keyboard,Accessories,9,106.6,959.4,558.0,401.4
SO-2025-04120,2025-12-06,2025-12,North America,United States,Liam Chen,USB-C Dock,Accessories,5,163.8,819.0,440.0,379.0
SO-2025-02015,2025-12-06,2025-12,North America,United States,Ava Thompson,CRM Suite (annual),Software,18,855.0,15390.0,2520.0,12870.0
SO-2025-01597,2025-12-06,2025-12,Europe,France,Emma Laurent,Noise-Cancel Headset,Accessories,2,230.4,460.8,236.0,224.8
SO-2025-03736,2025-12-06,2025-12,Europe,France,Noah Muller,Analytics Add-on,Software,21,441.0,9261.0,1470.0,7791.0
SO-2025-03713,2025-12-06,2025-12,North America,Canada,Liam Chen,Analytics Add-on,Software,16,427.5,6840.0,1120.0,5720.0
SO-2025-01875,2025-12-06,2025-12,Europe,United Kingdom,Emma Laurent,Security Suite,Software,3,567.0,1701.0,330.0,1371.0
SO-2025-01859,2025-12-06,2025-12,North America,United States,Ava Thompson,Wireless Mouse,Accessories,4,62.4,249.6,96.0,153.6
SO-2025-01587,2025-12-06,2025-12,APAC,Australia,Priya Nair,USB-C Dock,Accessories,1,153.0,153.0,88.0,65.0
SO-2025-05681,2025-12-06,2025-12,Europe,Spain,Oliver Smith,Security Suite,Software,10,616.0,6160.0,1100.0,5060.0
SO-2025-05581,2025-12-07,2025-12,Europe,Germany,Noah Muller,UltraWide Monitor 34,Hardware,1,570.4,570.4,410.0,160.4
SO-2025-05092,2025-12-07,2025-12,APAC,India,Haruto Sato,CRM Suite (annual),Software,8,756.0,6048.0,1120.0,4928.0
SO-2025-04698,2025-12-07,2025-12,APAC,Singapore,Priya Nair,Wireless Mouse,Accessories,7,63.05,441.35,168.0,273.35
SO-2025-04314,2025-12-07,2025-12,North America,Canada,Ava Thompson,UltraWide Monitor 34,Hardware,3,601.4,1804.2,1230.0,574.2
SO-2025-02312,2025-12-07,2025-12,LATAM,Chile,Diego Fernandez,UltraWide Monitor 34,Hardware,3,551.8,1655.4,1230.0,425.4
SO-2025-00925,2025-12-07,2025-12,North America,United States,Ava Thompson,UltraWide Monitor 34,Hardware,3,539.4,1618.2,1230.0,388.2
SO-2025-02471,2025-12-07,2025-12,APAC,Japan,Haruto Sato,Security Suite,Software,24,595.0,14280.0,2640.0,11640.0
SO-2025-00622,2025-12-07,2025-12,Europe,Germany,Emma Laurent,Mechanical Keyboard,Accessories,9,117.0,1053.0,558.0,495.0
SO-2025-03544,2025-12-07,2025-12,APAC,Japan,Priya Nair,Laptop Air 13,Hardware,1,892.5,892.5,700.0,192.5
SO-2025-00300,2025-12-07,2025-12,LATAM,Chile,Mateo Silva,CRM Suite (annual),Software,25,810.0,20250.0,3500.0,16750.0
SO-2025-01936,2025-12-07,2025-12,North America,United States,Liam Chen,Laptop Air 13,Hardware,2,871.5,1743.0,1400.0,343.0
SO-2025-04901,2025-12-07,2025-12,Europe,France,Noah Muller,Laptop Pro 15,Hardware,1,1276.0,1276.0,980.0,296.0
SO-2025-03367,2025-12-07,2025-12,North America,United States,Sofia Ramirez,Analytics Add-on,Software,22,396.0,8712.0,1540.0,7172.0
SO-2025-01805,2025-12-07,2025-12,LATAM,Brazil,Camila Rojas,Laptop Pro 15,Hardware,2,1261.5,2523.0,1960.0,563.0
SO-2025-02124,2025-12-07,2025-12,North America,Canada,Sofia Ramirez,Wireless Mouse,Accessories,2,53.95,107.9,48.0,59.9
SO-2025-02182,2025-12-07,2025-12,North America,United States,Ava Thompson,UltraWide Monitor 34,Hardware,3,576.6,1729.8,1230.0,499.8
SO-2025-05363,2025-12-07,2025-12,LATAM,Brazil,Diego Fernandez,Wireless Mouse,Accessories,7,63.05,441.35,168.0,273.35
SO-2025-02532,2025-12-07,2025-12,North America,United States,Liam Chen,UltraWide Monitor 34,Hardware,3,613.8,1841.4,1230.0,611.4
SO-2025-04427,2025-12-07,2025-12,North America,Mexico,Liam Chen,Laptop Air 13,Hardware,1,903.0,903.0,700.0,203.0
SO-2025-02880,2025-12-07,2025-12,North America,Mexico,Ava Thompson,Laptop Air 13,Hardware,4,934.5,3738.0,2800.0,938.0
SO-2025-00452,2025-12-07,2025-12,APAC,Australia,Haruto Sato,Wireless Mouse,Accessories,7,62.4,436.8,168.0,268.8
SO-2025-01999,2025-12-08,2025-12,North America,United States,Sofia Ramirez,CRM Suite (annual),Software,3,765.0,2295.0,420.0,1875.0
SO-2025-04308,2025-12-08,2025-12,North America,United States,Sofia Ramirez,Wireless Mouse,Accessories,5,60.45,302.25,120.0,182.25
SO-2025-04425,2025-12-08,2025-12,North America,United States,Ava Thompson,Analytics Add-on,Software,3,423.0,1269.0,210.0,1059.0
SO-2025-00329,2025-12-08,2025-12,Europe,Germany,Oliver Smith,Wireless Mouse,Accessories,3,61.75,185.25,72.0,113.25
SO-2025-03392,2025-12-08,2025-12,Europe,France,Noah Muller,USB-C Dock,Accessories,9,160.2,1441.8,792.0,649.8
SO-2025-03353,2025-12-08,2025-12,APAC,Singapore,Chloe Wong,USB-C Dock,Accessories,6,151.2,907.2,528.0,379.2
SO-2025-04832,2025-12-08,2025-12,APAC,Singapore,Priya Nair,Noise-Cancel Headset,Accessories,3,211.2,633.6,354.0,279.6
SO-2025-03974,2025-12-08,2025-12,Europe,Germany,Emma Laurent,CRM Suite (annual),Software,20,846.0,16920.0,2800.0,14120.0
SO-2025-03305,2025-12-08,2025-12,North America,United States,Sofia Ramirez,Laptop Air 13,Hardware,1,850.5,850.5,700.0,150.5
SO-2025-03966,2025-12-08,2025-12,North America,Canada,Ava Thompson,Laptop Air 13,Hardware,1,945.0,945.0,700.0,245.0
SO-2025-03286,2025-12-08,2025-12,North America,Mexico,Sofia Ramirez,Mechanical Keyboard,Accessories,5,106.6,533.0,310.0,223.0
SO-2025-00460,2025-12-08,2025-12,North America,Mexico,Liam Chen,Analytics Add-on,Software,11,427.5,4702.5,770.0,3932.5
SO-2025-03281,2025-12-08,2025-12,Europe,Spain,Oliver Smith,Noise-Cancel Headset,Accessories,4,225.6,902.4,472.0,430.4
SO-2025-05733,2025-12-08,2025-12,APAC,Australia,Haruto Sato,CRM Suite (annual),Software,9,819.0,7371.0,1260.0,6111.0
SO-2025-03907,2025-12-08,2025-12,North America,United States,Sofia Ramirez,Security Suite,Software,22,672.0,14784.0,2420.0,12364.0
SO-2025-01298,2025-12-08,2025-12,North America,United States,Ava Thompson,CRM Suite (annual),Software,4,729.0,2916.0,560.0,2356.0
SO-2025-03234,2025-12-08,2025-12,North America,Canada,Ava Thompson,Mechanical Keyboard,Accessories,6,128.7,772.2,372.0,400.2
SO-2025-02231,2025-12-08,2025-12,LATAM,Chile,Mateo Silva,Analytics Add-on,Software,1,418.5,418.5,70.0,348.5
SO-2025-02025,2025-12-09,2025-12,Europe,France,Oliver Smith,Noise-Cancel Headset,Accessories,9,232.8,2095.2,1062.0,1033.2
SO-2025-04742,2025-12-09,2025-12,North America,United States,Sofia Ramirez,Security Suite,Software,18,637.0,11466.0,1980.0,9486.0
SO-2025-01626,2025-12-09,2025-12,APAC,Japan,Priya Nair,Security Suite,Software,7,623.0,4361.0,770.0,3591.0
SO-2025-00146,2025-12-09,2025-12,North America,Canada,Ava Thompson,Wireless Mouse,Accessories,4,53.95,215.8,96.0,119.8
SO-2025-04223,2025-12-09,2025-12,APAC,India,Priya Nair,Laptop Pro 15,Hardware,2,1276.0,2552.0,1960.0,592.0
SO-2025-05529,2025-12-09,2025-12,North America,United States,Sofia Ramirez,Wireless Mouse,Accessories,10,61.1,611.0,240.0,371.0
SO-2025-04289,2025-12-09,2025-12,North America,Mexico,Sofia Ramirez,Laptop Pro 15,Hardware,1,1160.0,1160.0,980.0,180.0
SO-2025-03801,2025-12-09,2025-12,Europe,Germany,Noah Muller,UltraWide Monitor 34,Hardware,3,502.2,1506.6,1230.0,276.6
SO-2025-00912,2025-12-09,2025-12,North America,Canada,Sofia Ramirez,Laptop Pro 15,Hardware,3,1334.0,4002.0,2940.0,1062.0
SO-2025-04785,2025-12-09,2025-12,LATAM,Brazil,Mateo Silva,USB-C Dock,Accessories,4,165.6,662.4,352.0,310.4
SO-2025-01732,2025-12-09,2025-12,North America,Canada,Sofia Ramirez,Wireless Mouse,Accessories,2,56.55,113.1,48.0,65.1
SO-2025-05275,2025-12-09,2025-12,North America,United States,Ava Thompson,Mechanical Keyboard,Accessories,10,114.4,1144.0,620.0,524.0
SO-2025-01491,2025-12-09,2025-12,North America,Canada,Sofia Ramirez,CRM Suite (annual),Software,20,855.0,17100.0,2800.0,14300.0
SO-2025-05458,2025-12-09,2025-12,Europe,Spain,Emma Laurent,Laptop Pro 15,Hardware,3,1377.5,4132.5,2940.0,1192.5
SO-2025-03993,2025-12-09,2025-12,Europe,Germany,Noah Muller,Analytics Add-on,Software,18,378.0,6804.0,1260.0,5544.0
SO-2025-01759,2025-12-09,2025-12,Europe,United Kingdom,Emma Laurent,Wireless Mouse,Accessories,5,55.25,276.25,120.0,156.25
SO-2025-02392,2025-12-09,2025-12,North America,Canada,Liam Chen,Security Suite,Software,22,581.0,12782.0,2420.0,10362.0
SO-2025-00052,2025-12-09,2025-12,North America,Mexico,Liam Chen,Mechanical Keyboard,Accessories,6,118.3,709.8,372.0,337.8
SO-2025-05645,2025-12-09,2025-12,LATAM,Chile,Camila Rojas,Mechanical Keyboard,Accessories,6,111.8,670.8,372.0,298.8
SO-2025-05643,2025-12-09,2025-12,Europe,United Kingdom,Oliver Smith,Analytics Add-on,Software,20,387.0,7740.0,1400.0,6340.0
SO-2025-05193,2025-12-09,2025-12,North America,United States,Sofia Ramirez,USB-C Dock,Accessories,6,171.0,1026.0,528.0,498.0
SO-2025-03895,2025-12-09,2025-12,Europe,France,Noah Muller,Laptop Air 13,Hardware,2,871.5,1743.0,1400.0,343.0
SO-2025-03161,2025-12-09,2025-12,APAC,Japan,Haruto Sato,Laptop Air 13,Hardware,1,913.5,913.5,700.0,213.5
SO-2025-03422,2025-12-10,2025-12,Europe,Spain,Emma Laurent,Analytics Add-on,Software,17,387.0,6579.0,1190.0,5389.0
SO-2025-03879,2025-12-10,2025-12,APAC,Japan,Priya Nair,Security Suite,Software,10,623.0,6230.0,1100.0,5130.0
SO-2025-05151,2025-12-10,2025-12,Europe,Spain,Emma Laurent,Security Suite,Software,23,651.0,14973.0,2530.0,12443.0
SO-2025-00189,2025-12-10,2025-12,LATAM,Chile,Diego Fernandez,Wireless Mouse,Accessories,10,55.9,559.0,240.0,319.0
SO-2025-04867,2025-12-10,2025-12,Europe,Spain,Oliver Smith,Security Suite,Software,19,672.0,12768.0,2090.0,10678.0
SO-2025-00728,2025-12-10,2025-12,Europe,France,Emma Laurent,USB-C Dock,Accessories,10,167.4,1674.0,880.0,794.0
SO-2025-04813,2025-12-10,2025-12,APAC,Australia,Haruto Sato,Mechanical Keyboard,Accessories,4,113.1,452.4,248.0,204.4
SO-2025-01768,2025-12-10,2025-12,Europe,United Kingdom,Emma Laurent,Security Suite,Software,15,581.0,8715.0,1650.0,7065.0
SO-2025-05919,2025-12-10,2025-12,LATAM,Argentina,Camila Rojas,Security Suite,Software,25,644.0,16100.0,2750.0,13350.0
SO-2025-04837,2025-12-10,2025-12,North America,Mexico,Liam Chen,Laptop Pro 15,Hardware,4,1377.5,5510.0,3920.0,1590.0
SO-2025-02327,2025-12-10,2025-12,Europe,France,Emma Laurent,USB-C Dock,Accessories,6,167.4,1004.4,528.0,476.4
SO-2025-04336,2025-12-10,2025-12,North America,Mexico,Sofia Ramirez,Mechanical Keyboard,Accessories,5,119.6,598.0,310.0,288.0
SO-2025-00937,2025-12-10,2025-12,North America,United States,Liam Chen,UltraWide Monitor 34,Hardware,2,508.4,1016.8,820.0,196.8
SO-2025-00555,2025-12-10,2025-12,North America,Mexico,Sofia Ramirez,Mechanical Keyboard,Accessories,7,106.6,746.2,434.0,312.2
SO-2025-03050,2025-12-10,2025-12,North America,Canada,Ava Thompson,Analytics Add-on,Software,23,423.0,9729.0,1610.0,8119.0
SO-2025-05436,2025-12-10,2025-12,Europe,United Kingdom,Emma Laurent,Mechanical Keyboard,Accessories,9,113.1,1017.9,558.0,459.9
SO-2025-00306,2025-12-11,2025-12,North America,Canada,Sofia Ramirez,Noise-Cancel Headset,Accessories,8,218.4,1747.2,944.0,803.2
SO-2025-03922,2025-12-11,2025-12,North America,United States,Ava Thompson,Mechanical Keyboard,Accessories,9,113.1,1017.9,558.0,459.9
SO-2025-05895,2025-12-11,2025-12,APAC,India,Chloe Wong,Laptop Air 13,Hardware,1,997.5,997.5,700.0,297.5
SO-2025-01773,2025-12-11,2025-12,Europe,United Kingdom,Oliver Smith,Laptop Air 13,Hardware,2,882.0,1764.0,1400.0,364.0
SO-2025-03162,2025-12-11,2025-12,Europe,France,Noah Muller,UltraWide Monitor 34,Hardware,1,533.2,533.2,410.0,123.2
SO-2025-01764,2025-12-11,2025-12,North America,United States,Sofia Ramirez,Mechanical Keyboard,Accessories,9,111.8,1006.2,558.0,448.2
SO-2025-05292,2025-12-11,2025-12,North America,Mexico,Ava Thompson,Mechanical Keyboard,Accessories,9,111.8,1006.2,558.0,448.2
SO-2025-03696,2025-12-11,2025-12,North America,United States,Ava Thompson,Analytics Add-on,Software,10,450.0,4500.0,700.0,3800.0
SO-2025-01817,2025-12-11,2025-12,APAC,India,Haruto Sato,Mechanical Keyboard,Accessories,4,106.6,426.4,248.0,178.4
SO-2025-05008,2025-12-11,2025-12,North America,Mexico,Ava Thompson,Laptop Pro 15,Hardware,1,1450.0,1450.0,980.0,470.0
SO-2025-00485,2025-12-11,2025-12,Europe,United Kingdom,Emma Laurent,UltraWide Monitor 34,Hardware,2,545.6,1091.2,820.0,271.2
SO-2025-04011,2025-12-11,2025-12,APAC,Japan,Chloe Wong,Laptop Air 13,Hardware,1,892.5,892.5,700.0,192.5
SO-2025-04569,2025-12-11,2025-12,Europe,Spain,Oliver Smith,Wireless Mouse,Accessories,6,53.95,323.7,144.0,179.7
SO-2025-03486,2025-12-11,2025-12,North America,Mexico,Sofia Ramirez,Noise-Cancel Headset,Accessories,9,194.4,1749.6,1062.0,687.6
SO-2025-03399,2025-12-11,2025-12,LATAM,Brazil,Mateo Silva,Wireless Mouse,Accessories,6,56.55,339.3,144.0,195.3
SO-2025-01806,2025-12-11,2025-12,LATAM,Argentina,Mateo Silva,Mechanical Keyboard,Accessories,7,128.7,900.9,434.0,466.9
SO-2025-03456,2025-12-11,2025-12,North America,Mexico,Ava Thompson,Laptop Pro 15,Hardware,4,1247.0,4988.0,3920.0,1068.0
SO-2025-01189,2025-12-11,2025-12,APAC,Australia,Chloe Wong,Noise-Cancel Headset,Accessories,10,230.4,2304.0,1180.0,1124.0
SO-2025-02376,2025-12-11,2025-12,North America,United States,Ava Thompson,Security Suite,Software,11,623.0,6853.0,1210.0,5643.0
SO-2025-02455,2025-12-11,2025-12,Europe,United Kingdom,Emma Laurent,Laptop Pro 15,Hardware,3,1247.0,3741.0,2940.0,801.0
SO-2025-00250,2025-12-11,2025-12,North America,Mexico,Sofia Ramirez,Analytics Add-on,Software,19,418.5,7951.5,1330.0,6621.5
SO-2025-04272,2025-12-11,2025-12,APAC,India,Chloe Wong,Laptop Air 13,Hardware,2,924.0,1848.0,1400.0,448.0
SO-2025-03138,2025-12-11,2025-12,North America,United States,Liam Chen,Security Suite,Software,15,644.0,9660.0,1650.0,8010.0
SO-2025-05530,2025-12-11,2025-12,Europe,France,Emma Laurent,CRM Suite (annual),Software,1,864.0,864.0,140.0,724.0
SO-2025-03145,2025-12-11,2025-12,Europe,United Kingdom,Noah Muller,USB-C Dock,Accessories,4,176.4,705.6,352.0,353.6
SO-2025-00909,2025-12-11,2025-12,Europe,Spain,Emma Laurent,Security Suite,Software,14,651.0,9114.0,1540.0,7574.0
SO-2025-00458,2025-12-11,2025-12,APAC,Japan,Chloe Wong,Wireless Mouse,Accessories,5,53.3,266.5,120.0,146.5
SO-2025-05910,2025-12-11,2025-12,LATAM,Brazil,Diego Fernandez,Laptop Pro 15,Hardware,2,1189.0,2378.0,1960.0,418.0
SO-2025-04573,2025-12-12,2025-12,North America,Canada,Liam Chen,Laptop Air 13,Hardware,1,987.0,987.0,700.0,287.0
SO-2025-02568,2025-12-12,2025-12,North America,Mexico,Sofia Ramirez,Security Suite,Software,2,693.0,1386.0,220.0,1166.0
SO-2025-00862,2025-12-12,2025-12,Europe,Spain,Emma Laurent,Wireless Mouse,Accessories,1,61.1,61.1,24.0,37.1
SO-2025-03125,2025-12-12,2025-12,Europe,United Kingdom,Noah Muller,Mechanical Keyboard,Accessories,4,111.8,447.2,248.0,199.2
SO-2025-01560,2025-12-12,2025-12,Europe,France,Emma Laurent,Wireless Mouse,Accessories,6,52.65,315.9,144.0,171.9
SO-2025-01995,2025-12-12,2025-12,North America,United States,Ava Thompson,CRM Suite (annual),Software,6,882.0,5292.0,840.0,4452.0
SO-2025-01440,2025-12-12,2025-12,LATAM,Argentina,Diego Fernandez,Wireless Mouse,Accessories,1,52.0,52.0,24.0,28.0
SO-2025-02037,2025-12-12,2025-12,Europe,France,Oliver Smith,USB-C Dock,Accessories,1,174.6,174.6,88.0,86.6
SO-2025-03492,2025-12-12,2025-12,APAC,India,Haruto Sato,USB-C Dock,Accessories,8,176.4,1411.2,704.0,707.2
SO-2025-05956,2025-12-12,2025-12,North America,United States,Liam Chen,Laptop Pro 15,Hardware,4,1247.0,4988.0,3920.0,1068.0
SO-2025-01623,2025-12-12,2025-12,LATAM,Chile,Diego Fernandez,UltraWide Monitor 34,Hardware,4,613.8,2455.2,1640.0,815.2
SO-2025-04309,2025-12-12,2025-12,LATAM,Brazil,Mateo Silva,Laptop Pro 15,Hardware,1,1160.0,1160.0,980.0,180.0
SO-2025-05900,2025-12-12,2025-12,APAC,Australia,Haruto Sato,Security Suite,Software,3,616.0,1848.0,330.0,1518.0
SO-2025-02157,2025-12-12,2025-12,APAC,Japan,Haruto Sato,Wireless Mouse,Accessories,4,55.9,223.6,96.0,127.6
SO-2025-04908,2025-12-12,2025-12,North America,Mexico,Liam Chen,Wireless Mouse,Accessories,7,60.45,423.15,168.0,255.15
SO-2025-04615,2025-12-12,2025-12,Europe,Spain,Emma Laurent,Analytics Add-on,Software,1,396.0,396.0,70.0,326.0
SO-2025-04269,2025-12-12,2025-12,North America,United States,Ava Thompson,Laptop Air 13,Hardware,3,871.5,2614.5,2100.0,514.5
SO-2025-01047,2025-12-12,2025-12,Europe,Germany,Noah Muller,USB-C Dock,Accessories,7,145.8,1020.6,616.0,404.6
SO-2025-00994,2025-12-12,2025-12,Europe,Spain,Noah Muller,Laptop Air 13,Hardware,2,955.5,1911.0,1400.0,511.0
SO-2025-04848,2025-12-13,2025-12,APAC,India,Priya Nair,Wireless Mouse,Accessories,7,58.5,409.5,168.0,241.5
SO-2025-00544,2025-12-13,2025-12,North America,Mexico,Liam Chen,Laptop Pro 15,Hardware,3,1305.0,3915.0,2940.0,975.0
SO-2025-03927,2025-12-13,2025-12,Europe,Spain,Noah Muller,USB-C Dock,Accessories,2,165.6,331.2,176.0,155.2
SO-2025-01601,2025-12-13,2025-12,Europe,Germany,Oliver Smith,Laptop Air 13,Hardware,3,861.0,2583.0,2100.0,483.0
SO-2025-05370,2025-12-13,2025-12,Europe,United Kingdom,Emma Laurent,Mechanical Keyboard,Accessories,9,124.8,1123.2,558.0,565.2
SO-2025-04265,2025-12-13,2025-12,APAC,Singapore,Priya Nair,CRM Suite (annual),Software,23,882.0,20286.0,3220.0,17066.0
SO-2025-00492,2025-12-13,2025-12,North America,United States,Sofia Ramirez,Security Suite,Software,7,595.0,4165.0,770.0,3395.0
SO-2025-00487,2025-12-13,2025-12,North America,Mexico,Ava Thompson,CRM Suite (annual),Software,1,738.0,738.0,140.0,598.0
SO-2025-02728,2025-12-13,2025-12,North America,United States,Ava Thompson,Mechanical Keyboard,Accessories,6,114.4,686.4,372.0,314.4
SO-2025-02839,2025-12-13,2025-12,North America,United States,Ava Thompson,Security Suite,Software,19,630.0,11970.0,2090.0,9880.0
SO-2025-03712,2025-12-13,2025-12,North America,Canada,Ava Thompson,Mechanical Keyboard,Accessories,1,126.1,126.1,62.0,64.1
SO-2025-00285,2025-12-13,2025-12,North America,Mexico,Sofia Ramirez,Analytics Add-on,Software,5,391.5,1957.5,350.0,1607.5
SO-2025-01772,2025-12-13,2025-12,APAC,India,Priya Nair,Wireless Mouse,Accessories,6,53.3,319.8,144.0,175.8
SO-2025-04563,2025-12-13,2025-12,Europe,United Kingdom,Noah Muller,Noise-Cancel Headset,Accessories,9,230.4,2073.6,1062.0,1011.6
SO-2025-04899,2025-12-13,2025-12,APAC,Australia,Priya Nair,Laptop Air 13,Hardware,1,871.5,871.5,700.0,171.5
SO-2025-03839,2025-12-13,2025-12,Europe,France,Oliver Smith,Wireless Mouse,Accessories,7,59.8,418.6,168.0,250.6
SO-2025-01549,2025-12-13,2025-12,APAC,Singapore,Priya Nair,Wireless Mouse,Accessories,2,56.55,113.1,48.0,65.1
SO-2025-03936,2025-12-13,2025-12,Europe,Spain,Emma Laurent,Mechanical Keyboard,Accessories,9,120.9,1088.1,558.0,530.1
SO-2025-02094,2025-12-13,2025-12,Europe,France,Oliver Smith,Laptop Air 13,Hardware,2,882.0,1764.0,1400.0,364.0
SO-2025-00901,2025-12-13,2025-12,Europe,France,Noah Muller,Mechanical Keyboard,Accessories,10,127.4,1274.0,620.0,654.0
SO-2025-03714,2025-12-13,2025-12,APAC,India,Haruto Sato,CRM Suite (annual),Software,1,855.0,855.0,140.0,715.0
SO-2025-02254,2025-12-13,2025-12,North America,Mexico,Ava Thompson,Wireless Mouse,Accessories,10,62.4,624.0,240.0,384.0
SO-2025-05160,2025-12-13,2025-12,North America,United States,Ava Thompson,Analytics Add-on,Software,19,436.5,8293.5,1330.0,6963.5
SO-2025-03457,2025-12-14,2025-12,North America,Mexico,Ava Thompson,Laptop Air 13,Hardware,3,934.5,2803.5,2100.0,703.5
SO-2025-03062,2025-12-14,2025-12,North America,United States,Ava Thompson,UltraWide Monitor 34,Hardware,2,613.8,1227.6,820.0,407.6
SO-2025-04469,2025-12-14,2025-12,Europe,Spain,Oliver Smith,USB-C Dock,Accessories,9,149.4,1344.6,792.0,552.6
SO-2025-04053,2025-12-14,2025-12,North America,Mexico,Ava Thompson,Laptop Air 13,Hardware,2,903.0,1806.0,1400.0,406.0
SO-2025-04685,2025-12-14,2025-12,APAC,Singapore,Priya Nair,Laptop Pro 15,Hardware,4,1305.0,5220.0,3920.0,1300.0
SO-2025-04689,2025-12-14,2025-12,APAC,Australia,Chloe Wong,Laptop Air 13,Hardware,4,892.5,3570.0,2800.0,770.0
SO-2025-00162,2025-12-14,2025-12,APAC,Japan,Priya Nair,Noise-Cancel Headset,Accessories,6,235.2,1411.2,708.0,703.2
SO-2025-03843,2025-12-14,2025-12,North America,United States,Liam Chen,Wireless Mouse,Accessories,3,53.3,159.9,72.0,87.9
SO-2025-05988,2025-12-14,2025-12,LATAM,Brazil,Mateo Silva,Analytics Add-on,Software,13,423.0,5499.0,910.0,4589.0
SO-2025-04551,2025-12-14,2025-12,North America,Mexico,Ava Thompson,Laptop Air 13,Hardware,1,913.5,913.5,700.0,213.5
SO-2025-02475,2025-12-14,2025-12,North America,Canada,Liam Chen,Laptop Air 13,Hardware,2,840.0,1680.0,1400.0,280.0
SO-2025-04218,2025-12-14,2025-12,North America,Mexico,Ava Thompson,USB-C Dock,Accessories,2,172.8,345.6,176.0,169.6
SO-2025-01235,2025-12-14,2025-12,Europe,Germany,Emma Laurent,Security Suite,Software,11,574.0,6314.0,1210.0,5104.0
SO-2025-05188,2025-12-14,2025-12,APAC,Japan,Haruto Sato,Analytics Add-on,Software,1,423.0,423.0,70.0,353.0
SO-2025-03615,2025-12-14,2025-12,LATAM,Brazil,Diego Fernandez,Analytics Add-on,Software,10,441.0,4410.0,700.0,3710.0
SO-2025-01834,2025-12-14,2025-12,North America,Canada,Ava Thompson,CRM Suite (annual),Software,13,801.0,10413.0,1820.0,8593.0
SO-2025-04165,2025-12-14,2025-12,North America,Canada,Liam Chen,Noise-Cancel Headset,Accessories,2,192.0,384.0,236.0,148.0
SO-2025-03565,2025-12-14,2025-12,Europe,Germany,Oliver Smith,Wireless Mouse,Accessories,6,59.8,358.8,144.0,214.8
SO-2025-05311,2025-12-14,2025-12,APAC,Singapore,Priya Nair,CRM Suite (annual),Software,5,855.0,4275.0,700.0,3575.0
SO-2025-04921,2025-12-15,2025-12,Europe,France,Emma Laurent,Wireless Mouse,Accessories,7,59.8,418.6,168.0,250.6
SO-2025-04028,2025-12-15,2025-12,APAC,Singapore,Chloe Wong,Laptop Air 13,Hardware,3,840.0,2520.0,2100.0,420.0
SO-2025-01825,2025-12-15,2025-12,Europe,Germany,Emma Laurent,USB-C Dock,Accessories,6,172.8,1036.8,528.0,508.8
SO-2025-00684,2025-12-15,2025-12,Europe,Spain,Noah Muller,Security Suite,Software,8,672.0,5376.0,880.0,4496.0
SO-2025-03657,2025-12-15,2025-12,Europe,United Kingdom,Oliver Smith,Noise-Cancel Headset,Accessories,9,196.8,1771.2,1062.0,709.2
SO-2025-02743,2025-12-15,2025-12,North America,Canada,Sofia Ramirez,UltraWide Monitor 34,Hardware,3,589.0,1767.0,1230.0,537.0
SO-2025-00603,2025-12-15,2025-12,APAC,Japan,Priya Nair,Laptop Air 13,Hardware,1,966.0,966.0,700.0,266.0
SO-2025-00600,2025-12-15,2025-12,LATAM,Chile,Mateo Silva,UltraWide Monitor 34,Hardware,4,558.0,2232.0,1640.0,592.0
SO-2025-02720,2025-12-15,2025-12,APAC,Japan,Haruto Sato,Laptop Pro 15,Hardware,1,1247.0,1247.0,980.0,267.0
SO-2025-00670,2025-12-15,2025-12,LATAM,Brazil,Diego Fernandez,Laptop Pro 15,Hardware,3,1276.0,3828.0,2940.0,888.0
SO-2025-05840,2025-12-15,2025-12,LATAM,Chile,Mateo Silva,USB-C Dock,Accessories,7,151.2,1058.4,616.0,442.4
SO-2025-04957,2025-12-15,2025-12,APAC,Singapore,Chloe Wong,Laptop Air 13,Hardware,1,1008.0,1008.0,700.0,308.0
SO-2025-05118,2025-12-15,2025-12,North America,Mexico,Ava Thompson,Laptop Pro 15,Hardware,2,1174.5,2349.0,1960.0,389.0
SO-2025-01482,2025-12-15,2025-12,Europe,France,Noah Muller,Security Suite,Software,15,595.0,8925.0,1650.0,7275.0
SO-2025-03774,2025-12-15,2025-12,Europe,United Kingdom,Emma Laurent,CRM Suite (annual),Software,16,783.0,12528.0,2240.0,10288.0
SO-2025-03187,2025-12-15,2025-12,North America,Canada,Sofia Ramirez,Wireless Mouse,Accessories,9,52.65,473.85,216.0,257.85
SO-2025-04754,2025-12-15,2025-12,North America,Mexico,Ava Thompson,Mechanical Keyboard,Accessories,7,109.2,764.4,434.0,330.4
SO-2025-04838,2025-12-15,2025-12,Europe,United Kingdom,Emma Laurent,Security Suite,Software,23,630.0,14490.0,2530.0,11960.0
SO-2025-03842,2025-12-15,2025-12,Europe,Spain,Noah Muller,CRM Suite (annual),Software,7,801.0,5607.0,980.0,4627.0
SO-2025-04791,2025-12-15,2025-12,APAC,Singapore,Priya Nair,Wireless Mouse,Accessories,5,62.4,312.0,120.0,192.0
SO-2025-00753,2025-12-15,2025-12,North America,Canada,Sofia Ramirez,Noise-Cancel Headset,Accessories,8,218.4,1747.2,944.0,803.2
SO-2025-04780,2025-12-15,2025-12,Europe,France,Noah Muller,CRM Suite (annual),Software,8,819.0,6552.0,1120.0,5432.0
SO-2025-00939,2025-12-16,2025-12,APAC,India,Chloe Wong,Wireless Mouse,Accessories,2,54.6,109.2,48.0,61.2
SO-2025-05764,2025-12-16,2025-12,North America,United States,Sofia Ramirez,Analytics Add-on,Software,5,432.0,2160.0,350.0,1810.0
SO-2025-02814,2025-12-16,2025-12,APAC,Singapore,Priya Nair,Mechanical Keyboard,Accessories,7,128.7,900.9,434.0,466.9
SO-2025-00646,2025-12-16,2025-12,Europe,France,Emma Laurent,Laptop Air 13,Hardware,1,892.5,892.5,700.0,192.5
SO-2025-00344,2025-12-16,2025-12,North America,Canada,Ava Thompson,Laptop Air 13,Hardware,2,976.5,1953.0,1400.0,553.0
SO-2025-05782,2025-12-16,2025-12,Europe,United Kingdom,Noah Muller,Noise-Cancel Headset,Accessories,8,230.4,1843.2,944.0,899.2
SO-2025-03249,2025-12-16,2025-12,North America,Mexico,Ava Thompson,Laptop Air 13,Hardware,4,924.0,3696.0,2800.0,896.0
SO-2025-00225,2025-12-16,2025-12,North America,United States,Ava Thompson,Wireless Mouse,Accessories,8,52.0,416.0,192.0,224.0
SO-2025-00507,2025-12-16,2025-12,APAC,Singapore,Haruto Sato,Noise-Cancel Headset,Accessories,6,211.2,1267.2,708.0,559.2
SO-2025-01690,2025-12-16,2025-12,North America,Mexico,Sofia Ramirez,Mechanical Keyboard,Accessories,2,128.7,257.4,124.0,133.4
SO-2025-00606,2025-12-16,2025-12,North America,United States,Sofia Ramirez,UltraWide Monitor 34,Hardware,2,558.0,1116.0,820.0,296.0
SO-2025-05819,2025-12-16,2025-12,North America,Mexico,Sofia Ramirez,UltraWide Monitor 34,Hardware,3,607.6,1822.8,1230.0,592.8
SO-2025-01049,2025-12-16,2025-12,North America,Canada,Sofia Ramirez,Wireless Mouse,Accessories,6,53.95,323.7,144.0,179.7
SO-2025-01777,2025-12-16,2025-12,APAC,Australia,Haruto Sato,CRM Suite (annual),Software,3,729.0,2187.0,420.0,1767.0
SO-2025-05357,2025-12-16,2025-12,North America,Mexico,Ava Thompson,Wireless Mouse,Accessories,9,55.25,497.25,216.0,281.25
SO-2025-00446,2025-12-16,2025-12,APAC,India,Priya Nair,Wireless Mouse,Accessories,5,63.7,318.5,120.0,198.5
SO-2025-00237,2025-12-16,2025-12,North America,Mexico,Liam Chen,Mechanical Keyboard,Accessories,2,111.8,223.6,124.0,99.6
SO-2025-04395,2025-12-16,2025-12,North America,Mexico,Liam Chen,Laptop Air 13,Hardware,3,913.5,2740.5,2100.0,640.5
SO-2025-02700,2025-12-16,2025-12,Europe,United Kingdom,Emma Laurent,CRM Suite (annual),Software,24,837.0,20088.0,3360.0,16728.0
SO-2025-04159,2025-12-16,2025-12,APAC,India,Chloe Wong,Wireless Mouse,Accessories,3,63.7,191.1,72.0,119.1
SO-2025-05048,2025-12-16,2025-12,APAC,Singapore,Priya Nair,Security Suite,Software,15,637.0,9555.0,1650.0,7905.0
SO-2025-05907,2025-12-16,2025-12,North America,Mexico,Ava Thompson,Noise-Cancel Headset,Accessories,4,235.2,940.8,472.0,468.8
SO-2025-04846,2025-12-16,2025-12,North America,Mexico,Liam Chen,Laptop Air 13,Hardware,4,913.5,3654.0,2800.0,854.0
SO-2025-05890,2025-12-16,2025-12,Europe,United Kingdom,Oliver Smith,Noise-Cancel Headset,Accessories,2,211.2,422.4,236.0,186.4
SO-2025-05715,2025-12-16,2025-12,APAC,Singapore,Priya Nair,Wireless Mouse,Accessories,2,57.2,114.4,48.0,66.4
SO-2025-05958,2025-12-16,2025-12,North America,Canada,Sofia Ramirez,Laptop Pro 15,Hardware,3,1421.0,4263.0,2940.0,1323.0
SO-2025-00303,2025-12-16,2025-12,APAC,India,Haruto Sato,Mechanical Keyboard,Accessories,7,128.7,900.9,434.0,466.9
SO-2025-02736,2025-12-16,2025-12,North America,Canada,Sofia Ramirez,Noise-Cancel Headset,Accessories,4,211.2,844.8,472.0,372.8
SO-2025-02581,2025-12-16,2025-12,Europe,Spain,Oliver Smith,CRM Suite (annual),Software,18,747.0,13446.0,2520.0,10926.0
SO-2025-05837,2025-12-16,2025-12,Europe,France,Noah Muller,CRM Suite (annual),Software,21,864.0,18144.0,2940.0,15204.0
SO-2025-00954,2025-12-16,2025-12,LATAM,Chile,Diego Fernandez,Security Suite,Software,20,602.0,12040.0,2200.0,9840.0
SO-2025-00694,2025-12-17,2025-12,North America,United States,Sofia Ramirez,UltraWide Monitor 34,Hardware,4,508.4,2033.6,1640.0,393.6
SO-2025-04749,2025-12-17,2025-12,LATAM,Argentina,Camila Rojas,Noise-Cancel Headset,Accessories,9,194.4,1749.6,1062.0,687.6
SO-2025-00406,2025-12-17,2025-12,Europe,France,Emma Laurent,Security Suite,Software,3,616.0,1848.0,330.0,1518.0
SO-2025-01009,2025-12-17,2025-12,APAC,India,Haruto Sato,Wireless Mouse,Accessories,1,55.9,55.9,24.0,31.9
SO-2025-03934,2025-12-17,2025-12,APAC,India,Haruto Sato,Noise-Cancel Headset,Accessories,6,192.0,1152.0,708.0,444.0
SO-2025-04471,2025-12-17,2025-12,North America,Canada,Sofia Ramirez,Mechanical Keyboard,Accessories,4,105.3,421.2,248.0,173.2
SO-2025-03200,2025-12-17,2025-12,LATAM,Brazil,Camila Rojas,USB-C Dock,Accessories,3,169.2,507.6,264.0,243.6
SO-2025-00843,2025-12-17,2025-12,APAC,India,Haruto Sato,Laptop Pro 15,Hardware,3,1319.5,3958.5,2940.0,1018.5
SO-2025-03217,2025-12-17,2025-12,Europe,Spain,Oliver Smith,Mechanical Keyboard,Accessories,8,106.6,852.8,496.0,356.8
SO-2025-04879,2025-12-17,2025-12,North America,Canada,Ava Thompson,Wireless Mouse,Accessories,6,65.0,390.0,144.0,246.0
SO-2025-04302,2025-12-17,2025-12,North America,Mexico,Liam Chen,USB-C Dock,Accessories,7,162.0,1134.0,616.0,518.0
SO-2025-00861,2025-12-17,2025-12,Europe,Spain,Emma Laurent,Noise-Cancel Headset,Accessories,9,194.4,1749.6,1062.0,687.6
SO-2025-03430,2025-12-17,2025-12,APAC,Australia,Priya Nair,CRM Suite (annual),Software,14,882.0,12348.0,1960.0,10388.0
SO-2025-04238,2025-12-17,2025-12,APAC,Japan,Chloe Wong,Security Suite,Software,22,595.0,13090.0,2420.0,10670.0
SO-2025-04712,2025-12-17,2025-12,Europe,Germany,Noah Muller,Analytics Add-on,Software,24,382.5,9180.0,1680.0,7500.0
SO-2025-00308,2025-12-17,2025-12,North America,United States,Sofia Ramirez,Laptop Pro 15,Hardware,1,1334.0,1334.0,980.0,354.0
SO-2025-00243,2025-12-17,2025-12,Europe,Germany,Noah Muller,USB-C Dock,Accessories,1,178.2,178.2,88.0,90.2
SO-2025-00105,2025-12-17,2025-12,Europe,Spain,Noah Muller,USB-C Dock,Accessories,7,153.0,1071.0,616.0,455.0
SO-2025-05308,2025-12-17,2025-12,North America,Canada,Sofia Ramirez,Analytics Add-on,Software,9,373.5,3361.5,630.0,2731.5
SO-2025-00357,2025-12-17,2025-12,Europe,Spain,Oliver Smith,Wireless Mouse,Accessories,8,58.5,468.0,192.0,276.0
SO-2025-00899,2025-12-17,2025-12,North America,Canada,Ava Thompson,Laptop Air 13,Hardware,4,945.0,3780.0,2800.0,980.0
SO-2025-05650,2025-12-18,2025-12,Europe,France,Noah Muller,CRM Suite (annual),Software,21,720.0,15120.0,2940.0,12180.0
SO-2025-03026,2025-12-18,2025-12,Europe,France,Oliver Smith,UltraWide Monitor 34,Hardware,4,545.6,2182.4,1640.0,542.4
SO-2025-05605,2025-12-18,2025-12,North America,Mexico,Liam Chen,USB-C Dock,Accessories,5,169.2,846.0,440.0,406.0
SO-2025-00054,2025-12-18,2025-12,APAC,Australia,Priya Nair,Wireless Mouse,Accessories,6,57.2,343.2,144.0,199.2
SO-2025-01547,2025-12-18,2025-12,North America,Canada,Sofia Ramirez,USB-C Dock,Accessories,4,165.6,662.4,352.0,310.4
SO-2025-02236,2025-12-18,2025-12,Europe,France,Noah Muller,Wireless Mouse,Accessories,10,57.85,578.5,240.0,338.5
SO-2025-05582,2025-12-18,2025-12,North America,Canada,Sofia Ramirez,Laptop Pro 15,Hardware,1,1276.0,1276.0,980.0,296.0
SO-2025-05141,2025-12-18,2025-12,North America,Canada,Liam Chen,Mechanical Keyboard,Accessories,4,130.0,520.0,248.0,272.0
SO-2025-02359,2025-12-18,2025-12,North America,United States,Liam Chen,USB-C Dock,Accessories,7,163.8,1146.6,616.0,530.6
SO-2025-00421,2025-12-18,2025-12,APAC,Singapore,Chloe Wong,Mechanical Keyboard,Accessories,9,109.2,982.8,558.0,424.8
SO-2025-00051,2025-12-18,2025-12,North America,United States,Ava Thompson,Analytics Add-on,Software,9,432.0,3888.0,630.0,3258.0
SO-2025-03085,2025-12-18,2025-12,APAC,India,Haruto Sato,Wireless Mouse,Accessories,4,52.65,210.6,96.0,114.6
SO-2025-00668,2025-12-18,2025-12,LATAM,Argentina,Camila Rojas,Wireless Mouse,Accessories,7,53.95,377.65,168.0,209.65
SO-2025-02221,2025-12-18,2025-12,North America,Canada,Sofia Ramirez,Laptop Pro 15,Hardware,2,1203.5,2407.0,1960.0,447.0
SO-2025-00073,2025-12-18,2025-12,North America,Canada,Sofia Ramirez,USB-C Dock,Accessories,1,176.4,176.4,88.0,88.4
SO-2025-05305,2025-12-18,2025-12,LATAM,Argentina,Camila Rojas,Laptop Air 13,Hardware,2,966.0,1932.0,1400.0,532.0
SO-2025-05974,2025-12-18,2025-12,LATAM,Brazil,Mateo Silva,Analytics Add-on,Software,13,378.0,4914.0,910.0,4004.0
SO-2025-04552,2025-12-18,2025-12,Europe,Spain,Oliver Smith,Laptop Air 13,Hardware,1,934.5,934.5,700.0,234.5
SO-2025-01017,2025-12-18,2025-12,Europe,Germany,Emma Laurent,CRM Suite (annual),Software,17,882.0,14994.0,2380.0,12614.0
SO-2025-04773,2025-12-18,2025-12,North America,Mexico,Liam Chen,Noise-Cancel Headset,Accessories,7,240.0,1680.0,826.0,854.0
SO-2025-01036,2025-12-18,2025-12,Europe,United Kingdom,Oliver Smith,USB-C Dock,Accessories,8,162.0,1296.0,704.0,592.0
SO-2025-03688,2025-12-18,2025-12,LATAM,Argentina,Camila Rojas,Analytics Add-on,Software,4,414.0,1656.0,280.0,1376.0
SO-2025-02384,2025-12-18,2025-12,Europe,Germany,Oliver Smith,Security Suite,Software,13,602.0,7826.0,1430.0,6396.0
SO-2025-01130,2025-12-18,2025-12,North America,Mexico,Ava Thompson,Analytics Add-on,Software,17,391.5,6655.5,1190.0,5465.5
SO-2025-04349,2025-12-18,2025-12,Europe,United Kingdom,Oliver Smith,Analytics Add-on,Software,23,418.5,9625.5,1610.0,8015.5
SO-2025-05116,2025-12-19,2025-12,APAC,Japan,Haruto Sato,Noise-Cancel Headset,Accessories,1,220.8,220.8,118.0,102.8
SO-2025-05076,2025-12-19,2025-12,North America,Mexico,Ava Thompson,Wireless Mouse,Accessories,7,56.55,395.85,168.0,227.85
SO-2025-00425,2025-12-19,2025-12,APAC,Singapore,Priya Nair,Security Suite,Software,6,672.0,4032.0,660.0,3372.0
SO-2025-05970,2025-12-19,2025-12,LATAM,Argentina,Camila Rojas,Wireless Mouse,Accessories,6,54.6,327.6,144.0,183.6
SO-2025-02935,2025-12-19,2025-12,APAC,Japan,Haruto Sato,Security Suite,Software,9,672.0,6048.0,990.0,5058.0
SO-2025-02370,2025-12-19,2025-12,APAC,Singapore,Priya Nair,USB-C Dock,Accessories,3,180.0,540.0,264.0,276.0
SO-2025-05335,2025-12-19,2025-12,North America,United States,Ava Thompson,CRM Suite (annual),Software,11,765.0,8415.0,1540.0,6875.0
SO-2025-02856,2025-12-19,2025-12,APAC,Singapore,Haruto Sato,Mechanical Keyboard,Accessories,3,128.7,386.1,186.0,200.1
SO-2025-02355,2025-12-19,2025-12,Europe,Germany,Noah Muller,Laptop Pro 15,Hardware,4,1174.5,4698.0,3920.0,778.0
SO-2025-01251,2025-12-19,2025-12,Europe,Germany,Noah Muller,Laptop Air 13,Hardware,4,1039.5,4158.0,2800.0,1358.0
SO-2025-04268,2025-12-19,2025-12,North America,United States,Sofia Ramirez,Noise-Cancel Headset,Accessories,2,220.8,441.6,236.0,205.6
SO-2025-02252,2025-12-19,2025-12,LATAM,Argentina,Camila Rojas,Laptop Air 13,Hardware,1,903.0,903.0,700.0,203.0
SO-2025-02200,2025-12-19,2025-12,Europe,France,Noah Muller,USB-C Dock,Accessories,3,165.6,496.8,264.0,232.8
SO-2025-00566,2025-12-19,2025-12,APAC,India,Haruto Sato,Wireless Mouse,Accessories,9,63.7,573.3,216.0,357.3
SO-2025-04770,2025-12-19,2025-12,Europe,Germany,Noah Muller,Mechanical Keyboard,Accessories,5,109.2,546.0,310.0,236.0
SO-2025-04202,2025-12-19,2025-12,Europe,United Kingdom,Noah Muller,CRM Suite (annual),Software,17,810.0,13770.0,2380.0,11390.0
SO-2025-05262,2025-12-19,2025-12,North America,Mexico,Liam Chen,Security Suite,Software,9,574.0,5166.0,990.0,4176.0
SO-2025-01406,2025-12-19,2025-12,North America,United States,Liam Chen,Laptop Air 13,Hardware,1,934.5,934.5,700.0,234.5
SO-2025-05941,2025-12-19,2025-12,LATAM,Argentina,Camila Rojas,USB-C Dock,Accessories,5,172.8,864.0,440.0,424.0
SO-2025-02087,2025-12-19,2025-12,North America,Canada,Ava Thompson,Wireless Mouse,Accessories,6,59.8,358.8,144.0,214.8
SO-2025-04463,2025-12-19,2025-12,Europe,United Kingdom,Noah Muller,Analytics Add-on,Software,25,432.0,10800.0,1750.0,9050.0
SO-2025-04103,2025-12-19,2025-12,APAC,Japan,Priya Nair,Noise-Cancel Headset,Accessories,7,237.6,1663.2,826.0,837.2
SO-2025-04918,2025-12-19,2025-12,Europe,Germany,Oliver Smith,UltraWide Monitor 34,Hardware,4,520.8,2083.2,1640.0,443.2
SO-2025-01839,2025-12-19,2025-12,LATAM,Argentina,Camila Rojas,Mechanical Keyboard,Accessories,3,122.2,366.6,186.0,180.6
SO-2025-00813,2025-12-19,2025-12,Europe,France,Noah Muller,CRM Suite (annual),Software,19,873.0,16587.0,2660.0,13927.0
SO-2025-02636,2025-12-19,2025-12,APAC,Singapore,Chloe Wong,Security Suite,Software,5,574.0,2870.0,550.0,2320.0
SO-2025-05888,2025-12-20,2025-12,North America,Canada,Sofia Ramirez,Mechanical Keyboard,Accessories,10,123.5,1235.0,620.0,615.0
SO-2025-05793,2025-12-20,2025-12,North America,United States,Sofia Ramirez,Noise-Cancel Headset,Accessories,10,216.0,2160.0,1180.0,980.0
SO-2025-04933,2025-12-20,2025-12,APAC,Singapore,Haruto Sato,UltraWide Monitor 34,Hardware,3,589.0,1767.0,1230.0,537.0
SO-2025-00542,2025-12-20,2025-12,Europe,United Kingdom,Noah Muller,Noise-Cancel Headset,Accessories,8,228.0,1824.0,944.0,880.0
SO-2025-00934,2025-12-20,2025-12,North America,Mexico,Sofia Ramirez,Analytics Add-on,Software,2,387.0,774.0,140.0,634.0
SO-2025-03978,2025-12-20,2025-12,Europe,France,Emma Laurent,Wireless Mouse,Accessories,2,63.05,126.1,48.0,78.1
SO-2025-04406,2025-12-20,2025-12,North America,Mexico,Ava Thompson,UltraWide Monitor 34,Hardware,2,527.0,1054.0,820.0,234.0
SO-2025-01627,2025-12-20,2025-12,Europe,Germany,Oliver Smith,Analytics Add-on,Software,12,400.5,4806.0,840.0,3966.0
SO-2025-01579,2025-12-20,2025-12,Europe,Spain,Noah Muller,Wireless Mouse,Accessories,9,54.6,491.4,216.0,275.4
SO-2025-04143,2025-12-20,2025-12,APAC,Singapore,Priya Nair,Analytics Add-on,Software,13,382.5,4972.5,910.0,4062.5
SO-2025-02082,2025-12-20,2025-12,Europe,United Kingdom,Emma Laurent,Laptop Air 13,Hardware,3,892.5,2677.5,2100.0,577.5
SO-2025-01081,2025-12-20,2025-12,APAC,India,Chloe Wong,Mechanical Keyboard,Accessories,6,126.1,756.6,372.0,384.6
SO-2025-01139,2025-12-20,2025-12,North America,Mexico,Sofia Ramirez,Wireless Mouse,Accessories,3,60.45,181.35,72.0,109.35
SO-2025-02551,2025-12-20,2025-12,APAC,Singapore,Haruto Sato,Wireless Mouse,Accessories,5,63.05,315.25,120.0,195.25
SO-2025-05353,2025-12-20,2025-12,APAC,India,Priya Nair,Laptop Air 13,Hardware,1,955.5,955.5,700.0,255.5
SO-2025-02657,2025-12-20,2025-12,North America,United States,Liam Chen,Analytics Add-on,Software,16,423.0,6768.0,1120.0,5648.0
SO-2025-02925,2025-12-20,2025-12,APAC,Singapore,Haruto Sato,USB-C Dock,Accessories,2,145.8,291.6,176.0,115.6
SO-2025-01293,2025-12-20,2025-12,APAC,India,Haruto Sato,Analytics Add-on,Software,21,369.0,7749.0,1470.0,6279.0
SO-2025-04653,2025-12-20,2025-12,Europe,Germany,Noah Muller,CRM Suite (annual),Software,21,792.0,16632.0,2940.0,13692.0
SO-2025-04878,2025-12-20,2025-12,APAC,India,Haruto Sato,Noise-Cancel Headset,Accessories,3,237.6,712.8,354.0,358.8
SO-2025-01307,2025-12-20,2025-12,APAC,Singapore,Priya Nair,Mechanical Keyboard,Accessories,7,107.9,755.3,434.0,321.3
SO-2025-05627,2025-12-20,2025-12,APAC,Australia,Chloe Wong,Wireless Mouse,Accessories,6,52.0,312.0,144.0,168.0
SO-2025-04929,2025-12-20,2025-12,APAC,Singapore,Haruto Sato,USB-C Dock,Accessories,7,149.4,1045.8,616.0,429.8
SO-2025-04880,2025-12-20,2025-12,North America,United States,Ava Thompson,USB-C Dock,Accessories,10,156.6,1566.0,880.0,686.0
SO-2025-03718,2025-12-20,2025-12,Europe,Germany,Noah Muller,UltraWide Monitor 34,Hardware,1,570.4,570.4,410.0,160.4
SO-2025-00662,2025-12-21,2025-12,Europe,United Kingdom,Emma Laurent,Analytics Add-on,Software,2,418.5,837.0,140.0,697.0
SO-2025-03351,2025-12-21,2025-12,APAC,Japan,Chloe Wong,Security Suite,Software,15,623.0,9345.0,1650.0,7695.0
SO-2025-00651,2025-12-21,2025-12,North America,Canada,Sofia Ramirez,Laptop Air 13,Hardware,1,1018.5,1018.5,700.0,318.5
SO-2025-05665,2025-12-21,2025-12,North America,United States,Ava Thompson,USB-C Dock,Accessories,1,144.0,144.0,88.0,56.0
SO-2025-01145,2025-12-21,2025-12,APAC,Japan,Haruto Sato,Analytics Add-on,Software,11,418.5,4603.5,770.0,3833.5
SO-2025-04608,2025-12-21,2025-12,APAC,Singapore,Haruto Sato,Wireless Mouse,Accessories,9,60.45,544.05,216.0,328.05
SO-2025-03224,2025-12-21,2025-12,LATAM,Brazil,Mateo Silva,Security Suite,Software,21,588.0,12348.0,2310.0,10038.0
SO-2025-01509,2025-12-21,2025-12,Europe,Spain,Emma Laurent,CRM Suite (annual),Software,23,873.0,20079.0,3220.0,16859.0
SO-2025-03939,2025-12-21,2025-12,Europe,Germany,Noah Muller,CRM Suite (annual),Software,5,837.0,4185.0,700.0,3485.0
SO-2025-04582,2025-12-21,2025-12,APAC,India,Chloe Wong,Analytics Add-on,Software,14,418.5,5859.0,980.0,4879.0
SO-2025-04323,2025-12-21,2025-12,Europe,France,Oliver Smith,Mechanical Keyboard,Accessories,5,110.5,552.5,310.0,242.5
SO-2025-03846,2025-12-21,2025-12,LATAM,Argentina,Mateo Silva,Laptop Air 13,Hardware,2,903.0,1806.0,1400.0,406.0
SO-2025-04972,2025-12-21,2025-12,Europe,Germany,Emma Laurent,Analytics Add-on,Software,15,382.5,5737.5,1050.0,4687.5
SO-2025-05351,2025-12-21,2025-12,North America,Mexico,Ava Thompson,Security Suite,Software,14,686.0,9604.0,1540.0,8064.0
SO-2025-00571,2025-12-21,2025-12,APAC,India,Chloe Wong,USB-C Dock,Accessories,3,165.6,496.8,264.0,232.8
SO-2025-01978,2025-12-21,2025-12,LATAM,Chile,Mateo Silva,Wireless Mouse,Accessories,7,61.1,427.7,168.0,259.7
SO-2025-04294,2025-12-21,2025-12,North America,United States,Ava Thompson,Mechanical Keyboard,Accessories,2,126.1,252.2,124.0,128.2
SO-2025-01498,2025-12-21,2025-12,Europe,Spain,Oliver Smith,CRM Suite (annual),Software,17,756.0,12852.0,2380.0,10472.0
SO-2025-03508,2025-12-21,2025-12,North America,Canada,Liam Chen,UltraWide Monitor 34,Hardware,4,514.6,2058.4,1640.0,418.4
SO-2025-05479,2025-12-21,2025-12,Europe,Germany,Noah Muller,Laptop Air 13,Hardware,4,1029.0,4116.0,2800.0,1316.0
SO-2025-00040,2025-12-21,2025-12,Europe,France,Oliver Smith,Laptop Air 13,Hardware,2,997.5,1995.0,1400.0,595.0
SO-2025-03896,2025-12-21,2025-12,APAC,Singapore,Chloe Wong,Wireless Mouse,Accessories,8,54.6,436.8,192.0,244.8
SO-2025-05546,2025-12-21,2025-12,North America,United States,Sofia Ramirez,Noise-Cancel Headset,Accessories,7,204.0,1428.0,826.0,602.0
SO-2025-03500,2025-12-21,2025-12,North America,United States,Liam Chen,Analytics Add-on,Software,13,391.5,5089.5,910.0,4179.5
SO-2025-03641,2025-12-21,2025-12,North America,Canada,Liam Chen,Analytics Add-on,Software,19,378.0,7182.0,1330.0,5852.0
SO-2025-03531,2025-12-21,2025-12,Europe,Germany,Noah Muller,USB-C Dock,Accessories,1,165.6,165.6,88.0,77.6
SO-2025-01654,2025-12-21,2025-12,Europe,Spain,Noah Muller,Laptop Air 13,Hardware,3,892.5,2677.5,2100.0,577.5
SO-2025-03423,2025-12-21,2025-12,North America,United States,Ava Thompson,Security Suite,Software,24,630.0,15120.0,2640.0,12480.0
SO-2025-01683,2025-12-21,2025-12,Europe,Spain,Oliver Smith,UltraWide Monitor 34,Hardware,3,564.2,1692.6,1230.0,462.6
SO-2025-00763,2025-12-21,2025-12,APAC,Australia,Chloe Wong,Laptop Air 13,Hardware,3,966.0,2898.0,2100.0,798.0
SO-2025-04468,2025-12-22,2025-12,Europe,Germany,Oliver Smith,Analytics Add-on,Software,14,450.0,6300.0,980.0,5320.0
SO-2025-04902,2025-12-22,2025-12,Europe,Germany,Emma Laurent,USB-C Dock,Accessories,7,156.6,1096.2,616.0,480.2
SO-2025-02593,2025-12-22,2025-12,North America,United States,Liam Chen,Security Suite,Software,9,693.0,6237.0,990.0,5247.0
SO-2025-00247,2025-12-22,2025-12,Europe,Germany,Noah Muller,Wireless Mouse,Accessories,6,57.85,347.1,144.0,203.1
SO-2025-00534,2025-12-22,2025-12,North America,Mexico,Ava Thompson,Laptop Pro 15,Hardware,3,1392.0,4176.0,2940.0,1236.0
SO-2025-04906,2025-12-22,2025-12,Europe,France,Noah Muller,Mechanical Keyboard,Accessories,7,110.5,773.5,434.0,339.5
SO-2025-00318,2025-12-22,2025-12,LATAM,Chile,Diego Fernandez,Noise-Cancel Headset,Accessories,3,194.4,583.2,354.0,229.2
SO-2025-02234,2025-12-22,2025-12,North America,Mexico,Ava Thompson,CRM Suite (annual),Software,17,783.0,13311.0,2380.0,10931.0
SO-2025-01629,2025-12-22,2025-12,North America,United States,Liam Chen,UltraWide Monitor 34,Hardware,4,539.4,2157.6,1640.0,517.6
SO-2025-04730,2025-12-22,2025-12,Europe,France,Oliver Smith,Noise-Cancel Headset,Accessories,4,208.8,835.2,472.0,363.2
SO-2025-01865,2025-12-22,2025-12,North America,United States,Ava Thompson,Laptop Pro 15,Hardware,4,1348.5,5394.0,3920.0,1474.0
SO-2025-04920,2025-12-22,2025-12,LATAM,Argentina,Camila Rojas,Wireless Mouse,Accessories,10,65.0,650.0,240.0,410.0
SO-2025-01217,2025-12-22,2025-12,Europe,Germany,Oliver Smith,UltraWide Monitor 34,Hardware,3,496.0,1488.0,1230.0,258.0
SO-2025-01020,2025-12-22,2025-12,Europe,Germany,Emma Laurent,Mechanical Keyboard,Accessories,10,113.1,1131.0,620.0,511.0
SO-2025-00568,2025-12-22,2025-12,APAC,Australia,Chloe Wong,CRM Suite (annual),Software,12,891.0,10692.0,1680.0,9012.0
SO-2025-03798,2025-12-22,2025-12,North America,United States,Ava Thompson,USB-C Dock,Accessories,9,176.4,1587.6,792.0,795.6
SO-2025-03639,2025-12-22,2025-12,North America,Canada,Sofia Ramirez,UltraWide Monitor 34,Hardware,3,545.6,1636.8,1230.0,406.8
SO-2025-03483,2025-12-22,2025-12,North America,United States,Sofia Ramirez,Noise-Cancel Headset,Accessories,3,218.4,655.2,354.0,301.2
SO-2025-03449,2025-12-22,2025-12,Europe,Spain,Noah Muller,Mechanical Keyboard,Accessories,10,118.3,1183.0,620.0,563.0
SO-2025-01184,2025-12-22,2025-12,North America,United States,Sofia Ramirez,Noise-Cancel Headset,Accessories,8,235.2,1881.6,944.0,937.6
SO-2025-01941,2025-12-22,2025-12,Europe,United Kingdom,Emma Laurent,Laptop Pro 15,Hardware,4,1232.5,4930.0,3920.0,1010.0
SO-2025-05306,2025-12-22,2025-12,APAC,India,Priya Nair,Wireless Mouse,Accessories,6,57.85,347.1,144.0,203.1
SO-2025-01931,2025-12-22,2025-12,LATAM,Chile,Mateo Silva,CRM Suite (annual),Software,11,810.0,8910.0,1540.0,7370.0
SO-2025-03060,2025-12-22,2025-12,APAC,Australia,Haruto Sato,Mechanical Keyboard,Accessories,9,110.5,994.5,558.0,436.5
SO-2025-01197,2025-12-23,2025-12,APAC,Singapore,Haruto Sato,Laptop Air 13,Hardware,1,871.5,871.5,700.0,171.5
SO-2025-05713,2025-12-23,2025-12,APAC,Japan,Haruto Sato,Security Suite,Software,16,623.0,9968.0,1760.0,8208.0
SO-2025-01918,2025-12-23,2025-12,Europe,France,Noah Muller,CRM Suite (annual),Software,16,891.0,14256.0,2240.0,12016.0
SO-2025-02823,2025-12-23,2025-12,North America,Mexico,Sofia Ramirez,Analytics Add-on,Software,9,405.0,3645.0,630.0,3015.0
SO-2025-05594,2025-12-23,2025-12,Europe,Germany,Noah Muller,Laptop Air 13,Hardware,1,903.0,903.0,700.0,203.0
SO-2025-00765,2025-12-23,2025-12,LATAM,Argentina,Mateo Silva,USB-C Dock,Accessories,10,144.0,1440.0,880.0,560.0
SO-2025-03791,2025-12-23,2025-12,APAC,Japan,Haruto Sato,Analytics Add-on,Software,25,405.0,10125.0,1750.0,8375.0
SO-2025-03921,2025-12-23,2025-12,Europe,France,Noah Muller,Laptop Pro 15,Hardware,1,1319.5,1319.5,980.0,339.5
SO-2025-01012,2025-12-23,2025-12,Europe,France,Oliver Smith,CRM Suite (annual),Software,12,900.0,10800.0,1680.0,9120.0
SO-2025-01313,2025-12-23,2025-12,Europe,France,Emma Laurent,Security Suite,Software,17,686.0,11662.0,1870.0,9792.0
SO-2025-04372,2025-12-23,2025-12,North America,Canada,Ava Thompson,Laptop Air 13,Hardware,2,1008.0,2016.0,1400.0,616.0
SO-2025-03461,2025-12-23,2025-12,Europe,Spain,Oliver Smith,Wireless Mouse,Accessories,5,55.9,279.5,120.0,159.5
SO-2025-02583,2025-12-23,2025-12,LATAM,Brazil,Mateo Silva,Security Suite,Software,17,700.0,11900.0,1870.0,10030.0
SO-2025-03412,2025-12-23,2025-12,APAC,India,Haruto Sato,CRM Suite (annual),Software,13,810.0,10530.0,1820.0,8710.0
SO-2025-01578,2025-12-23,2025-12,North America,Mexico,Ava Thompson,Security Suite,Software,1,581.0,581.0,110.0,471.0
SO-2025-04690,2025-12-23,2025-12,APAC,India,Chloe Wong,Laptop Air 13,Hardware,1,882.0,882.0,700.0,182.0
SO-2025-03134,2025-12-24,2025-12,APAC,Singapore,Chloe Wong,Laptop Pro 15,Hardware,3,1377.5,4132.5,2940.0,1192.5
SO-2025-03289,2025-12-24,2025-12,North America,Canada,Ava Thompson,Analytics Add-on,Software,23,382.5,8797.5,1610.0,7187.5
SO-2025-05997,2025-12-24,2025-12,Europe,Germany,Noah Muller,UltraWide Monitor 34,Hardware,3,620.0,1860.0,1230.0,630.0
SO-2025-04436,2025-12-24,2025-12,LATAM,Chile,Diego Fernandez,UltraWide Monitor 34,Hardware,4,551.8,2207.2,1640.0,567.2
SO-2025-03314,2025-12-24,2025-12,LATAM,Chile,Diego Fernandez,Laptop Pro 15,Hardware,3,1406.5,4219.5,2940.0,1279.5
SO-2025-04680,2025-12-24,2025-12,North America,Mexico,Sofia Ramirez,Security Suite,Software,13,679.0,8827.0,1430.0,7397.0
SO-2025-00041,2025-12-24,2025-12,Europe,France,Emma Laurent,Noise-Cancel Headset,Accessories,6,230.4,1382.4,708.0,674.4
SO-2025-03031,2025-12-24,2025-12,APAC,Australia,Haruto Sato,CRM Suite (annual),Software,23,774.0,17802.0,3220.0,14582.0
SO-2025-02064,2025-12-24,2025-12,North America,Mexico,Liam Chen,Noise-Cancel Headset,Accessories,7,232.8,1629.6,826.0,803.6
SO-2025-03652,2025-12-24,2025-12,Europe,France,Emma Laurent,CRM Suite (annual),Software,7,783.0,5481.0,980.0,4501.0
SO-2025-05862,2025-12-24,2025-12,North America,Mexico,Liam Chen,UltraWide Monitor 34,Hardware,1,527.0,527.0,410.0,117.0
SO-2025-02179,2025-12-24,2025-12,North America,Mexico,Ava Thompson,Laptop Air 13,Hardware,2,955.5,1911.0,1400.0,511.0
SO-2025-02197,2025-12-24,2025-12,North America,Mexico,Ava Thompson,Mechanical Keyboard,Accessories,10,106.6,1066.0,620.0,446.0
SO-2025-04002,2025-12-24,2025-12,Europe,Spain,Emma Laurent,Security Suite,Software,19,567.0,10773.0,2090.0,8683.0
SO-2025-04056,2025-12-24,2025-12,North America,Mexico,Sofia Ramirez,Mechanical Keyboard,Accessories,7,126.1,882.7,434.0,448.7
SO-2025-04150,2025-12-24,2025-12,Europe,United Kingdom,Noah Muller,Laptop Air 13,Hardware,1,861.0,861.0,700.0,161.0
SO-2025-04775,2025-12-24,2025-12,North America,Canada,Ava Thompson,Laptop Air 13,Hardware,4,1039.5,4158.0,2800.0,1358.0
SO-2025-04760,2025-12-24,2025-12,APAC,Australia,Chloe Wong,UltraWide Monitor 34,Hardware,2,582.8,1165.6,820.0,345.6
SO-2025-05467,2025-12-24,2025-12,North America,United States,Ava Thompson,USB-C Dock,Accessories,2,149.4,298.8,176.0,122.8
SO-2025-01306,2025-12-24,2025-12,North America,Mexico,Ava Thompson,UltraWide Monitor 34,Hardware,2,520.8,1041.6,820.0,221.6
SO-2025-00896,2025-12-24,2025-12,LATAM,Brazil,Mateo Silva,Mechanical Keyboard,Accessories,4,120.9,483.6,248.0,235.6
SO-2025-01701,2025-12-24,2025-12,North America,Canada,Ava Thompson,Laptop Air 13,Hardware,3,955.5,2866.5,2100.0,766.5
SO-2025-01025,2025-12-24,2025-12,LATAM,Brazil,Mateo Silva,Wireless Mouse,Accessories,8,55.9,447.2,192.0,255.2
SO-2025-05425,2025-12-24,2025-12,Europe,France,Noah Muller,UltraWide Monitor 34,Hardware,1,558.0,558.0,410.0,148.0
SO-2025-05082,2025-12-24,2025-12,North America,Mexico,Liam Chen,Security Suite,Software,2,651.0,1302.0,220.0,1082.0
SO-2025-01548,2025-12-24,2025-12,Europe,France,Oliver Smith,CRM Suite (annual),Software,15,864.0,12960.0,2100.0,10860.0
SO-2025-00063,2025-12-25,2025-12,Europe,Germany,Oliver Smith,USB-C Dock,Accessories,1,160.2,160.2,88.0,72.2
SO-2025-04037,2025-12-25,2025-12,LATAM,Chile,Camila Rojas,Laptop Air 13,Hardware,1,955.5,955.5,700.0,255.5
SO-2025-01003,2025-12-25,2025-12,North America,United States,Sofia Ramirez,Noise-Cancel Headset,Accessories,2,201.6,403.2,236.0,167.2
SO-2025-01070,2025-12-25,2025-12,Europe,Spain,Noah Muller,Noise-Cancel Headset,Accessories,10,235.2,2352.0,1180.0,1172.0
SO-2025-03315,2025-12-25,2025-12,North America,Mexico,Sofia Ramirez,Security Suite,Software,10,623.0,6230.0,1100.0,5130.0
SO-2025-04212,2025-12-25,2025-12,Europe,Germany,Noah Muller,Wireless Mouse,Accessories,6,63.7,382.2,144.0,238.2
SO-2025-03209,2025-12-25,2025-12,APAC,Singapore,Haruto Sato,Wireless Mouse,Accessories,9,62.4,561.6,216.0,345.6
SO-2025-05384,2025-12-25,2025-12,North America,Mexico,Liam Chen,USB-C Dock,Accessories,1,169.2,169.2,88.0,81.2
SO-2025-03035,2025-12-25,2025-12,North America,Canada,Ava Thompson,Security Suite,Software,5,644.0,3220.0,550.0,2670.0
SO-2025-05304,2025-12-25,2025-12,North America,United States,Ava Thompson,Wireless Mouse,Accessories,3,52.0,156.0,72.0,84.0
SO-2025-00084,2025-12-25,2025-12,Europe,Spain,Oliver Smith,USB-C Dock,Accessories,6,149.4,896.4,528.0,368.4
SO-2025-02241,2025-12-25,2025-12,LATAM,Chile,Diego Fernandez,Wireless Mouse,Accessories,6,53.3,319.8,144.0,175.8
SO-2025-01331,2025-12-25,2025-12,Europe,France,Emma Laurent,Security Suite,Software,7,693.0,4851.0,770.0,4081.0
SO-2025-00960,2025-12-25,2025-12,LATAM,Chile,Diego Fernandez,Noise-Cancel Headset,Accessories,8,237.6,1900.8,944.0,956.8
SO-2025-02160,2025-12-25,2025-12,North America,United States,Liam Chen,UltraWide Monitor 34,Hardware,2,514.6,1029.2,820.0,209.2
SO-2025-00775,2025-12-25,2025-12,North America,Mexico,Ava Thompson,USB-C Dock,Accessories,10,176.4,1764.0,880.0,884.0
SO-2025-03668,2025-12-25,2025-12,North America,United States,Liam Chen,Wireless Mouse,Accessories,10,55.25,552.5,240.0,312.5
SO-2025-02039,2025-12-26,2025-12,North America,Canada,Liam Chen,Laptop Air 13,Hardware,3,924.0,2772.0,2100.0,672.0
SO-2025-02791,2025-12-26,2025-12,Europe,United Kingdom,Noah Muller,CRM Suite (annual),Software,9,756.0,6804.0,1260.0,5544.0
SO-2025-02773,2025-12-26,2025-12,APAC,Singapore,Haruto Sato,Mechanical Keyboard,Accessories,7,126.1,882.7,434.0,448.7
SO-2025-05686,2025-12-26,2025-12,Europe,Germany,Noah Muller,Laptop Air 13,Hardware,1,903.0,903.0,700.0,203.0
SO-2025-03063,2025-12-26,2025-12,North America,Mexico,Ava Thompson,Laptop Air 13,Hardware,2,924.0,1848.0,1400.0,448.0
SO-2025-05364,2025-12-26,2025-12,LATAM,Argentina,Diego Fernandez,Laptop Pro 15,Hardware,3,1435.5,4306.5,2940.0,1366.5
SO-2025-03100,2025-12-26,2025-12,Europe,United Kingdom,Noah Muller,Mechanical Keyboard,Accessories,5,115.7,578.5,310.0,268.5
SO-2025-04233,2025-12-26,2025-12,APAC,India,Haruto Sato,Mechanical Keyboard,Accessories,1,127.4,127.4,62.0,65.4
SO-2025-05554,2025-12-26,2025-12,Europe,Spain,Noah Muller,Laptop Pro 15,Hardware,1,1305.0,1305.0,980.0,325.0
SO-2025-03212,2025-12-26,2025-12,Europe,United Kingdom,Oliver Smith,Analytics Add-on,Software,24,441.0,10584.0,1680.0,8904.0
SO-2025-02514,2025-12-26,2025-12,North America,Mexico,Liam Chen,CRM Suite (annual),Software,22,837.0,18414.0,3080.0,15334.0
SO-2025-03629,2025-12-26,2025-12,Europe,France,Oliver Smith,UltraWide Monitor 34,Hardware,4,514.6,2058.4,1640.0,418.4
SO-2025-01916,2025-12-26,2025-12,LATAM,Brazil,Diego Fernandez,CRM Suite (annual),Software,22,756.0,16632.0,3080.0,13552.0
SO-2025-01758,2025-12-26,2025-12,North America,Canada,Liam Chen,Mechanical Keyboard,Accessories,6,120.9,725.4,372.0,353.4
SO-2025-02383,2025-12-26,2025-12,North America,Canada,Sofia Ramirez,Laptop Air 13,Hardware,4,913.5,3654.0,2800.0,854.0
SO-2025-00059,2025-12-26,2025-12,APAC,Japan,Priya Nair,USB-C Dock,Accessories,10,167.4,1674.0,880.0,794.0
SO-2025-03546,2025-12-26,2025-12,North America,United States,Sofia Ramirez,Wireless Mouse,Accessories,8,63.7,509.6,192.0,317.6
SO-2025-00047,2025-12-26,2025-12,North America,Canada,Ava Thompson,Laptop Air 13,Hardware,3,882.0,2646.0,2100.0,546.0
SO-2025-03666,2025-12-26,2025-12,North America,Mexico,Liam Chen,Mechanical Keyboard,Accessories,6,105.3,631.8,372.0,259.8
SO-2025-02070,2025-12-26,2025-12,LATAM,Brazil,Mateo Silva,Laptop Air 13,Hardware,3,1018.5,3055.5,2100.0,955.5
SO-2025-02277,2025-12-26,2025-12,Europe,France,Oliver Smith,Wireless Mouse,Accessories,1,63.05,63.05,24.0,39.05
SO-2025-02049,2025-12-26,2025-12,APAC,India,Priya Nair,Laptop Air 13,Hardware,3,892.5,2677.5,2100.0,577.5
SO-2025-04432,2025-12-26,2025-12,APAC,Japan,Priya Nair,USB-C Dock,Accessories,3,162.0,486.0,264.0,222.0
SO-2025-02901,2025-12-27,2025-12,Europe,France,Noah Muller,Mechanical Keyboard,Accessories,4,111.8,447.2,248.0,199.2
SO-2025-00725,2025-12-27,2025-12,North America,Canada,Sofia Ramirez,Laptop Pro 15,Hardware,4,1406.5,5626.0,3920.0,1706.0
SO-2025-01056,2025-12-27,2025-12,Europe,United Kingdom,Emma Laurent,Security Suite,Software,13,581.0,7553.0,1430.0,6123.0
SO-2025-03073,2025-12-27,2025-12,North America,Canada,Liam Chen,USB-C Dock,Accessories,1,176.4,176.4,88.0,88.4
SO-2025-00477,2025-12-27,2025-12,North America,Mexico,Sofia Ramirez,UltraWide Monitor 34,Hardware,4,508.4,2033.6,1640.0,393.6
SO-2025-03452,2025-12-27,2025-12,North America,United States,Sofia Ramirez,Mechanical Keyboard,Accessories,6,124.8,748.8,372.0,376.8
SO-2025-05553,2025-12-27,2025-12,North America,Mexico,Sofia Ramirez,Wireless Mouse,Accessories,6,64.35,386.1,144.0,242.1
SO-2025-03659,2025-12-27,2025-12,Europe,France,Noah Muller,USB-C Dock,Accessories,4,163.8,655.2,352.0,303.2
SO-2025-04013,2025-12-27,2025-12,North America,Canada,Liam Chen,Laptop Pro 15,Hardware,2,1203.5,2407.0,1960.0,447.0
SO-2025-04283,2025-12-27,2025-12,APAC,Australia,Chloe Wong,UltraWide Monitor 34,Hardware,2,539.4,1078.8,820.0,258.8
SO-2025-02815,2025-12-27,2025-12,North America,Canada,Liam Chen,Analytics Add-on,Software,5,432.0,2160.0,350.0,1810.0
SO-2025-04733,2025-12-27,2025-12,North America,United States,Ava Thompson,USB-C Dock,Accessories,8,176.4,1411.2,704.0,707.2
SO-2025-02008,2025-12-27,2025-12,North America,Mexico,Liam Chen,Wireless Mouse,Accessories,5,60.45,302.25,120.0,182.25
SO-2025-02650,2025-12-27,2025-12,LATAM,Chile,Diego Fernandez,CRM Suite (annual),Software,11,756.0,8316.0,1540.0,6776.0
SO-2025-01407,2025-12-27,2025-12,North America,Mexico,Ava Thompson,CRM Suite (annual),Software,25,882.0,22050.0,3500.0,18550.0
SO-2025-01062,2025-12-28,2025-12,North America,Mexico,Sofia Ramirez,Analytics Add-on,Software,7,373.5,2614.5,490.0,2124.5
SO-2025-04598,2025-12-28,2025-12,APAC,India,Priya Nair,Analytics Add-on,Software,15,396.0,5940.0,1050.0,4890.0
SO-2025-04067,2025-12-28,2025-12,North America,Mexico,Sofia Ramirez,Wireless Mouse,Accessories,1,54.6,54.6,24.0,30.6
SO-2025-05096,2025-12-28,2025-12,North America,United States,Ava Thompson,Noise-Cancel Headset,Accessories,3,216.0,648.0,354.0,294.0
SO-2025-03983,2025-12-28,2025-12,North America,Canada,Liam Chen,USB-C Dock,Accessories,5,158.4,792.0,440.0,352.0
SO-2025-04261,2025-12-28,2025-12,LATAM,Argentina,Camila Rojas,Laptop Pro 15,Hardware,3,1218.0,3654.0,2940.0,714.0
SO-2025-01169,2025-12-28,2025-12,Europe,United Kingdom,Oliver Smith,Laptop Air 13,Hardware,3,1029.0,3087.0,2100.0,987.0
SO-2025-04157,2025-12-28,2025-12,APAC,India,Priya Nair,Security Suite,Software,9,616.0,5544.0,990.0,4554.0
SO-2025-03667,2025-12-28,2025-12,Europe,Spain,Emma Laurent,Security Suite,Software,21,602.0,12642.0,2310.0,10332.0
SO-2025-00227,2025-12-28,2025-12,North America,Mexico,Sofia Ramirez,Noise-Cancel Headset,Accessories,6,216.0,1296.0,708.0,588.0
SO-2025-02090,2025-12-28,2025-12,APAC,Australia,Priya Nair,Laptop Pro 15,Hardware,3,1276.0,3828.0,2940.0,888.0
SO-2025-01833,2025-12-28,2025-12,Europe,United Kingdom,Noah Muller,UltraWide Monitor 34,Hardware,2,539.4,1078.8,820.0,258.8
SO-2025-02802,2025-12-28,2025-12,LATAM,Argentina,Mateo Silva,Laptop Air 13,Hardware,3,1029.0,3087.0,2100.0,987.0
SO-2025-03800,2025-12-28,2025-12,Europe,United Kingdom,Emma Laurent,Wireless Mouse,Accessories,3,63.05,189.15,72.0,117.15
SO-2025-00686,2025-12-28,2025-12,APAC,India,Haruto Sato,Mechanical Keyboard,Accessories,2,122.2,244.4,124.0,120.4
SO-2025-00471,2025-12-28,2025-12,North America,Canada,Ava Thompson,Wireless Mouse,Accessories,9,54.6,491.4,216.0,275.4
SO-2025-00016,2025-12-28,2025-12,LATAM,Chile,Diego Fernandez,Laptop Air 13,Hardware,3,892.5,2677.5,2100.0,577.5
SO-2025-00366,2025-12-28,2025-12,Europe,Germany,Noah Muller,Laptop Air 13,Hardware,3,871.5,2614.5,2100.0,514.5
SO-2025-04472,2025-12-28,2025-12,Europe,France,Emma Laurent,Laptop Pro 15,Hardware,4,1392.0,5568.0,3920.0,1648.0
SO-2025-04127,2025-12-28,2025-12,Europe,France,Oliver Smith,Laptop Pro 15,Hardware,4,1276.0,5104.0,3920.0,1184.0
SO-2025-00020,2025-12-29,2025-12,LATAM,Argentina,Mateo Silva,Laptop Pro 15,Hardware,1,1421.0,1421.0,980.0,441.0
SO-2025-02117,2025-12-29,2025-12,North America,Canada,Ava Thompson,Noise-Cancel Headset,Accessories,2,201.6,403.2,236.0,167.2
SO-2025-00317,2025-12-29,2025-12,Europe,United Kingdom,Noah Muller,UltraWide Monitor 34,Hardware,4,589.0,2356.0,1640.0,716.0
SO-2025-00289,2025-12-29,2025-12,North America,United States,Ava Thompson,Laptop Air 13,Hardware,1,955.5,955.5,700.0,255.5
SO-2025-00065,2025-12-29,2025-12,Europe,Spain,Oliver Smith,Wireless Mouse,Accessories,3,55.25,165.75,72.0,93.75
SO-2025-00973,2025-12-29,2025-12,APAC,Australia,Priya Nair,Noise-Cancel Headset,Accessories,6,216.0,1296.0,708.0,588.0
SO-2025-03510,2025-12-29,2025-12,Europe,Germany,Noah Muller,Analytics Add-on,Software,21,414.0,8694.0,1470.0,7224.0
SO-2025-01043,2025-12-29,2025-12,North America,United States,Ava Thompson,CRM Suite (annual),Software,19,855.0,16245.0,2660.0,13585.0
SO-2025-01880,2025-12-29,2025-12,North America,Canada,Liam Chen,USB-C Dock,Accessories,10,151.2,1512.0,880.0,632.0
SO-2025-05172,2025-12-29,2025-12,LATAM,Brazil,Mateo Silva,UltraWide Monitor 34,Hardware,1,613.8,613.8,410.0,203.8
SO-2025-04124,2025-12-29,2025-12,Europe,United Kingdom,Oliver Smith,Noise-Cancel Headset,Accessories,7,228.0,1596.0,826.0,770.0
SO-2025-03711,2025-12-29,2025-12,LATAM,Chile,Mateo Silva,CRM Suite (annual),Software,5,738.0,3690.0,700.0,2990.0
SO-2025-05485,2025-12-29,2025-12,North America,Canada,Sofia Ramirez,Security Suite,Software,12,630.0,7560.0,1320.0,6240.0
SO-2025-02357,2025-12-29,2025-12,North America,Mexico,Ava Thompson,Laptop Air 13,Hardware,1,955.5,955.5,700.0,255.5
SO-2025-02476,2025-12-29,2025-12,North America,Mexico,Sofia Ramirez,Laptop Air 13,Hardware,3,850.5,2551.5,2100.0,451.5
SO-2025-01514,2025-12-29,2025-12,LATAM,Brazil,Camila Rojas,USB-C Dock,Accessories,10,147.6,1476.0,880.0,596.0
SO-2025-01463,2025-12-29,2025-12,Europe,Germany,Emma Laurent,CRM Suite (annual),Software,4,891.0,3564.0,560.0,3004.0
SO-2025-04399,2025-12-29,2025-12,Europe,Spain,Emma Laurent,Noise-Cancel Headset,Accessories,2,220.8,441.6,236.0,205.6
SO-2025-01413,2025-12-29,2025-12,Europe,Spain,Oliver Smith,Laptop Air 13,Hardware,3,861.0,2583.0,2100.0,483.0
SO-2025-05934,2025-12-29,2025-12,Europe,Spain,Noah Muller,USB-C Dock,Accessories,2,147.6,295.2,176.0,119.2
SO-2025-04487,2025-12-29,2025-12,Europe,Spain,Emma Laurent,Laptop Air 13,Hardware,2,882.0,1764.0,1400.0,364.0
SO-2025-03298,2025-12-29,2025-12,APAC,Australia,Priya Nair,CRM Suite (annual),Software,19,864.0,16416.0,2660.0,13756.0
SO-2025-01071,2025-12-30,2025-12,North America,Canada,Sofia Ramirez,Laptop Pro 15,Hardware,2,1435.5,2871.0,1960.0,911.0
SO-2025-01480,2025-12-30,2025-12,North America,Mexico,Ava Thompson,CRM Suite (annual),Software,11,765.0,8415.0,1540.0,6875.0
SO-2025-04232,2025-12-30,2025-12,Europe,United Kingdom,Oliver Smith,UltraWide Monitor 34,Hardware,1,545.6,545.6,410.0,135.6
SO-2025-05029,2025-12-30,2025-12,North America,Canada,Liam Chen,Security Suite,Software,16,574.0,9184.0,1760.0,7424.0
SO-2025-01796,2025-12-30,2025-12,Europe,United Kingdom,Oliver Smith,Laptop Air 13,Hardware,3,861.0,2583.0,2100.0,483.0
SO-2025-01238,2025-12-30,2025-12,Europe,Spain,Noah Muller,Mechanical Keyboard,Accessories,10,118.3,1183.0,620.0,563.0
SO-2025-00962,2025-12-30,2025-12,Europe,Spain,Emma Laurent,Security Suite,Software,18,630.0,11340.0,1980.0,9360.0
SO-2025-01252,2025-12-30,2025-12,North America,United States,Sofia Ramirez,Laptop Air 13,Hardware,1,966.0,966.0,700.0,266.0
SO-2025-04910,2025-12-30,2025-12,APAC,Australia,Chloe Wong,UltraWide Monitor 34,Hardware,3,601.4,1804.2,1230.0,574.2
SO-2025-05588,2025-12-30,2025-12,North America,Mexico,Sofia Ramirez,USB-C Dock,Accessories,4,147.6,590.4,352.0,238.4
SO-2025-02825,2025-12-30,2025-12,North America,Mexico,Liam Chen,Mechanical Keyboard,Accessories,5,130.0,650.0,310.0,340.0
SO-2025-03877,2025-12-30,2025-12,North America,Canada,Ava Thompson,Laptop Pro 15,Hardware,2,1218.0,2436.0,1960.0,476.0
SO-2025-05695,2025-12-30,2025-12,APAC,Singapore,Haruto Sato,Analytics Add-on,Software,5,405.0,2025.0,350.0,1675.0
SO-2025-03857,2025-12-30,2025-12,Europe,United Kingdom,Oliver Smith,Security Suite,Software,11,623.0,6853.0,1210.0,5643.0
SO-2025-03686,2025-12-30,2025-12,Europe,France,Oliver Smith,Laptop Air 13,Hardware,1,945.0,945.0,700.0,245.0
SO-2025-01495,2025-12-30,2025-12,Europe,United Kingdom,Oliver Smith,UltraWide Monitor 34,Hardware,3,558.0,1674.0,1230.0,444.0
SO-2025-01667,2025-12-30,2025-12,North America,Mexico,Sofia Ramirez,Security Suite,Software,24,672.0,16128.0,2640.0,13488.0
SO-2025-01123,2025-12-30,2025-12,Europe,United Kingdom,Emma Laurent,Laptop Pro 15,Hardware,1,1305.0,1305.0,980.0,325.0
SO-2025-04109,2025-12-30,2025-12,North America,United States,Sofia Ramirez,Laptop Pro 15,Hardware,2,1247.0,2494.0,1960.0,534.0
SO-2025-03322,2025-12-30,2025-12,APAC,Australia,Priya Nair,Wireless Mouse,Accessories,9,60.45,544.05,216.0,328.05
SO-2025-04090,2025-12-30,2025-12,APAC,Singapore,Priya Nair,Laptop Air 13,Hardware,4,997.5,3990.0,2800.0,1190.0
SO-2025-01648,2025-12-30,2025-12,North America,United States,Liam Chen,Laptop Pro 15,Hardware,1,1392.0,1392.0,980.0,412.0
SO-2025-05442,2025-12-30,2025-12,Europe,Spain,Noah Muller,USB-C Dock,Accessories,7,169.2,1184.4,616.0,568.4
SO-2025-03858,2025-12-30,2025-12,North America,Mexico,Sofia Ramirez,Noise-Cancel Headset,Accessories,9,201.6,1814.4,1062.0,752.4
SO-2025-01157,2025-12-30,2025-12,North America,Mexico,Ava Thompson,Laptop Air 13,Hardware,4,850.5,3402.0,2800.0,602.0
SO-2025-00294,2025-12-31,2025-12,Europe,Spain,Oliver Smith,Mechanical Keyboard,Accessories,7,119.6,837.2,434.0,403.2
SO-2025-03411,2025-12-31,2025-12,North America,United States,Ava Thompson,Wireless Mouse,Accessories,3,55.9,167.7,72.0,95.7
SO-2025-03344,2025-12-31,2025-12,Europe,Germany,Noah Muller,CRM Suite (annual),Software,17,792.0,13464.0,2380.0,11084.0
SO-2025-01884,2025-12-31,2025-12,APAC,Japan,Priya Nair,Wireless Mouse,Accessories,4,54.6,218.4,96.0,122.4
SO-2025-00434,2025-12-31,2025-12,Europe,Germany,Oliver Smith,Mechanical Keyboard,Accessories,10,124.8,1248.0,620.0,628.0
SO-2025-02546,2025-12-31,2025-12,APAC,Australia,Haruto Sato,Laptop Pro 15,Hardware,3,1203.5,3610.5,2940.0,670.5
SO-2025-02857,2025-12-31,2025-12,Europe,France,Noah Muller,Wireless Mouse,Accessories,7,59.15,414.05,168.0,246.05
SO-2025-05991,2025-12-31,2025-12,North America,Mexico,Sofia Ramirez,USB-C Dock,Accessories,6,163.8,982.8,528.0,454.8
SO-2025-02899,2025-12-31,2025-12,North America,Canada,Ava Thompson,CRM Suite (annual),Software,14,738.0,10332.0,1960.0,8372.0
SO-2025-01388,2025-12-31,2025-12,APAC,Singapore,Chloe Wong,Laptop Air 13,Hardware,2,924.0,1848.0,1400.0,448.0
SO-2025-03256,2025-12-31,2025-12,APAC,India,Haruto Sato,Security Suite,Software,24,588.0,14112.0,2640.0,11472.0
SO-2025-02371,2025-12-31,2025-12,APAC,Australia,Priya Nair,USB-C Dock,Accessories,9,154.8,1393.2,792.0,601.2
SO-2025-04486,2025-12-31,2025-12,LATAM,Argentina,Diego Fernandez,Laptop Pro 15,Hardware,2,1203.5,2407.0,1960.0,447.0
SO-2025-01602,2025-12-31,2025-12,Europe,Germany,Noah Muller,Noise-Cancel Headset,Accessories,1,194.4,194.4,118.0,76.4
SO-2025-02309,2025-12-31,2025-12,Europe,Spain,Oliver Smith,Laptop Air 13,Hardware,1,924.0,924.0,700.0,224.0
SO-2025-05514,2025-12-31,2025-12,North America,United States,Ava Thompson,Laptop Pro 15,Hardware,1,1247.0,1247.0,980.0,267.0
SO-2025-04496,2025-12-31,2025-12,North America,United States,Ava Thompson,Analytics Add-on,Software,13,369.0,4797.0,910.0,3887.0
SO-2025-04682,2025-12-31,2025-12,APAC,India,Haruto Sato,UltraWide Monitor 34,Hardware,4,564.2,2256.8,1640.0,616.8
SO-2025-01572,2025-12-31,2025-12,Europe,France,Oliver Smith,Laptop Air 13,Hardware,4,934.5,3738.0,2800.0,938.0
SO-2025-01794,2025-12-31,2025-12,Europe,Spain,Emma Laurent,Security Suite,Software,22,623.0,13706.0,2420.0,11286.0
SO-2025-01575,2025-12-31,2025-12,North America,Canada,Ava Thompson,Security Suite,Software,1,672.0,672.0,110.0,562.0
SO-2025-01156,2025-12-31,2025-12,Europe,France,Emma Laurent,Wireless Mouse,Accessories,10,64.35,643.5,240.0,403.5
SO-2025-01372,2025-12-31,2025-12,Europe,Spain,Emma Laurent,Noise-Cancel Headset,Accessories,9,223.2,2008.8,1062.0,946.8
SO-2025-04026,2025-12-31,2025-12,Europe,United Kingdom,Noah Muller,Laptop Air 13,Hardware,3,945.0,2835.0,2100.0,735.0
